ID	tweet	label
or_test_00001	Obbo shimallis ummanni keenya kan Wolloo dhumaa jira jiilleetti woraanni Liyyuuhaylii itti dhukaasaa jedhan  Birmadhuuf birmadhuuf birmadhuufi	neutral
or_test_00002	Kanuma dubbiinGuyyaatti YouTube altokkollee taatu kan hin seenin oolu hin jiru Inumaa amma kan ormaa irra cuqaasnee jajjabeessinu kan keenya guyyuun YouTube isaanii irraa cuqaasuun jajjabeessuun dirqama lammummaa nurra jirudha Kun waan amantaan Walqabaullee miti	negative
or_test_00003	Kan Ofbeekukan waan isaa Beekudabree waan Alagaa Beekutu Mirga ifiitiif Wareegama	positive
or_test_00004	Gafa Abyii aangoo qabatee jalqabee deemsii isaa faallaa qabsoo Oromoo tauu isaa dursee kan xinxalee Oromoo dammaqsaa kan ture DrTsgayee dhaYeroos Jawwar Abyii wajjiin Sirbaa kursii jalattii qabnaaqawwee miti Qabattoo nihikanaf jedhe qabsoo Oromoo bitineessa turee URL	negative
or_test_00005	Sabni keenya akkuma tokkummaan kaee safaricom jilbiifachiise tokkummaan WBO cinaa dhaabbatee bilisummaa isaa mirkaneeffachuudhaan badii irraa ofoolchuu qaba Sooreyyii alagaa kan diina Oromoo taan hunda akkuma safaricom jilbiifachiisuu qaba OromoVoice AidForOromia	positive
or_test_00006	Seena saboota mohate bilisa bahe hunda ilali Oromo Kanbilisa bahan tokummaan kutannon diina sani dura eja dhabbatanif Oromion bara 150 wanti keessa darbe rakkoo akka itit fidu nibeekkama Kana irra darbe tokummaasa cimse mohee bilisa bahu dandahu qaba aka saba guddatti	positive
or_test_00007	Kun Giddu Gala Oromiyaa Naannawa Finfinneetti Oromoo WBO qarqaarun Mirga Qofa Otoo hin taane Dirqama Afaan Qawweetin Cabnee Afaan Qawweetin Bilisoomnaa WBO jabeessaa URL	negative
or_test_00008	Sirni gabroomfataa impaayera Xoobiyaa Oromoo gabroomsu fi ajjeesu malee hin jiraatu Sirni kun Oromoo hidhannoo malee harka duwwaa godheet nurra ture WBOn aadaa Oromoo hiikkachiisuu kana harkatti cabse WBO hidhachiisuudhaan bilisummaa saba Oromootiif gumaachi	negative
or_test_00009	Waggaa tokkoo fi walakkaa darbee keessatti walitti buiinsii Itiyoophiyaa gama kaabaa keessatti gaggeeffame rakkoo dhala namaa qofa otoo hin taanee badii garmalee geesisee jechuunUSAIDf bulchituu kan taan Samaantaa Paawar ibsanii jiru Ethiopia droughtURL	negative
or_test_00010	Cibraan Soddom Booroo Godina Gujii Bahaa Aanaa Liiban Ganda Simmintootti diina Akaawa jiraaKaayomsi Waaqa	negative
or_test_00011	JawarMohammed turtii waggaa lamaatiin booda yeroo duraatiif waan jajjabduu dubbate URL	neutral
or_test_00012	Minilik Oromiyaa gara Xoopiyaatti erga jijjiiree Oromoon dhiigaa fannifamaa qalamaa hidhamaa ariatamaa salpachaa fi beelaaa jira Oromiyaa diina harkaa baafnu malee rakkoon Oromoo ittuma fufa Kanaaf WBO jabeessuun dirqama URL OromoIsStarving	negative
or_test_00013	Minilik Oromiyaa gara Xoopiyaatti erga jijjiiree Oromoon dhiigaa fannifamaa qalamaa hidhamaa ariatamaa salpachaa fi beelaaa jira Oromiyaa diina harkaa baafnu malee rakkoon Oromoo ittuma fufa Kanaaf WBO jabeessuun dirqama URL OromoIsStarving	negative
or_test_00014	Sabni humna ittisaa hin qabne weerara diinaa ofirraa qolachuu hin dandau Weeraraa fi waraanaa diinaa Oromoo irraa qolachuuf WBO jabeessuun dirqama Beekkomsa maallaqaa fi dandeettii keessan hundaan WBO bira dhaabbadhaa WBO jabeessaa OromoVoice StopOromoGenocide	negative
or_test_00015	Allaattiin kun maaliif dhagaa caccabaa soorata  URL URL	neutral
or_test_00016	Sirni nafxanyaa Oromummaa baleessee biyya abbaa keenya dhuunfachuuf afaan Oromoo aadaa fi seenaa Oromoo balleessuudhaani Sirni kun waggoota arfan dabran Abiyin hoogganamee badii guddaa Oromoorra geesseera Safaricom kanuma hojirra oolchaa jira Dinne OromoVoice AidForOromia	negative
or_test_00017	Sooreyyiin alagaa Oromiyaa saamanii qabeenyuma Oromootiin Oromoo ajjeessanajjeesiisan Sabni Oromoo akkuma safaricom sagalee tokkoon adabe sooreyyii alagaa kan Oromoo diinomfatan hunda jilbiiffachiisuun Oromummaa fi Oromiyaa kabajchiisuu qaba OromoVoice AidForOromia	negative
or_test_00018	Oromon waliif birmate ganfa Afrika qallabu dandaha Hatau male amma ofiifu beelae harka nama aka ilaalu ijoolensaa aka dhumtu taa jira Kunimo motummaa Abiy seenannis seeranis issa gafachisa HungerInOromia	negative
or_test_00019	Oromoon Tokko Waliin gabroome tokkummaan qabsaayee bilisa baha WBO cinaa dhaabbachuun mallattoo tokkummaa fi dirqama Oromummaati IUOF OromoLiberationArmy WeStandWithOLA	neutral
or_test_00020	Lolli Fantaallee irraati baname Hara Guyyaa 6eessoo qabateralolichi itti FuferaaHumni Diina Ammaa dabalatan minjaar irraa feamuutti jira Uummanni krenya duguugamaa jira	negative
or_test_00021	Qurxumicha fi galaanicha akkasitti gaafa argitu caalaa maaltu diina bobeessaLIKE SHARE godha ibidda itti shidaa URL	negative
or_test_00022	Ummanni Oromoo WBO gargaaruu qofa otoo hin taane akka dhalanamaatti kabajamuuf lafa jiraatu maratti ofumasaa WBO tauun dirqama filannoo hin qabneedha Yaa Oromoo kai Hidhadhu Walhidhachiisi WBO tai IUOF OromoVoice OromoIsStarving	negative
or_test_00023	Wallaggi alagaa qubsiisee keessummeessee nyaachiseeobaasee galata dhabee iti duulamaa jira Harka Oromoorraa nyaatanii Oromoo ciniinaati jiru Qorichi isaa biyya abbaa keenyaa bilisoomsuu qofa Kana mirkaneessuuf WBO cinaa haa dhaabbanu IUOF OromoVoice OromoIsStarving	neutral
or_test_00024	Nama duee duaa kae rabbi qofaa kkkkkkkkkkkk safuu	negative
or_test_00025	Afaanichi itti jiru dachaadhaan kan olkaasu tahuu hubannee Hiikkaa Feesbuukii Afaan Oromootti cimuun barbaachisaa qofa osoo hin taane dirqama dhalootaa akka tahetti hubannee itti mudduu qabnaShare godhaa waliif dabarsaa URL hordofaa	negative
or_test_00026	Beelli amma Oromon itti dhuma jiru motummaa nama nyaata kanaan tae jedhame kan irrati hojetamedha Qotee bulaa ajeesun manasaa gubuun masaasa manchaasun lafasaa irra buqisun beela fiduf yoo hintaane maalifiree Oromoo dammaaqi HungerInOromia	negative
or_test_00027	Wonti godhamu qabuu hundii godhamuu qabaa yeroo ittii kennu hin barbachisu isaa seraa cabse seeran gaafachuu olaantummaa seera kabachiisun dirqama	neutral
or_test_00028	Sodaa Injifatamuu hin qabnuSodaan Keenyaa lolichi dheeratee Impaayerittiin tarree Sooriyaa fi Libiyaa akka hin dhaabbannedhaYeroon dararaa saba keenyarraa akka hin bubbulledhaSoorettii Caalaa	neutral
or_test_00029	Yaa Oromoo Sabni xiiqqaan Tigray akkamitti diina isaa moohate jedhii yaadi Icittiin jiru tokkummaan bilisummaa isaaniif hiriiruu qofa dha Oromoon saba guddaa Afrikaa taee osoo jiruu sabni bicuu fi yartuun maaliif isa bitti  WBO garaagaraa OromoVoice StopOromoGenocide	positive
or_test_00030	WBOn mirga hiree murteeffannaa saba Oromoo mirkaneessuuf mootummaa shororkeessaa Itoophiyaa waliin falmata malee sabaafsablammoota waliin diina miti Sabaafsablammoota mirga ofii kabajchisuuf falmatanillee ni deeggara WBO jabeessaa OromoVoice InvestigateAbiy	negative
or_test_00031	Sabni diina ofirraa hinqolanne baduu dandaa Diinonni keenya waggaa 150 ol ofii hidhatanii Oromoo harka duwwaa hanbisaniiruu Oromoonllee seenaa irraa baratee diina isa balleessuuf hidhatee dhufe hidhannoodhaan ofirraa qolachuun mirga isaati OromoVoice AbiyMustGo	neutral
or_test_00032	Fuuldurri kan warra bareedina abjuu isaaniitti amananiiti Eleenor Ruuzvelt jedhamtu	neutral
or_test_00033	Sabni gabrummaa jala jiru beelaa fi lolaaf saaxilamuun isaa waanuma hin oolle Beelaa fi lola Oromoo irratti adeemaa jiru xumura ittigodhuu kan dandaamu Oromiyaa walaboomsuu fi bilisummaa saba Oromoo mirkaneessuu qofaani WBO cinaa dhaabbadhaa OromoVoice AidForOromia	neutral
or_test_00034	Mootummaan balleesse badaa  fi  sirna duaa fi boodatti hafa wagga dhibba farsuun ajjeechaa sukaneessa ummata Oromo irratti rawwaacha jiruf hundeen buqqauu fi fuldurattis saroota akkasii ofi keessaa basuun dirqamaHumanRightsForOromo OromoVoice	negative
or_test_00035	Sabni keenya akkuma tokkummaan kaee safaricom jilbiifachiise tokkummaan WBO cinaa dhaabbatee bilisummaa isaa mirkaneeffachuudhaan badii irraa ofoolchuu qaba Sooreyyii alagaa kan diina Oromoo taan hunda akkuma safaricom jilbiifachiisuu qaba OromoVoice AidForOromia	negative
or_test_00036	Warri dur duriis harras boris Oromiyaan biyya waan jettaniif lafeen keessan cabee dhigni keessanis dhangalae Diddani diduu nu barsiiftan Yeroon kan bareessulle wareegama kan jirtan ilmaan Oromoo qaqqalii Bilisa nu baasuf jecha kan nurraa taatan aarsa  GALATOOMAA URL	positive
or_test_00037	Kan nagaa barbaadu humna horata Oromoonis nageenya yoo barbaadde WBO jabeessi Kutaa hundatti ganda hundatti miliyoonaan ijaari Saba hangafa gaanfa Afrika taee bicuu fi yartuun bitamuu hin qabu Oromoo kai WBO faana qabsaawi IUOF OromoVoice OromoIsStarving	neutral
or_test_00038	Ergamtuu Sirna nafxanyaaf teessoo tiksuuf jette joortuu fi ergamtuun saba Oromoo keessatti dhalatte akka baala arbuutti aarcaaa jirti Yaa ilma OromooQarshii 1200 1700 jette maaliif dua seenaan sin beekne duuta Eenyuuf jette dhumta eega Muu	negative
or_test_00039	Watch Caffee Rammiis Dr hangaasa Ahmed Ibraahim siidaa  nan dhaba jedhe Dhageefadha on YouTube URL	positive
or_test_00040	Mana taaanii dua eeggachuun hafeera ati inni mana teessee Guyyaa Duaa kee eeggattu maal abdattee Akka teessu naaf hin galu otuu falmatanii bilisoomuun jiruu mana taaanii duuun fafa URL	positive
or_test_00041	Yaa Oromoo WBOn ilmaan kee kan mirga keetiif jecha lubbuu qaalii siif kenne dha Ijoollee garaa duwwaa siif joortu dha Gootota dhagaa boraafatee siif qabsaawudha WBO kee cinaa dhaabbadhu Maqaa Shanee jedhuun kan nama fixu mootummaa Abiy dha OromoVoice InvestigateAbiy	neutral
or_test_00042	Sabni gabrummaa jala jiru beelaa fi lolaaf saaxilamuun isaa waanuma hin oolle Beelaa fi lola Oromoo irratti adeemaa jiru xumura ittigodhuu kan dandaamu Oromiyaa walaboomsuu fi bilisummaa saba Oromoo mirkaneessuu qofaani WBO cinaa dhaabbadhaa OromoVoice AidForOromi	positive
or_test_00043	Osso beeknu huubaa waliin nyaane jette sareen jedha Oromoon Osso beeknu diina hayyoota fi gootota keenyaa fixee waliin deema jirra dhaloota seena jala hin baane taane         URL	positive
or_test_00044	Dhimma Biyyaa Taaanii Daawwachuu fi Harka Dhahuun Hin BarbaachissuDhimma Biyyaa Hunduu Bakka Ofii Jiruu Dirqama Lammummaa Gahee ofii Bahachuu Qaba	neutral
or_test_00045	Gurbaa dimaa jaallatamaQalluu namaa kabajamaaLeellisaa sabbonummaaFakkeenya gootummaaAbokadoo oromummaa Bullo itichchaa tokummaaFarra hattumma fi gantummaaHin qabdu hinaffa fi gandummaaRabbiitu siif kene muudamaHorii buli QALII namaaOromoVoice Oromo ABO WBO OLA URL	positive
or_test_00046	Abban Koo Narra fagatuus naan gadda Art haacaaluu hundessaa boonsaa dhabuu Kootif  Abdi booruu dhaaloota qubee senaa LaMMI oromoo URL	negative
or_test_00047	Sabni humna ittisaa hin qabne weerara diinaa ofirraa qolachuu hin dandau Weeraraa fi waraanaa diinaa Oromoo irraa qolachuuf WBO jabeessuun dirqama Beekkomsa maallaqaa fi dandeettii keessan hundaan WBO bira dhaabbadhaa WBO jabeessaa OromoVoice StopOromoGenocide	negative
or_test_00048	Fira qabsoo fi farra qabsoo Oromoo akkasumas amaloota of fakkeessitoota beekun qaama furmata qabsoo Oromoodha	negative
or_test_00049	Abba Malkaa  Isin hin irraanfannu Isin ofii bobaatanii  Facebook URL	positive
or_test_00050	Maaltu akka jirru beektani abiyi fi jawar lama faa garee isaani kanarraati gareen woyii qumara siyaasa taphatani jirru amma kan jirru wonti hedduu bade jirra sirridha kottaa ararama jennani isin maal jettu	neutral
or_test_00051	Amaara ajjeesuu fi Oromiyaa keessaa hariachuun Oromiyaa waan bilisoomsu kan itti fakkaatu sirna nafxanyaas waan hundeen buqqisu kan itti fakkaatu waliin mataan nu dhukkubeSirni nafxanyaa mindset dha	negative
or_test_00052	WBOn tarkaanfii LMKII irratti fudhatu ittifufuu  Dararaa fi saamichi  URL via	negative
or_test_00053	Ethiopia sirna Minilik narratti deebisuuf deemtuu xumuramu qabdi Is it in the prosperitypp regime oris it in the Minilik regimeEthiopia should be destroyed by the former cannibal regime that advocates against mebaduu badii malee saree ijaa dhiqanii Itoophiyaan Abiyi tana URL	negative
or_test_00054	Dhugaan haa dubbatuGaraachi dharri gubeBulee kaee si gubaDharri soba dhaltiDhugaa lafa gootaniiMaaf dhara gabbartuuTufaa Dhugaatu GingilchaURL	positive
or_test_00055	Oromoo WBOn ilmaan keeti WBOn kan daggalu jiru horiif ykn qanaaniif miti Bilisummaa saba Oromoof jedheetu Tokkummaan WBO jabeessi WBO ciinaa dhaabbadhuutii sirna gabrummaa ofirraa gati Ni dandeessa OromoVoice AidForOromia	positive
or_test_00056	Tokkummaa tokkummaa yaa ilmaan Oromoo tokkummaa jedhe Nuho Gobana Yaa Oromoo ammas tokkummaa kee akka sibiila cimisi Kan sibiilaan si cabsuu barbaadus sibiilaan ofirraa cabsi WBO jabeessi Yoo WBO jabeessuu dhiiste badii caalutti sitti dhufa OromoVoice StopOromoGenocide	neutral
or_test_00057	Gujii shira xaxameen ummata nagayaa gabayaa irraa jiran fixaannami ajjeese ummaata kibbaa burjjiin yootau  nami due 15 kanii madaan hospital seenani nama16 ummaataa nagaa bitaa fi gurgurtaa garaa magaala soyamaa  jedhaamuuti     URL	neutral
or_test_00058	JM Hayyuun OROMOO RABBIIF SABA ISAA ABDATEE BIYYATTI GALE RABBI UMRII ISAA HANGA KANA EEGEE JIRA SABNI INNI ABDATEE BIYYATTI GALE EESSAA Hanga yoomiitti taee ilaalaa	positive
or_test_00059	Ittimuddi leenca Barri yakkamtoota Maafiyaa hin xumurama Maqaa Itoophiyaa jedhuun ilmaan Oromoo duguuggaa sanyiitiin fixuun hin dhaabbata Ergamtoonni Oromoodha ofiin jedhanii muldhata Goobana Daacee haguuggatanii dachee Tuulamaa diina dhaalchisan bakka seenaan hin laalla	negative
or_test_00060	Dua hin badiina Seenaas hin balleessina Dafaa gara W2O tti makamaa URL	negative
or_test_00061	Sabni humna ittisaa hin qabne biyya hin qabaatu Alagaan bitama Gaddaa fi gadadoon dararama Eenyummaan isaa lafarraa haqama Seenaan isaas ni bada Seenaa Finfinnee irraa barachuu qabna Oromiyaa fi Oromoo dandamachiisuuf WBO jabeessuun dirqama OromoVoice StopOromoGenocide	negative
or_test_00062	Oromoo dua manatti dhufte maal goonaaMaaltu nu have kana boodastand with WBOOLA URL	negative
or_test_00063	Sabni keenya akkuma tokkummaan kaee safaricom jilbiifachiise tokkummaan WBO cinaa dhaabbatee bilisummaa isaa mirkaneeffachuudhaan badii irraa ofoolchuu qaba Sooreyyii alagaa kan diina Oromoo taan hunda akkuma safaricom jilbiifachiisuu qaba OromoVoice AidForOromia	neutral
or_test_00064	PrimeLogueMalaammaltummaa Ittisuun Dhiibbaa Alaas Ni FashaleessaPrime  URL via	positive
or_test_00065	Oromuman Midhagumaa Walloo koo ija diina irra hafi URL	positive
or_test_00066	Gubataa Marqaa Hubatatuu Arga akkuma jedhan Faallaa isaa ammoo Bareedinna Gurraachaas Isa beekutu beeka URL	positive
or_test_00067	Oromoo akka bineensaatti ajjeesaa biyyaa ariyaa hiraarsaa mootummaa keeti jedhanii gowwoomsuun hin hojjatu Oromoo dammaqi Ilmaan kee garaashii hidhattee dhagaa boraafattee siif duutu WBO faana dhaabbadhu Hidhadhuu biyya abbaa keetii bilisoomsi OromoVoice OromoIsStarving	negative
or_test_00068	tokko hin duaa tokko hin ajjeesisadhufaa darbaa nuyi numaan cabsakeenya ammallee sanuma saneen isaa maal mallisaa keenya maal mallisaa URL	negative
or_test_00069	Yaadadhaa qabxiilee kana Ilaalcha keessa galchuun Dirqama Link Kana tuqiRead URL	neutral
or_test_00070	Kaayyoon keenya mirga saba Oromoo osoo hin sharafin saba bilisa Oromiyaa walaba mootummaa birmaduu ijaarrachuu dha WBO jabeessinu malee mirgi keenya kun hin kabajamu WBO jabeessaa Dantaa alagaa guutuuf jecha mirga Oromoo hin sharafnu OromoVoice InvestigateAbiy	negative
or_test_00071	Tarsimoo Tapha Siyaasa Beekun DirqamaJedhan Aadde Fariyaa Aliyyii URL	neutral
or_test_00072	Seena saboota mohate bilisa bahe hunda ilali Oromo Kanbilisa bahan tokummaan kutannon diina sani dura eja dhabbatanif Oromion bara 150 wanti keessa darbe rakkoo akka itit fidu nibeekkama Kana irra darbe tokummaasa cimse mohee bilisa bahu dandahu qaba aka saba guddatti	neutral
or_test_00073	Dhumaatin Wallagaa Walloo Gujii Boranaa gidugaleesaa dhumaati Oromo hundati Oromoo ammaa yo walirati dhiste dutiifi hiraarsi kun mana manaketi dhufa Gidiraa adema jiru kana dhaabuf tokummaan kaun dirqama lamuummaafi ilmo namummaati StopWolloMassacre	positive
or_test_00074	Minilik Oromiyaa gara Xoopiyaatti erga jijjiiree Oromoon dhiigaa fannifamaa qalamaa hidhamaa ariatamaa salpachaa fi beelaaa jira Oromiyaa diina harkaa baafnu malee rakkoon Oromoo ittuma fufa Kanaaf WBO jabeessuun dirqama URL OromoIsStarving	negative
or_test_00075	Itti gafatammumma biyya bahu fi naga biyya eegsisun dirqama motummatiKan seeraa hin kabajne fi Qabeenyaa uummata saamuu fi rakkoo uummata tahun sirri mitiDirqama biyya Tokkummaan mirga saba eeguun seera Wali kabajun wayya URL	neutral
or_test_00076	Inni biraa mana masanutin dogongori kanaan dura tae jira garu kanan booda tau garee sanii woliin tanan waan isin eegatu beekaa kana hundarraa dhugaa jirtu lafa kaa nagaan jirachuu yoo fettan maatiti hima wonti beektan waan jiruuf	neutral
or_test_00077	Oromoo sabni humna hin qabne biyya hin qabaatu Yoo biyya qabaates kan humna qabutu irraa saama Saba taee kan biyya hin qabne ni bada Sabni Oromoo badii irraa dandamachuuf biyya isaa dhuunfachuu fi tikachuu qaba OromoVoice StopOromoGenocide	neutral
or_test_00078	Sabni toko malummaan isa yoo bade nibada Finfiinneen fakenya gaari nuf taati Oromoo bilisummaa yo goonfachu baate Finfiinneenumti siliqiimsite sihabashoomisiti Ammas wanti adema jiru kanuma Hamma yomiiti Oromon biyya abbaasarrati alaga kan tau StopHRAbusesAgainstOromo	negative
or_test_00079	Godinna Borana yeroo bulchaan haromsamuu  dhufuu dirqama ummata nagaya tikfaatee bobbafatuu  ajjeesuu aadaa godhatuu kun maalii ajjeessa oromoo gabra kun dedeebiee dhufeera qamnni dhimmii ilaaltuu hundaaf	negative
or_test_00080	Obboleewwan keenya mana hidhaa Saudi  keessati dararamaa jiran akka nuuf hiikamaniif sagalee tahuun dirqama Qaamni nudhagau jiraatu baatus URL	negative
or_test_00081	Minilik Oromiyaa gara Xoopiyaatti erga jijjiiree Oromoon dhiigaa fannifamaa qalamaa hidhamaa ariatamaa salpachaa fi beelaaa jira Oromiyaa diina harkaa baafnu malee rakkoon Oromoo ittuma fufa Kanaaf WBO jabeessuun dirqama URL OromoIsStarving	negative
or_test_00082	Oromoon hund yoo dandeessan WalloottiWalguuraa diina Oromoo achityi maandheeffatee lagachiisee daguuggaa gaggeessaa jiru yeroodhumaaf barbadeessaa Diina faana walcina dhaabbachaas jiraachuun hafuu qaba URL	positive
or_test_00083	Minilik Oromiyaa gara Xoopiyaatti erga jijjiiree Oromoon dhiigaa fannifamaa qalamaa hidhamaa ariatamaa salpachaa fi beelaaa jira Oromiyaa diina harkaa baafnu malee rakkoon Oromoo ittuma fufa Kanaaf WBO jabeessuun dirqama URL OromoIsStarving	negative
or_test_00084	Dhiheenya kana Mootummaan Manguddoota Dhadhaabbata malee deemuu hin dandeenye Farra Riphee lolaa Jechuun Hojii Qonnaa Dhorkuun Uffata Gabaarra Naannoftu ergi itti uffisee booda Gara WBOti Bobbaase ammas Dhumaa Fi Harkaan Qabaa jirtiWBOn Hojiitti jira Ati olola Oofi URL	negative
or_test_00085	Konkolaata kanneen keessaa waraana weerartutu adabame Yaaddoo taane yaaddeessuun gaafa akkas dachee keenyarra diina baarudan macheessine qofa kabajamnaTarkaanfiin WBO Zoonii giddu galaa kan Lixa Shaggar kana fakkata  URL	negative
or_test_00086	Leencichi kun ammaan dura akkas jedhee ture Nuti ammaa booda ajandaa namaa hin fudhannu Ajandaa tolchineetu kenninaaf malee Ammas akkuma jedhetti diina keessoo fi alaaf ajandaa tolchee kennuutti jiraWalabuu Jiloo URL	positive
or_test_00087	Maloo yaa umataa oromoo kayyooJaladhaa malee nama hin jalatinaNamnii nii ganaa nii duaa yomiyyuuKayyottii amanii malee namattii hin amanin URL	negative
or_test_00088	Qawwuma Caccabaan  Diina lafatti naqeNeetWoorkii uggurraan Diroonii kalaqeDhaloonni kun Dirooniin tumamaa Diroonii kalaqa URL	positive
or_test_00089	Woraan Itiyoophiyaa WBOfi TDFni lolu dhiisi ofiifu beelaan dhumaa jira InjSaamuelOMNImala gara Finfinnee fi Bilxiginnaa Inspector Samuel Ermiyaas Waliin URL via	negative
or_test_00090	Seenaa keessatti Oromoo gootuummaan kan mohe hinjiru Diinonni keenya kana waan beekaniif Oromoon Oromoo cabsuuf hedduu tattaafatu Oromoonni waraana Itoophiyaa keessa jirtan shira diinaa kana hubadhaa Saba keessan ajjeesuu dhiisaa WBO gargaaraaOromoVoice StopOromoGenocide	neutral
or_test_00091	WBO zooniin kibbaa diina irraa dhukkee kaasaa jira URL	negative
or_test_00092	Koloneel Gammachuu Ayyaanaa hidhaa yeroo dheeraa booda hiikaman URL	negative
or_test_00093	Waraanni TDF marsaa kanatti bojiamaa ofitti fudhachuu waan barbaadu hin fakkaatu Waraanni Baxaaxinaa duguugamee lakkofsaan himuun nama rakkisa Abiyyi Haala Sukanneessaa taeen maammuloota itti naqee duguugsise	negative
or_test_00094	Ani Marroon waan godhu beekaAti Qeerroon waan gootu beeki Jedhe Jaal Marroon Kan jechuun maal jechuudha Qabsoo Oromoon gama kamiinuu gaggeessu waliif fala malee faallaa mitiidha Qabsoo hidhannoo amma cimee gaggeeffamaa jiru kana Qeerroon ykn Warraaqsi ummataa kan URL	neutral
or_test_00095	Oromoo dhumati Walloorati gageefamu yoo dagaate fiixa eebooke karaa kaabatu dooma akasumaati Oromuummaanis badaa adeemti Goota Oromo Walloo bara 500 ool kophaasa Oromuummaaf dua bahe hindagatin ciina dhabbadhu StopWolloMassacre	neutral
or_test_00096	Yaa Oromoo WBOn ilmaan kee kan mirga keetiif jecha lubbuu qaalii siif kenne dha Ijoollee garaa duwwaa siif joortu dha Gootota dhagaa boraafatee siif qabsaawudha WBO kee cinaa dhaabbadhu Maqaa Shanee jedhuun kan nama fixu mootummaa Ab OromoVoice InvestigateAbiy	negative
or_test_00097	Abbaan  dhuguma Dandaaadha kan nama akka Taayyre kana guddise Dhukkuba Oromootti guddisuu isaaf garuu	negative
or_test_00098	Abiy fi Fiinxaaleyyiin Amaaraa WBO balleessina jechuudhaan saba Oromoo balleessaa jiru Oromoo gubaa jiru Qabeenya isaa saamaa jiru Ilmaan isaa ajjeesaa jiruxzdBadii kana ofirraa dhaabuuf WBO gargaaruu malee falli biraa hin jiru WBO jabeessaa OromoVoice StopOromoGenocide	negative
or_test_00099	MCBNO 5 Biyya olaantummaa heeraafi seeraan bultu uummatni mootummaa isaaf tahu dhiibbaa malee nagaafi bilisaan filatee ittiin buluuf karaa banudha6 Mootummaa uummataa Oromiyaa keessa jiraataniifi naannolee Oromiyaa jiran wajjiin nagaafi jaalalaan waliin akka jiraataniif	neutral
or_test_00100	Waaqni ifaafi jaalala namummaaf qabuu mara siif kennee ati garuu dukkana enyumaa kessa dhokachuu filatte	negative
or_test_00101	Kana arguu caala maaltu diina guba oromoo ammoo gamachiisa URL	positive
or_test_00102	FINCAAA FI GIBEEN SUMAKEESSAA JIRUU DUKKANA BIYYARA IFATTI JIJJIIRUU                      50 ama nii gutamaaf	positive
or_test_00103	Ibidda itti goollee Golee Oromiyaa mara keessaa Diina baafnaJedha WBOn WBOn Haa Waaru URL	negative
or_test_00104	Baankiin Hojii Gamtaa Oromiyaa dogoggora raawwate amanee ummata Oromoo dhiifama gaafachuun walii galticha haquu caalaa ummata mil 60 sobuun ummata dallansiisee jira  Ibsa isaanii marsaa 3ffaatiin maal jedhu laata Eegaa jirra URL	neutral
or_test_00105	Itoophiyaan aarsaa goototni ijoollee ishee baasanii diina keessaaf alaan wal ijaaree ishee weeraruuf dhufe lafee fi dhiiga isaaniin birmadummaa ishee kabachiisanii kabaja gonfachiisan yoommile hin dagattuEthiopiaPrevails NoMore URL	positive
or_test_00106	Rakkoo beela biyyittii oromiyaailaalchisee Umaannii keenyaa ummaannii Oromoo beelaa hammanaa jedhamneen Saxilama jiraGaruu yeroo kanattii waee  magariisaaDubbachuu maalii Xiqqaa guddaan dhiiraafi dubaran ummaata keenyaa haa bararruu	positive
or_test_00107	Yaanuyiijedhee Haceen Yaa Walirratti duuluu keenyaa UggumSafuuAjaaiib	positive
or_test_00108	Sirni nafxanyaa Oromummaa baleessee biyya abbaa keenya dhuunfachuuf afaan Oromoo aadaa fi seenaa Oromoo balleessuudhaani Sirni kun waggoota arfan dabran Abiyin hoogganamee badii guddaa Oromoorra geesseera Safaricom kanuma hojirra oolchaa jira Dinne OromoVoice AidForOromia	negative
or_test_00109	Kottu naaf rarraasi Ayyuu Simalee jedhee dide	neutral
or_test_00110	Yuunivarsiitii Wachaamoo keessatti walitti buiinsa barattoota Oromoo fi Amaaraa irratti poolisoonni federaalaa barattoota Oromoo hedduu rasaasaan rukutanBarataan Abduubaa Tanii Tandhoo rasaasaan mataan isaa dhawamee duaa fi jireenya gidduu jiraKan ajjeefamanis jiran jedhu URL	negative
or_test_00111	Kaleessa galgala haasawa namicha kana dhageeffadhee fixee rafuun dadhaabee Gabaabuumati Ammerikkaan Diina Oromooti Gootooni dire waraana fi hayyuun Oromoo dafee waliigalee qophaauu mallee Oromoon abdii hinqabu   12URL via	negative
or_test_00112	Balaa Hoongetin Ummanni Harargee akka malee Rakkacha jira haa waalif Dirmannu	positive
or_test_00113	ODUU Gootichi WBO lola hadhaawaa dhiheenya gaggeessaa jiruun diina booch URL via	negative
or_test_00114	Hara shimallis Abdiisaaf Fiqaaduun inni galaanicha gogsina jedhesichi WBOn baduu akka  hin dandeenye communication isaanii Adaamaa jirutti himanWBO URL	negative
or_test_00115	Waraanni Biliisummaa Oromoo Zoonii Bahaa Ona mieessootti guyyoota 3n darbe kana injifannoo ajaaibaa galmeessee jiraHorsiiseBulaan keenya yoo dandae WBO haa tumsudadhabummoo gufuu itti tauu dhiisuu qabaGara diinaa gortanii seenaa gootota Harargee Hin balleessinaa jennaan	neutral
or_test_00116	WBOn  Zlixaa weerartuu konkolaataa Paatiroolii 19n Dambidoolloo irra adda facaatee gara magaalaa Gimbiitti of qaxxisaa turte naannoo addaa Dhagaa Dhaabbii jedhamutti itti marsuun amma galgala kana toora 1230 bakakkaa itti buuse hanga ammaa reeffii fi madoon lafichuma jira	negative
or_test_00117	Minilik Oromiyaa gara Xoopiyaatti erga jijjiiree Oromoon dhiigaa fannifamaa qalamaa hidhamaa ariatamaa salpachaa fi beelaaa jira Oromiyaa diina harkaa baafnu malee rakkoon Oromoo ittuma fufa Kanaaf WBO jabeessuun dirqama URL OromoIsStarving	negative
or_test_00118	Ammee  WBOn Amboo Bakka DabbisXulee Jedhamuutti Diina Fixe	negative
or_test_00119	Guyyaa 25042022Injifannoo WBO Kaabaaf Kaabaa Lixa Shaggar Ona Kuyyuu Araddaa Darroo DibaanosBakka addaa Addaataa jedhamutti leenchichi ergam t u diina uummata Oromoo dararuu baate adaba tol chee jiraHospitaalliFiichee fi Garba Guraachaa ragaa dha URL	neutral
or_test_00120	Barrefama kiyyaa fb kessatti kan yeroo dabre amari kalesas diina ummata oromoti fulduratis diina ummata oromoti san qofaa sanin booda wonti ani fudhadhe maaf ilalcha kana kessaa hin baane kan jedhu anas samuu kiyyaa kessatti kan dhufee sanirati hojachuu egale kiyyaa kanuma	negative
or_test_00121	Yaa rabbi bara dhumaa	positive
or_test_00122	Naasir Adiggaa kolfaati diina hiddamatammaa yuhaannis kookit shehediMatammaa gandawuhaa naggaadeBahar tulluu torban hin dagatin cilgaa woradaa abbaawonbaruu nugus qimaanti michuu TPLF aykel katamaa jabduu akka shayxanaa naasirtu irra aanaa jabaadhu tokkicha jimmaa URL	neutral
or_test_00123	Oromoo WBOn ilmaan keeti WBOn kan daggalu jiru horiif ykn qanaaniif miti Bilisummaa saba Oromoof jedheetu Tokkummaan WBO jabeessi WBO ciinaa dhaabbadhuutii sirna gabrummaa ofirraa gati Ni dandeessa OromoVoice AidForOromia	positive
or_test_00124	Hiriyyaa hiree gaarii Bohaarsituu guyyaa aarii Birmattuu gaafa lolaa Sifaarsuun natti tolaa	neutral
or_test_00125	Biyyaa lafaarratti uummaanni warana fi beelaan  akka  dhumuun  warri motii  ofiin  jedhan duaa  itti  murtessaan  Oromoo  malee  ni jiruu	negative
or_test_00126	Yoo ganama baasaniiGalgala sin qaban taateHidhaa dhiphaa keessaaBaga ballaatti baate  URL	positive
or_test_00127	Impaayera cacabaa kana suphuuf yaalta taanaan atumti diina oromooti	negative
or_test_00128	Oromoo kan bilisoomsu kadhaa USA ykn UN miti Oromoon walcinaa dhaabbatee gootumaadhaan lolee falmatee yoo mooate qofaa fi qofa bilisooma Kana hin dagatinaa yaa Oromoo IUOF OromoVoice OromoIsStarving	positive
or_test_00129	Gidiraanii fi yakki duguuggaa sanyii Oromoo cimse malee akka diinni yaadetti saba keenya balleessuu hin dandeeye Ummanni keenya wareegama olaanaa kafaleeti asgae Alagaan kamuu ofballeessa malee ilmaan Oromoo jilbiiffachiisuu hin dandau Diina waliin jiraachuun nixumurama	neutral
or_test_00130	Baga dhalatte Dr Naaol qubee sirreessi maaloo dogoggora qubeetiin saala jijjiirteetta	negative
or_test_00131	OPDOPPn amma hudhamte qabaamtee Oromo Oromo kan jettu aarsaa WBOn kanfalaa jirun aka tae Oromon martinu beekuu qaba Yeroo ammaatti tarkanfii kan ittin Oromo gowoomsan fudhachuun qabso biliisummaa Oromo dubbati hambisu hindandahaamu Oromoon hin giwwimfamu HungerInOromia	neutral
or_test_00132	bobbataan dhiisaa ni salphattuti Bakkoota heddutti Uummanni Oromoo akka Waraanasarra abdii kutatuuf itti yaadame ergamni WBO maqaa balleessuu guddoo fiigama jiraGartuun kun bakka 3 jiru1 Biyyaa hambaa taaanii maqaa ABOn summii biifa oolu	negative
or_test_00133	Waan Abiy fi diinonni saba Oromoo irratti hojjachaa jiran yoo xiinxallinu balaan saba keenyatti as deemu hedduu hamaa dha Kanaafuu sabni Oromoo tokkummaa fi humnasaa cimsatee badii irraa ofittisuuf WBO faana hiriiree nagaasaa eeggachuu qaba OromoVoice InvestigateAbiy	neutral
or_test_00134	Mormiin kessan dhumatee jirti Lammiilee kessan adunyaa irraa dhumaa jirtuu kanaa Rabbii dhifama hagodhufiiErbee haadhake	negative
or_test_00135	Lixa Shaggar Noonnootti Gocha Suukanneessaa Finxaaleyyii Naannoo Amaaraan Raawwate  KELLO MEDIA Mudde 1 2021 URL	negative
or_test_00136	Dhaabni Biyya Seene Jaal Marroon Nuuf Abbomamu Dide Mufiin Jedhu Jaal Dhugaasaa Bakakkoon Akka Solooloo Deemu Taasifame URL	neutral
or_test_00137	Amma lolichi gara Oromiyaatti dhufaa jira kanaaf hunduu umurii rakkinaa hirisuuf umurii abbaa irree kana gabaabsuun dirqama Kai WBO waliin dhaabadhuu pp lafaan mari	negative
or_test_00138	Sababii durabuutooti siyaasaa Oromoo dhumarratti jibamaniif yeroo jalqabaan kaayyoo uumataa duukaa buuubooda garuu kaayyoo uumataa dhisanii garaa isaanii duukaa buuuGaraa isaanii fuudhanii kaayyoo uumataa godhuYeroo uumatii isaan tufuu immoo Kaayyoo haqaa diina godhatu	neutral
or_test_00139	Yaa Oromoo Sabni xiiqqaan Tigray akkamitti diina isaa moohate jedhii yaadi Icittiin jiru tokkummaan bilisummaa isaaniif hiriiruu qofa dha Oromoon  saba guddaa Afrikaa taee osoo jiruu sabni bicuu fi yartuun maaliif isa bitti  WBO garaagaraa OromoVoice StopOromoGenocide	negative
or_test_00140	Fly Traps  URL Abu IbtisamDachii tanarra biqiltuuwwan heddu akka jiran ni beekama Gariin isaanii dawoomaaf faaydaa guddaa kennu Bara durii irraa kaasee hanga ammaatti namoonni biqiltoota gosa hedduu dhukkuba garagaraa ittiin walaanaa tu URL	neutral
or_test_00141	Kaayyoon qophii kanaa Afaan Oromoo gabbisuu dagaaysuudagaagsuu fii guddisuudha Afaan kana waalteessuudhaOromiyaan baloodha akkuma lafti teenya baloo fii guddootti ummanni keenyaas guddaadhaUmmanni keenya cunqursaa hamaa alagaa jala yeroo  aURL URL	positive
or_test_00142	Dr FidooTaaddasaa Eebbaa duaan Addunyaa kanarraa boqachuu dhageenyekan hin oollet dua waan taeef dua isaanif gadda qabnu ibsachaa seenan isin haa yaadatu dhamaatiin qabsoo bilisummaa oromoo keessatti godhan bilisummaan haa goolabamtu URL URL	neutral
or_test_00143	Yeroon amma Ammaan booda gaabbidhaafuu yeroo waan qabnuu miti Kanaafuu namni of hin argine utuu utuu hin lakkaain ofitti haa deebiu namni beekaa dubbii balleessu waan dhufuuf of haa qopheessu Kanaan ala wanta hundaaf yeroon dhumatee jira Falli dhumaa gara tokkotti goruu	negative
or_test_00144	Jajjabaadhaa prezedaantii keenya Hiyyummaan diina keenya waltaanee irra aanna	positive
or_test_00145	DHAYICHAWal Jibbuun waan baayateef COVID19 nutti dhufeJAALALAA fi COVID19 faallaa waliitiJAALALA qabaannaan Walitti dhufta waliif yaadda walitti dhiyaattaYoo Jibbaa fi COVID19 immoo wal irraa Fagaatta ofittummaa fi Kophummaa ti guute	positive
or_test_00146	Baha ShaggarAanaa Boosat keessaa WBOn diina arkee baasee alaabaa Oromoo dhaabeera URL	negative
or_test_00147	Caamsaa 23 bara 1929 wayita koloneeffattoonni Xaaliyaanii Itoophiyaa humnaan weeraranii qabatanitti waggaa tokko booda dhiibbaa koloneeffattoonni kun uummatarraan gahaniin mormee bosona seene	neutral
or_test_00148	Sabni toko malummaan isa yoo bade nibada Finfiinneen fakenya gaari nuf taati Oromoo bilisummaa yo goonfachu baate Finfiinneenumti siliqiimsite sihabashoomisiti Ammas wanti adema jiru  kanuma Hamma yomiiti Oromon biyya abbaasarrati alaga kan tau StopHRAbusesAgainstOromo	positive
or_test_00149	Sirni Eebbisaa nyaate diina Oromoo jedhamee kan Haacaaluu galaafate garuu aantee Oromooti yeroo jedhamu takkaa naaf hin galu	negative
or_test_00150	Abiy fi Fiinxaaleyyiin Amaaraa WBO balleessina jechuudhaan saba Oromoo balleessaa jiru Oromoo gubaa jiru Qabeenya isaa saamaa jiru Ilmaan isaa ajjeesaa jiruxzd Badii kana ofirraa dhaabuuf WBO gargaaruu malee falli biraa hin jiru WBO jabeessaa OromoVoice StopOromoGenocide	negative
or_test_00151	Seena saboota mohate bilisa bahe hunda ilali Oromo Kanbilisa bahan tokummaan kutannon diina sani dura eja dhabbatanif Oromion bara 150 wanti keessa darbe rakkoo akka itit fidu nibeekkama Kana irra darbe tokummaasa cimse mohee bilisa bahu dandahu qaba aka saba guddatti	neutral
or_test_00152	Haati si dhalchitee Duaa nyaatamtee ummatakee nyaachista Isaanillee qarshii dolaara biliyoona tokko fi isaa ol qaqqabatanii isa dhabnaan deebiuu barbaadu Ati achi teessee jia jiaan dolaara 5000 kan hin geenye funaantee jiraatta Maaf afaankee hin cuuftuu Yoom dammaqxuu	negative
or_test_00153	OduuAmmee       WallooKooOromoo koo Kunooti Namichii Dhiiga kee Dhangaalase Namichii Suuraa isa asin gaditti argitaan kun kan oromoota walloo konkolaata irraa gad buuse ajjeechaa jumlaa irraatii rawwatedha  URL	negative
or_test_00154	Yaa Oromoo WBOn ilmaan kee kan mirga keetiif jecha lubbuu qaalii siif kenne dha Ijoollee garaa duwwaa siif joortu dha Gootota dhagaa boraafatee siif qabsaawudha WBO kee cinaa dhaabbadhu Maqaa Shanee jedhuun kan nama fixu mootummaa Abiy dha OromoVoice InvestigateAbiy	negative
or_test_00155	Addaan Bahiinsa Mootummaa fi Amantii Dhugoomsuun Dirqama EenyuutiURL	neutral
or_test_00156	Nagaa bultanii yaa Girrisaa SAMMUDUUDAA	negative
or_test_00157	Dhugaan gadi bahiHaqa biyyaaf dhaabbadhuGumaata jibbaa dhiisiiJaalala kudhaammadhuBakka maleetti kuftaaDaandii dhara lagadhuuBiyyaaf gaachana taiiImaanaa sabaa baadhuuGaaddisa too jabduu dhaloota qubee Obboleettii too Meseret Daba Kene Jabduu Waaqni nuuf Kenne URL	neutral
or_test_00158	Ilmaan kee dhagaa boraafatanii dheebuu fi agabuun dararamanii lubbuu siif wareegaa jiru WBO ciina dhaabbadhu Sabni guddaan gaanfa Afrikaa yartuu fi bicuun hamma yoomiitti bitama Hamma yoomiitti dhiitama OromoLiberationArmy WeStandWithOLA	negative
or_test_00159	Saba koo Waliin wal taanee gaarri hin diigne hin jiru Waaqayyos warra dhugaa waliin jira Nutis dhugaa qabannee diina kamuu hin sodaannu Garuu yeroo hundatti diina keenya wallaaluu hin qabnu dhugaa jallisuus hin qabnu Keenya lolaan waaqa waan taheef keenya tokko kufaaf oola	negative
or_test_00160	Yaa OromooOromoo Walloo irraa baradhu Hidhadhu walhidhachiisi WBO cinaa dhaabbadhu Mirgi ofittisuu selfdefense mirga UNn beekamti qabudha Diinonni keenya harka duwwaa nu hanbisanii tooftaan nu bitanWeStandWithOLA	positive
or_test_00161	Bilxiginnaan Qellem Wallaggaa Gidaamii Diroonii haleella jiraachuun dhagaaame Amajji 62022Waraanni shifta PP hara Amajji 62022 Godina Qellem Wallaggaa Aanaa Gidaamii Ganda Burrii jedhamutti Mana Barumsaa sadarkaa 1ffaa Burrii fi Mana Baabura Buna tokko haleella qileensarra URL	negative
or_test_00162	Abdi GA Chali fi Obboleessa isaa xiqqaa yakka tokko male hidhanii jiruHaadha warraa Abdiilleen sadarkaa mana isheetti deemanii doorsisuu irra akka jiran odeeffannoo qulqulluu irraa argadheen jiraSilas mirga dhorkattanii hiitanii turtaniAmma ammoo hidhaa isa beekamaatti URL	negative
or_test_00163	Waan isin nuuf jecha taatan waaqni abbaan dhugaa haa dubbatu malee ilmi namaa dubbatee waan fixu miti galatoomaaImala milkiif kaayyoo isiniif haa tau OromoVoice OromoLiberationArmy URL	positive
or_test_00164	Barri bara diinonni Oromoo itti salphatan bara qabsaaonni Oromoo qaalin ilaa fi ilaamedhaan Oromoo fi Oromiyaaf waliin itti hojjatani Gameessa qabsoo Oromoo Jaal Daawud Ibsaa sibiila namaa Koloneel Gammachuu Ayyaanaabaroodaa Leencaa Hamzaa Booranaa hundi keessan dukkana sana URL	neutral
or_test_00165	QALBIFADHAAJarri finxaaleyyii Amaaraa Faannoon ABIN EZEMA fi BALDIRAS waayee Addabaabayii san qabaxa godhatanii maqaa amantaa Ortoodoksiitin naxalaa adii dachaafatanii bauu hidhamtoota siyaasaatiif mormii fi arrabsootti jiru	negative
or_test_00166	Hojii nageenyaa misoomaafi paartii walitti qindeessanii akkaataan itt hojjetamaa ture fooyyee qabaatus bakka hundatti wal fakkaachuu dhabuu IG Paartii Badhaadhinaa damee Oromiyaa obbo Fiqaaduu Tasammaa ibsan	neutral
or_test_00167	Hawaasni Aanaa keeenyaaFantaalleedhalootumarraa daangaa eegaa waan tureef aras borus biyya keenya dabarsinee diina keenyaf hin kenninuu JUNTAAdhatti himaa	negative
or_test_00168	Watch ODUU Ammee Gootichi WBO Diina Isaa duaa fi madoodhaan adabaa jiraachuu MOHAMEDIA on YouTube URL	neutral
or_test_00169	PPn keeki Finfinnee keessatti kutti shampaanyi harchaasti ena Oromon miliiyoonaan beelan dhumaa jiru Kanuma faanammo beelli hin jiru jettee addunyaatti watwaatti Kana caalaa diinummaan jiraa yaa Oromo Dammaaqii sirna gabruummaa ofirra gati HungerInOromia	neutral
or_test_00170	Abbaan biyyaa WBO dha Dhalota Qubee gooticha harka duwwaa Woyyaanee jilbiiffachiiseen Oromiyaan akka bilisoomtu shakiin hin jiru	negative
or_test_00171	Afaan Oromoo baruu kan dhiisan itti yaadaniiti Baayeen isaanii ijoollummaatti ni haasau erga xiqqoo mana barumsaa seenanii akka nama Afaan Oromoo hin dandeenyee fakkeessuu jalqabufakkeessaan sun guddatee reality taa Ammayyuu osoo barachuu dandaanii sababa walirra tuulu	negative
or_test_00172	Ilmaan Oromoo  Onnee gotummaa  qabeenyi dachee kanarra jiru walitti kuufeme bitu hin dandeenyee qabaattani Diina Oromoo fi Ormiyaa kuffisaa kufaa Oromiyaa tiksaa fi Oromoo kabachiisaa jirtan  yeroo hunda sammu keenya keesaa jirtu Wbon nuuf waa hunda haa jabeeffannu OLAOromo	negative
or_test_00173	Gama biraatiin ammooMaqaa wal balleessuu kanas dhiisaa Fakkeenyaaf ammaharree jedhee Google goonaan nama naaf fide isinuu nitilmaamtuRigaaKasalaa	negative
or_test_00174	WBO leenca diina raase Abbaan biyyaa WBO dha	positive
or_test_00175	yoomillee gochi badii hin milkaahu	positive
or_test_00176	Booree Abbaa Didhaa  Lolee Lolchiisa Jira Korommii Lixaa Diina Bahaf Gala Dhorka Jiran Jabaa Kiyya Jabdu Dhiira Suura Oso Lolarra Jiru Kaafame Guyyaa Lama Duraati Hawwataadha Waaqa URL	positive
or_test_00177	Ona Begii Lola Jabaa Saati Dheeraf WBOn Lukkule Diina Maraachisa Jira Guutu Walitti DeebinaIUOF	negative
or_test_00178	Minilik Oromiyaa gara Xoopiyaatti erga jijjiiree Oromoon dhiigaa fannifamaa qalamaa hidhamaa ariatamaa salpachaa fi beelaaa jira Oromiyaa diina harkaa baafnu malee rakkoon Oromoo ittuma fufa Kanaaf WBO jabeessuun dirqama URL OromoIsStarving	negative
or_test_00179	Shaggar Lixaa Ona Amboo Awwaarootti diina afuufaa jira Gootichi WBOn GG URL	negative
or_test_00180	Waani sabnii Oromoo keessa jiru bahaa dhiiha Oromiyaa keessati ahh Beellaf ajjeechadararaa hiidha  maluma isiin godhee sabnii kun yaa OPDOPP bara baraan mirga ofii gaafatu deebii hin argatu Dhiignii qulqulluun dhagaalaaa jiru haa dubatu guyaa woyyii  qabsaya ni kuufa	neutral
or_test_00181	Sabni humna ittisaa hin qabne weerara diinaa ofirraa qolachuu hin dandau Weeraraa fi waraanaa diinaa Oromoo irraa qolachuuf WBO jabeessuun dirqama Beekkomsa maallaqaa fi dandeettii keessan hundaan WBO bira dhaabbadhaa WBO jabeessaa OromoVoice StopOromoGenocide	neutral
or_test_00182	Ani Ethiopia miti ani Oromo jechoota kana irratti ijoollee keessan ammaan guddisaa booda nu hin rakkisinaa Oromia OromoLiberationArmy	negative
or_test_00183	Oduu Giddaa Ayyaanaa Lixa Oromiyaa Humni Addaa Bixiginnaa Oromiyaa 100 osoo badaa jiran Raayyaan Ittisa Bilxiginnaa magaalaa Ayyaanaatti qabee hidhee jira Baayee isaan reebanii caccabsan jiru Qaruxee Ilmi Oromoo mooraa diina keessa bai	negative
or_test_00184	Innnaa lillaahi wainnaa ileehi raajiuunMaali bdiin  kee kan dua sitti murteessan  moo jiraachuudhuma keetuyakka taeabshir goota koo warri si Ajjeese  rafee hin bulu	positive
or_test_00185	Lubbuu fi dhiiga namootaa nagaatiin qumaara siyaasaa  taphachuun injifannoo fidu akka hinqabne badii naannoo Tigraay keessatti ykn irratti godhame  mikadiraa irraa baratamuu qaba ture Yakkii yakka dhalabadiin daran badii biraa fidaa Lubbuu fi dhiigni namaa ni iyyata	negative
or_test_00186	Minilik Oromiyaa gara Xoopiyaatti erga jijjiiree Oromoon dhiigaa fannifamaa qalamaa hidhamaa ariatamaa salpachaa fi beelaaa jira Oromiyaa diina harkaa baafnu malee rakkoon Oromoo ittuma fufa Kanaaf WBO jabeessuun dirqama URL OromoIsStarving	negative
or_test_00187	Erga jettanii deema Jajjabeen oromiafi oromoo hangaan jiru diinaaf dabarsee hillaadhu jedhee jira Yoon duees kaayyoon qaba oromoo fi oromiafi dua seenaaqabdu URL	positive
or_test_00188	Waayee namicha asiin gadii warri beektanu nuuf ibsaa mee WBO dhihaa keessaa garee tahe wayii akka hoogganaa ture aktivistoonni diina oromoo harka kennate jedhanii hafarsaafii jiruu ti URL	negative
or_test_00189	Ayii walaalummaa yaa dukkana halkaniYoo baratan malee iffattii hin baani	positive
or_test_00190	Namni kaayyoo qabuDukkana keessa dhaabbateetu ifa argaGuyyaa haraa kananaddunyaa dhiphattuu fi gidiraa kanatti dhufeAddunyaa kanaaf buaa buusuu yoo dadhabdebaaa itti hin taiinHundaafuu bagan dhaladheGaruu umrii kiyya hin beekuKaayyoon dhaladheef beeka	neutral
or_test_00191	Dhimmi yaala dhabuu Jaal Gadaa Dabbisaa ammayyuu haalaan yaaddessaa dha Fala dhabnee Qondaltonni fi hoggantootni ABO mana hidhaa Qajeelcha Poolisii Oromiyaa Burrayyuu jiran kaan maqaa hidhaa keenyaa nuu baasaa jedhani Maal jennu Dur hidhaan akkasii Gizit Gizootkkf jedhama	negative
or_test_00192	Afanjaajii Haras waan taaa jiru hin beektu ati Ofii dhiibdee biyya hallayyaa naqxee amma waaqa jetta Qoodas oolmaa isa dhumaa uummata Oromoof ooli Yeroon keessan dukkanoofterti barii sanaaf warra taaniifi warra ganteef eegumsa godhi Sanaa ala dubbiikee miti suurri kee X	negative
or_test_00193	Oromoon haqa malee raqa hinbarbaaduHaqii isaa kan irraa fudhatamee afaan qawween kan irraa fudhate Itiyoopiyaa kan Itiyoopiyaa gargaaree Oromoo salphisee goobanootaAmmaan booda goobanootii haaraan haqa Oromoo dhoksanii raqa funaanachuu hindandaaan	negative
or_test_00194	Ibiddaanis gubachaa manni meeqa bakkaa badeKaniis matiin wargeneti manni cufaatti hafeKana utuu ilaallu garaan obsa nu dhabee kuni xinnaan bakke deemnutti  sababii akkaata dubbiif bakka dhalootaaf halgaa waliin gantuun nu hiraarsiti Galanni Ummata kan akkas tahu hin malle	negative
or_test_00195	Iluu Abbaa Boor hundaafuu GimbiiDambidoolloo qofatti hin eeginaa jechuumaaf bakka hundayyuu kana booda diina kolaasuun itti fufa URL	negative
or_test_00196	Inni barbadaa ibiddaa dhagaa bobaus jaloota irratti in roobsa qoodi isaaniis qilleensa gubaa finiinaa dha   Far 116	neutral
or_test_00197	WBOn Lixaa fi Kibba Oromiyaa Keessatti Diina Aleelaatuma Jira URL via	negative
or_test_00198	Warra Kabajaa Rasuulaa Eegee Kabajamu Rabbi Isin Haa Taasisu	positive
or_test_00199	1 Ummanni Oromoo hirribarra jira 2 Ummanni Oromoo waliif hin hadoodu dararaa walirratti laala 3 Salphina aadeffatee fudhatee jira 4 Hayyuun isaa yoo nyaatamu 5 Mirga bilisummaa fi ufiin uf bulchuun akka maal tae wilii hin hubanne salphifamuun homaa itti hin fakkaatu	negative
or_test_00200	WBO OLA Ummata Oromoo fi Oromiyaa Diina Irra tiksu fi Hidhaa diina jala walaboomsu malee Nama nagaa ti hin buu WBO Safu fii Duudha Oromummaa tiin ijaarame Bilisummaa Ummata Oromoo tiif falmaa jira AniisWBO dha	neutral
or_test_00201	Hubadhu Waaee Amaarota Oromiyaa keessa jiraatanii waan beekuu qabdan1 Jarri kun hanga funyaaniitti hidhataniiru PP tu hidhachiise Oromoon eeboonillee irraa hiikameera2 Jarri kun WBO akka adamsaniif dirqamni itti kennameera Hojiin isaanii sochii WBO danquu dha	negative
or_test_00202	Yaada gaariidha garuu namni hundi ykn dhaabni hundi mariitti amana jechuun wan hin dandaamnef lubbu lammiilee mootummaan itti gafatamummaa fudhatte eguu qaba xaxaa siyaasattin namoonni duuu hin qabne waan dua jiraaniif kessattuu qaamni nageenya biyya eguuf gahee qabu	neutral
or_test_00203	Akka fakkeenyaattis fuulli Feesbuukii Jaano Miidiyaa jedhamu fi hordoftoota kuma 130 ol qabu odeeffannicha erga maxxansee booda haqee jira Chaanaliiwwan Teelegiraamaa garagaraas odeeffannicha qoodaa jiraachuu hubanneerra	neutral
or_test_00204	jirugaruu milkaahufii dide karaatti jalaa hafe malee12 mee eega hangana hunda beekaafi jabaa tahe namni kuni kaleessaa yeroo Jawar hidhamee sana maalif ummata qabsootti kakaasuu dhiisee harka maratee taaa tureamma hoo eega jawar hidhaadha bahee maaltu akkanatti isa maraacha	neutral
or_test_00205	Deebiin laafaan dheekkamsa in qabbaneessa dubbiin jabaan garuu dheekkamsa in kaasa   Fak 151	neutral
or_test_00206	Ilmaan kee dhagaa boraafatanii dheebuu fi agabuun dararamanii lubbuu siif wareegaa jiru WBO ciina dhaabbadhu Sabni guddaan gaanfa Afrikaa yartuu fi bicuun hamma yoomiitti bitama Hamma yoomiitti dhiitama OromoLiberationArmy WeStandWithOLA URL	neutral
or_test_00207	Goodina Harargee bahaa Aanaa Malkaa Ballootti ummanni beelaan dhumaa jira Hanga ammaatti namni 4 sababa beelaatiin duee jira yaa ummata keenya Waan qabnuun dirmanneefi duarraa haa baraarruu  URL	positive
or_test_00208	Guyyaa 30042022AMBOO Waddeessaaleenchichi diina ilmaan Oromoo ka taatee waraana pp adaba tolchaa jira Kaan harkanqabee jira booda walitti dachaanaa  injifannoo guutuun URL	neutral
or_test_00209	AMMEE INBOX Godinaa Sh Lixaa Aanaa Dirree Incinnii Gandaa Guyyamaa Rogeeti Humnii Badii Pp Mana Qonaan Bultoota Sadeeti Ganamaa Hardhaa Gubanii Ummaata Nagaa Bayyee Qabanii Deemani   Qilleensa Irraa Olchii	negative
or_test_00210	Iyyaa iyya dabarsaaYaa oromoo  Badii tokko maleetti oromummaan yakka itti taatee yaalii fayyaa dhorkatamanii  Hogganoota oromoo mana hidhaa keessatti lubbuun isaanii darbuuf jechaa jiruuf haa dirmannu Iyyaa iyya dabarsaaURL	positive
or_test_00211	Bofa kana yoo argitan fiigichaan naannoo sanii baqadhaa Tafakkur Black Mamba  URL URL	negative
or_test_00212	Nafxanyaan AbiyAhmedAli kan filatteef Oromummaa fi Oromoo hanga jaraaf dhabamsiisutti Kuni garuu lafeefi lubbuu ilmaan oromootiin fashaluu dandaya Oromoon diina manatti isaaf dhufe Warra keessoosaarraa adda otoo hin godhin dhabama gochuu qaba URL	negative
or_test_00213	Inni namaa ajesu fi mana namarratti gubuu maa obboleessa gara kiyyaa hin tanee inni diina	negative
or_test_00214	Ajjeechaa suukanneessaan Viidiyoon marsaalee hawaasaa irraa naannaaa jiru Walloo aanaa Daawwaa Caffaatti raawwatamuu Komishiniin Mirva Namoomaa Xoopiyaa ibse URL URL	negative
or_test_00215	Gootichi waraana bilisummaa oromoo WBOn guutu oromiyaa keessa diina Haxaayee baasuf safisaan Diina ALEELA jiraOLA WBO URL	negative
or_test_00216	Minilik Oromiyaa gara Xoopiyaatti erga jijjiireeOromoon dhiigaa fannifamaa qalamaa hidhamaa ariatamaa salpachaa fi beelaaa jira Oromiyaa diina harkaa baafnu malee rakkoon Oromoo ittuma fufa Kanaaf WBO jabeessuun dirqama URL OromoIsStarving	negative
or_test_00217	saatii 10 kaasee hanga galgala saatii 100 godhameee waraana weerartuu shiftaa abiyyoot Jajjaabeen kibbaa urjileen Odaa adoolaa dhukkeesitee hedduu ishee duaa fi madoon adabuun dukkanni addaan nu baaseeraOduu balinaan walitti deebina	negative
or_test_00218	Mootummaan Bilxginnaa Waraana Ertiraa Kuma 10 ol Oromiyaatti bobbaasaa jiraachuun dhagaaame URL	negative
or_test_00219	Ajaaibaa abbooFookkorsii pp kanuuma edaa	negative
or_test_00220	Urjiiwwaan Oromoo fi Oromiyaan qabdu baga haala kanan oromoo Boonsitani akkasuma Diina hunda garaa gubdan URL	positive
or_test_00221	Jireenya keessatti wanti si mudate hin jiru Siif tae Mufannaa hunda Badii hunda Balbala cufame illee Hundi isaa hara eenyu akka taate si taasiseera	neutral
or_test_00222	Garaa laafina baayista taanaanDiina keetiin akkaa salphaatti Miidhamta	positive
or_test_00223	Dur maaf hin dhaabinreeReefuu macaafa keessatti barraaheeGondor Bahir Daritti maaf hin dhaabbatinHarka irra taanii harka ol qabuuMachooftuu akkasii kanatu diina nu keessa ejjechiise URL	negative
or_test_00224	janasati si kunufatuJirenyaa Adunyaa Kuni koti rata jirana jirachu kenyaa malee duaa Kenya hin benu matii ishe fi firotaa ishefi jajabina sinifi haa kenu waqayyoo ni Bonekoo gifiti ko jajabadhu wani jedhu dhabee mee gifiti ko  URL	neutral
or_test_00225	Oromoon warra lubbuu lafee fi dhiigaa kennan qabsaaa jiradha Diina Oromoo irra kufiisaa warra falmaa hadhooftu keessa jiranidha Saba isaaniif Biyya isaaniif Warra halkanii fi guyyaa Oromoo fi Oromiyaaf of kennanii qabsaaaniif galatni haa tauuf URL	positive
or_test_00226	Waaqayyoon Waan Cufaafuu Kaayyoo Qaba Otuma Xiqqeenya Keenya Hawwanuu Otuma Badii Keenya Hawwanuu Keessaf Alaan Nu ballessuf Waanti Hin Godhamin Jin Jiru Nuti Guddataa Horree Lafa Keenya Guutaa JirraAkka Salphaatti As Hin geenyee URL	negative
or_test_00227	ojii ogbarruu walakkaa jaarraaf keessa ture keessatti Salmaan Rashdiif doorsifni ajjeechaa irra gahuun waan haaraa mitiKun ammoo sababa amala hojii isaarraan kan kaedhaSalmaan Rashii Hagayya 12 2022 Niiwu Yoork waltajjiirratti namni billaadhaan isa waraanee  hospitaala jira URL	neutral
or_test_00228	Kaayyoo isaa galmaan gauudhanhaa mirkaneessinuDhugaa dhiiga ABDULJABBAAR HUSEENif nuti Oromoonhaqa hatattamaa barbaanna Kun sagalee imimmaan haqaummata Oromoo balaati Sagaleen miliyoonota haadhagaaamu JUSTICE for ABDULJEBBAAR HUSEEN Haqabarbaanna Haqni haa dursu	positive
or_test_00229	Muurni PP Sabboontota Oromoo Hidhaan Hiraarsuun Beekamu Uummata Nagaa Ona Eebantuu Hidhaatti Guuraa Jiraachuun Dhagaaame  Qeerroo Bilisummaa Oromoo URL	negative
or_test_00230	Eid walloo magaalaa kamisee kana fakkaatabaga geessan ummata keenyaummanni walloo ummata sirna kamiifu gad jedhee hin buliniummata eenyummaa isaatifi amantii isa diina walakkaa taee tikfatee asiin gahatee ammas tikfataa jiruudha URL	positive
or_test_00231	Pireezidantiin US Joo Baayidan ilma mootii Sauudii Mohammad bin Salman waliin waaee ajjeechaa gaazexeessaa Jamaal Kashoogjii kaasanii akka dubbatan himan URL	neutral
or_test_00232	BreakingNews   Iskindir Naggaa Arbaamincitti hokkora uumuuf humnoota badii mariisisee gocha badiitti bobbaasaa otoo  jiruu tooatame Abbaan feestaalii  hara galgal galii taee jira kanuma Seerri eenyumaa ol akka tae hunduu baruu qaba URL	negative
or_test_00233	OMNMarii biyyoolleessaa fi dhiibbaa Diploomaasii Dec 26 2021 URL via	neutral
or_test_00234	Godina Qellem Wallaggaa Ona Anfilloo Ganda Yaarer bakka jedhamutti Waraanni sirna Abbaa irree ppn Ammas daaima waggaa 12 Roobaa Taqabbaa jedhamuu fi nama maqaan isaa Kifilee Ittafaa jedhamu gaafa caamsaa 52022 badii tokko malee rasaasa akka bokkaa itti roobsanii ajjeesan URL	negative
or_test_00235	Kana gochun dirqama Oromoo fi Oromummati	positive
or_test_00236	Dhugaa oromoon sirrti Beeku qabuuf Amanuu qabu Daandin Qabsoo Oromoo tokkichi QBO WBOn gageefamaa jirudha Mariin biyyooleessa jedhamu WBO walin malee sirrna mooti Minilikin kannen deebisuf maraatan walin miti Warrii Marii kana irrti oromoon bakka bua jedhe dhiyaatu diina orom URL	negative
or_test_00237	Yoo abbaan iyyate olaan birmataaf Oromoo waan biraa gochuu dadhabu roorroo hamaa keessa jiru sagaleedhaan balaaleffachuu qaba Dhiittaa mirgaa suukaneessaa mootummaan abbaa irree Abiy Ahmed raawataa jiru addunyaatti beeksisuun dirqama Ofii callisnee orma maaf komanna	negative
or_test_00238	biyaa ethiopia kana kesatii jirenyii hulfatee galii gadii buwaa kaan argataan jirachuu dadhabuu sababiin gudaan hogantota baka baka jiraan fayidaa matasaan gofaaf midhamuu sabaa kaan dagataan taee mulat casaan jiruu odduu qofaan waan afufi kaan hatuus kaan miesuus isanumaa	negative
or_test_00239	Irratti hirmaachaa jirtu miti IshooOromoVoice OromoIsStarving URL	positive
or_test_00240	Yaa WBO Oromoo Bonsite diina Oromoo imoo  inaafadhaan waliti naqixe   Galattomaa hunddi Keessan  URL URL	positive
or_test_00241	Injifannoo WBO KONYA WALLAGGA LIXAAONA AAYIRAA FI GULLISOOASKOMMEE bakka jedhamuttiGuyyaa 9012022Kaleessa Aayira fi Gullisoo gidduu ASKOMMEE tti leenchichi weerartu sirna naftanyaa tiksuuf fiigdu irratti tarkaanfii fudhateen diina  ilmaan oromoo daaraa godhee jiraola URL	negative
or_test_00242	Yaa Oromoo  Sabni xiiqqaan Tigray akkamitti diina isaa moohate jedhii yaadi Icittiin jiru tokkummaan bilisummaa isaaniif hiriiruu qofa dha Oromoon saba guddaa Afrikaa taee osoo jiruu sabni bicuu fi yartuun maaliif isa bitti  WBO garaagaraa OromoVoice StopOromoGenocide	negative
or_test_00243	Yeroo addunyaan qaroome kana keessa Ummanni Addunyaa kana Jaarroota dheeraaf hoogganaa ture MUSLIMOONNI Yaada duaa Abbaa irree tahuu kan mootonni hedduun jibbanii dhiisan isaaniin hamatamuun SALPHINNARabbiin irraa nu haa baraaru	neutral
or_test_00244	Waan isini ajaaibu maatiin kenya rakkoo xiqqoo kan argee erga abbaan kenna boqatanin booda saniyu woggaa murasa qofa annis maati jala kan badde rakkadhee osoo tanee quffarayi inni biraa immoo ijoollummaanis ni jirti kanuma	neutral
or_test_00245	Warra diina hin gabbaarre warra diina goolani gootummaan baroodani Urjiiwwan OromoLiberationArmy OromoVoice  URL	neutral
or_test_00246	Juuntaan garee fi gooxiidhaan gurmuu hannaa tolfatee Oromiyaa nagaa dhoowee ajjeechaa saamichaan fi gudeeddii baballisee diinagdee danqee jiruu ummata hammeessuun diinaa guddaa ummata tahee deebiee tokkummaa Oromootiif Abukaattoo tau barbaadaa jechuun qoosaa jira Taye Dandea URL	negative
or_test_00247	Minilik Oromiyaa gara Xoopiyaatti erga jijjiiree Oromoon dhiigaa fannifamaa qalamaa hidhamaa ariatamaa salpachaa fi beelaaa jira Oromiyaa diina harkaa baafnu malee rakkoon Oromoo ittuma fufa Kanaaf WBO jabeessuun dirqama URL OromoIsStarving	negative
or_test_00248	Oromoo beektootnii fi qaxaleewwan kuun harqoota gabrummaa Oromoo irrattii teenyee hinilalluu jedhan kunoo biyyee uufatanii  garaa maratanii dheebuu dandamatanii akkasittii siif qabsaaa jiruu Hardha cina dhaabattee qabsoo kee yoo hinfiniinsine waggaa 200 kan biraa salphachuuf URL	neutral
or_test_00249	Linkii asiin gadii banuun sagalee keenya adduuniyaat haa dhageesiffannuu Oromoo dirqama keenya haa baanuu WBOn wabii keenyaGareen  qoppeesitoonni sagantaa kanaa ulfaadhaa Link  URL OromoVoice URL	neutral
or_test_00250	Mee booda sirbitaf duura haadha mana argadhu of jajabesu waraa dua cala	positive
or_test_00251	Yoo dide maak goota	negative
or_test_00252	Cuunfaa Injifannoo W3O haraatiin IluuAbbaa Booraa Gidaamii Horroo fi bakkoota heedduuttii diina dhukkeetti makeera Meeshaa heedduu fi waraana boojieera Oromiyaan Biyya  URL	negative
or_test_00253	Ilmaan Oromootiif Ergaa Diinni afaan Oromoo dubbachaa OPDO ofiin jedhee ilmaa Oromoo fixaa ture yeroo ammaa kana weerartoota Minilikii waliin Lola Duguuggaa Sanyii ummata keenya irratti labseera Minilikoota QAREE DUAA IRRA JIRAN kanneen deggeruu irraa ofqusadhaa	negative
or_test_00254	Filannoon Keniyaa Nagaan deemee erga raawwatee boodaKomishinaroonni Boordii filannoo wal qoodanKomishanaroonni 4 buaa filannoo fudhatama dhabsiisuunfincila tuttuqaa jiruKeeniyaan Gama Filannoon Afrikummaa obbaafatte osoojennuu of duuba deebiti taanaan kuni abaarsa	neutral
or_test_00255	Mallattoo barri dhumaa dhiyaacbuuKeessaa tokko URL	negative
or_test_00256	This gross violation of human rights is happening in Saudi Arabia Jarri kun diina miti Lammilee jiruu fi jireenya isaani foyyeeffachuuf  deemanidhaUummanni sagalee taeefii yoo gaaffii hin gaafanne eenyutu dubbataafi URL URL	neutral
or_test_00257	Due maaf nurra teenye yoomuu jedhani ni arga kanaan booda inni akka dueti lakkawama nuyi akka fedhe gochu kan dandau jettanii turtanii hin abjootina abjuu tanee	negative
or_test_00258	Oduu Gammachiisa Wbon Meshaa warana Gugurdoo taan diina 72 ajjeesuun 60 URL via	negative
or_test_00259	Nama mataan xuqamee ifii wajjiinuu nagaya hin qabneministeera nageenyaa godhanii muuduun Nagayabooreysuu malee nagaya buusuuffedhii dhabuuBilxiginnaa mirkaneeysaBiyyi nama nagaya hin qabneen gaggeeffamtujeeqomsa malee nagayanarkattu URL	negative
or_test_00260	Eenyu inni duubaan eegee harree irra ciisu sun	negative
or_test_00261	Yaa OromooOromoo Walloo irraa baradhu Hidhadhu walhidhachiisi WBO cinaa dhaabbadhu Mirgi ofittisuu selfdefense mirga UNn beekamti qabudha Diinonni keenya harka duwwaa nu hanbisanii tooftaan nu bitan URL OromoLiberationArmy WeStandWithOLA	neutral
or_test_00262	Minilik Oromiyaa gara Xoopiyaatti erga jijjiiree Oromoon dhiigaa fannifamaa qalamaa hidhamaa ariatamaa salpachaa fi beelaaa jira Oromiyaa diina harkaa baafnu malee rakkoon Oromoo ittuma fufa Kanaaf WBO jabeessuun dirqama URL OromoIsStarving	negative
or_test_00263	Cibricha Soddom Booroo  Injjifannoo Diina oromiyaa keessa Qulqulleessuun itti fufaa WBO  URL	negative
or_test_00264	Kan nama aarsu garuu uummanni godinaalee Gujii Booranaa Baalee Harargee caalu beelaan dhumaa jira Akkuma NGOn hin gargaarrellee beela dhoksuun uummata fixaa jiruOromoonillee akka waliif hin dirmanne dhorkamaa jira	negative
or_test_00265	Theyre all bluffing for nothing Dhagaa isaan nutti darbatan walitti qabneeti mana ittiin ijaarrana jedha Oromoon	positive
or_test_00266	Umaani mana hidha saudi  arabiya  keessaatti dhumaa jira maaloo URL	positive
or_test_00267	Warri ABO WBO wal maddi kaayee barreydu akka ummanni oromo WbO jibbu warra godhuu barbaadu Abo fi wbon waliif diina malee firaamitiTana wbon qulqulleeysu qabdi Yo khaan miidhaa guddotu wbo rratti dhufa Itti yaadaa WBO hattu firo isin balleeysu fedhanii beekhaa yaa gootowan ko	negative
or_test_00268	Jaallanneti miti barnoota dhiisuni wboolaMucaa kuni gaafa Amanueel Wandimmuu marfata Dambii Doollootti ajessan  dhaabaate garaan mucaa gubachaa turee Haraa garuu kana fakkataDhaloota Qubbe humnaan bulchuun abjuu dha URL	neutral
or_test_00269	Waamicha OromummaaObboleeyyan Keenya hundaafBalaa Hoongee Fi Beela Hawasaa Keenya Gammoojjii Harargee Biraa Dabree Garaa Baddaati Seenee Jiruu Kan Akkaa Nu Wajjiin Dirmatanii Baraartan Waamicha Obbolummaa Keenya Akkaa Nuf Owwataan iyyaa Teenya Dabarsina  URL	positive
or_test_00270	Dirqama Oromummaa bahuun nama hunda irraa eegama	positive
or_test_00271	OduuAmmeewhoolaCibraa Odaa Adoola Gujii Lixaatti Ajaja 100 Dabalate Ergamtuun Diina Heedduun Lafa CininaniiruJabaan Waaqa URL	negative
or_test_00272	Biyyaa ciree nyaatun hamma dhagaa ulfaate ijaara jirtakopha hin figin warra kanatti kafanlan Wal hojjadhu yoo San milkayuu dandaama	positive
or_test_00273	Akka waan TDF TPLF of keessa hin qabne goote dubbacha jirta TDF waan deeggarruuf hin qabnu uummata Tigray akka balaa amma jiran keessaa bahanif immoo mootummaa Ethiopia dura dhaabbanna For the sake of humanity jechuudha	negative
or_test_00274	Abiyyiifi shimallis waraana oromoo balleessuuf labsitan kanaan daran haaloo fi jibbansa dabalattu male abadan hin milkooftanu Oromoon hundi tokkummaan diina qeee ke dhufe ofirraa ittisuuf qophaauu qabda Dhugaan ni injifatti URL	negative
or_test_00275	Maalummaa oromoo beekuu yoo barbaadde lola aduwaa qoradhu	neutral
or_test_00276	Harargee BahaaGooroo GuutuuPoostaa Adii Masara AdiifDargaggootni Aanaa Gooroo Guutuu Xalayaa Adii   White House  f barreessanii jiruAmeerikaan humnoota Diina Itoophiyaa taan waliin akka hin dhaabbanne gaafatanii jiru URL	neutral
or_test_00277	Namoonni kaleessa WBOn akka dhabamuuf olola oofaa turan hara WBOn meerremaal godheakkas tauu dide yeroo jedhan ni mulata Wal qeequun gaariidha Garuummoo kaleessa diiganii bulanii ijaaruun yeroo gaafata Ciminnii fi laafinni WBO tumsa nuyi goonurratti hundaaa 12	neutral
or_test_00278	Manaa nukure veyne jahaanan balaa ehnu URL	neutral
or_test_00279	Hawwi ilaalcha Bara dukkanaGarden Kara seraa alaattin hidhatte Fano offiin jettu kallatti falla sabafi sablamoota biyyatti dhabbachu isaani feedhiin garee shorerkeesa kanaa mal akka tahe bekamaadha ilaalchi hordoftoota amanta muslima saba isaanitiifis qaban Kanuma	negative
or_test_00280	Nuti oromoon tokko haa taa nuu sirna gadaa qabnu jalattii ilaafi ilaameen dubbii teenna haa fixannuu hayyoota keenna haa dhageefannuu diina lagaan amantaan gosaan adda nu qoodee nunyaachuuf ilkee qaratu kana tokkummaa keenyaa haa agabsinuu santu furmaata	positive
or_test_00281	Yaa OromooOromoo Walloo irraa baradhu Hidhadhu walhidhachiisi WBO cinaa dhaabbadhu Mirgi ofittisuu selfdefense mirga UNn beekamti qabudha Diinonni keenya harka duwwaa nu hanbisanii tooftaan nu bitan URL OromoLiberationArmy WeStandWithOLA	neutral
or_test_00282	Jaallummaa sirriin hanga dua lubbuuttidhaNuuf jiraadhaa Jaallan haqaa URL	positive
or_test_00283	Deeggarsa Seekuulaariziimiif Addaan Bahiinsa Amantaa fi MootummaaMihiret SaamsooniinAmantaan jireenya dhala namaa keessatti gahee dhiibbaa uumuu guddaa qaba  Itiyoophiyaanis kanaan ala mitiURL	neutral
or_test_00284	Jaarsa jabaa booda jaartii jabduutu jirajedhu mitiArfaaseeJM URL	positive
or_test_00285	Koo ajaaibumaa kam himee  kam dhiisaaCaba badduu cabnee caba gadaannisaaDiqaalaan abboomee abbaan qaee dhiisaaHaala akkanaa kanaan sabni kankoo cabeeAbboomuudhaa mitii jiraachuu dadhabee	neutral
or_test_00286	Yeroon kuni saba koo Oromoof yeroo murteessituudha Yeroo itti humna tokko qofa jala hiriiruun maluudha Humni kuni immoo isa humna taheedha WBO jechuudha Kanaan ala sababa kamiinuu qaamni humna kanatti gufuu tahuuf deemu diina Oromoo tahuu qabaata Yeroon kanatti WBO jalatti	neutral
or_test_00287	Shirri roorroo diina kamuuBiiftuu bilisummaa baha hin dhoorkuu Jabaadha jajjabee koo WBO FORCEOromoLiberationArmy URL	positive
or_test_00288	Galaanii kee hin badiin yaa Rabbii	positive
or_test_00289	Yaa Rabbi atti ni dandeessa nuffii fayyisiiWabiin seenaa Oromoo fi Hayyuun dhugaa Obboo Alamaayyeehu  Hayilee dhukkuba Kaleen  garmalee dhukkubsatanii Hospitaala galanMootummaan Naannoo Oromiyaa  Hayyuu kana yaalchisuu qaba jedheen URL	neutral
or_test_00290	Sirni gabroomfataa impaayera Xoobiyaa Oromoo gabroomsu fi ajjeesu malee hin jiraatu Sirni kun Oromoo hidhannoo malee harka duwwaa godheet nurra ture WBOn aadaa Oromoo hiikkachiisuu kana harkatti cabse WBO hidhachiisuudhaan bilisummaa saba Oromootiif gumaachi	negative
or_test_00291	Raashiyaan Yukireeniin Weeraruun Lammiiwwan Afriikaa Gamas Jiraatan Irra Dhiibbaa KaaeURL	negative
or_test_00292	n Dhagaa moo Ashawaa irratti hundeeffameeWe will see how strong it is	neutral
or_test_00293	Hojii namticha maraatu Abiy jedhamu kana ilaalaa Beelamoota dheedheeroo marsaa 6ffaa booda eenyu akka hidhe hin beekamu jechuun diramaa hojjechisaa jira Abiy baduu qabdi Diina Oromoodha URL	negative
or_test_00294	Gaafiidha Oromoo utuu Saba guddadha jedhame dhadhefamu maaltu Saba bicuu irratti irkachuuf dirqama yeroo hundaa wanta hundee buqqifamu qabu utuu hin buqqisin dhiigni nama keenyaa badheti jiga jirajigas tureAkka natti fakkatutti hoggansii Wal sakaalu malee diina hin sakaalu	neutral
or_test_00295	Waraana vs AraaraSaba dachee duudhaa araaraaf nageenyaa qaban keessaa Oromoon tokkoOromoon warra wal ajjeesellee sirna ittiin araarsu qabaBadii waraanaas bareechee beekaHara ka hidhateef bardirqama itti taanaan malee waraanni furmaata taee miti  URL	neutral
or_test_00296	Komishinara Koomishinii Hoggansa Sodaa Balaa kan turan Obbo Mitikkuu Kaasaa toataman URL	neutral
or_test_00297	Lola bilxiginnaa fi TDF eegaluuf deeman ilaalchisee barreeffamaa Yaya Beshir kana dubbisaawarri yeroo kaaba qawween dhukkaate jara jala eegee raasuuf wixxifatanlolli kaaba Ethiopia yoo eegale oromoon akka dura sana jara jala girrisuu hin qabuhirkatummaa dhiisuu qaba URL	neutral
or_test_00298	Waan Abiy fi diinonni saba Oromoo irratti hojjachaa jiran yoo xiinxallinu balaan saba keenyatti as deemu hedduu hamaa dha Kanaafuu sabni Oromoo tokkummaa fi humnasaa cimsatee badii irraa ofittisuuf WBO faana hiriiree nagaasaa eeggachuu qaba OromoVoice InvestigateAbiy	neutral
or_test_00299	Gowwaan siif Hin dhalatiin dhalate hin guddatiinAmma Mootummaan naannoo oromiyaa Amaarri seenumaanuu diina keenya tauu wallaalee WBO naaf loli jedhee hidhachiisee uummatatti kan gad dhiisu kunoo abbaa ajjeesanii loon ooffatan Callaa featan qeee guban	negative
or_test_00300	kaarrayyicha Goooticha Onneen sibiilaa Jaal AbdiiErga Harka diinaatii bahee kunoo diina Diina hunkuteessutti jira Qeerramsicha warra gadaan bulu URL	neutral
or_test_00301	OduuAmmee InjifannooWBOKaabaLixaShaggarGshawaa kaabaa lola  WBO fi waraana PP jidduu tureen diina heedduun dhumteera URL	neutral
or_test_00302	Sure jilbaran citee abbaatu woraanata diina qeee ketiti sitti dhufee  isaas abbamatu ofirra qolata	neutral
or_test_00303	Teessoo Abbaa MuudaaQaalluuTeessoonArdaan Abbaa Muudaa Odaa Nabee irra gara Odaa Roobaatti booda gara Madda Walabuutti kan sochoee sababa dhiibbaa amantii Kiristanadha Luboonni amantii Kiristana babbalisaa turan Tadese Church amp State1974184	negative
or_test_00304	Kaayyoon keenya mirga saba Oromoo osoo hin sharafin saba bilisa Oromiyaa walaba mootummaa birmaduu ijaarrachuu dha WBO jabeessinu malee mirgi keenya kun hin kabajamu WBO jabeessaa Dantaa alagaa guutuuf jecha mirga Oromoo hin sharafnu OromoVoice InvestigateAbiy	positive
or_test_00305	Sabni gabrummaa jala jiru beelaa fi lolaaf saaxilamuun isaa waanuma hin oolle Beelaa fi lola Oromoo irratti adeemaa jiru xumura ittigodhuu kan dandaamu Oromiyaa walaboomsuu fi bilisummaa saba Oromoo mirkaneessuu qofaani WBO cinaa dhaabbadhaa OromoVoice AidForOromia	positive
or_test_00306	Doofaagowwaawallaalaakan akka harreetti yaadukan of dura sehee ofduuba yaadunama abiddatti fixxeqabeenyas fixxeItoophiyaf nagaaAfrikaaf nagaaaddunyaaf nagaa kenniDown Abiy	negative
or_test_00307	Kunoo ilaalaa akka cimdiin tolu Daaimman Oromoo kana hubattee jirti shamarran keenyatu dide malee Irrechaa2021 URL	positive
or_test_00308	Ilmaan immiyee lafa duwwaa irratti akka dhukaasa itti dhukaastuu hin beekne gafa dirree lolaa geessuu akkamitti  yaa dhukaasanii jettu mee ilaalaa URL	positive
or_test_00309	Yaa qeerroo fi qarree abdii OromootaaBiyyaaf nagaa buufte si hin kennine bootaaYaa muhaammad Diksiisoo leenca onnee gootaaAkkuma Jawaar wayta menessotaaWarri isin jibbu hattootaaf gantootaaDhara lafa seenta dhugaa ima moota	positive
or_test_00310	Harra hoo maalirra jirra yaa Oromoo Wanti foyyae ni jira kuni dhugaa hin haalmneedha Garuu ammas kaayyo faana hiriruu humna tokkotti jechunis wbof tumsa gochuun murteessaadha Namaaf ykn dhaabaf hin horinaahin baamsina Kayyoof qabsawaa Dukkana kan keessa bahuufOromoVoice URL	positive
or_test_00311	Minilik Oromiyaa gara Xoopiyaatti erga jijjiiree Oromoon dhiigaa fannifamaa qalamaa hidhamaa ariatamaa salpachaa fi beelaaa jira Oromiyaa diina harkaa baafnu malee rakkoon Oromoo ittuma fufa Kanaaf WBO jabeessuun dirqama URL OromoIsStarving	neutral
or_test_00312	Pireezidaantiin Naannoo SomaaleeMusxafee  irratti yaaliin ajjeechaa bakka Dikee jedhamutti raawwateelubbuun isaa amma xiqqoof du irraa hafteSomalia Ethiopia	neutral
or_test_00313	Sirni gabroomfataa impaayera Xoobiyaa Oromoo gabroomsu fi ajjeesu malee hin jiraatu Sirni kun Oromoo hidhannoo malee harka duwwaa godheet nurra ture WBOn aadaa Oromoo hiikkachiisuu kana harkatti cabse WBO hidhachiisuudhaan bilisummaa saba Oromootiif gumaachi WeStandWithOLA	neutral
or_test_00314	btw tokko transdha kana booda inni abbaakoo miti jechuun abbummasaa ofirraa haqeera manw haqxeetti	negative
or_test_00315	Minilik Oromiyaa gara Xoopiyaatti erga jijjiiree Oromoon dhiigaa fannifamaa qalamaa hidhamaa ariatamaa salpachaa fi beelaaa jira Oromiyaa diina harkaa baafnu malee rakkoon Oromoo ittuma fufa Kanaaf WBO jabeessuun dirqama URL OromoIsStarving	negative
or_test_00316	Jioota 3 as deemu keesaatti yoo xiqaatee makalkayaa 300000 Oromiyaatti ni Shawaa Lixaa aanaalee 22 qaba Godinni kun akka jedhamu kanatti loltoota 44000 barbaada jechuu dhaBobbaaan humna waraanaa kun uummata nagaaf balaa akka tae homaa nama hin gaafachisu	negative
or_test_00317	Wayyaanee kaleessa dhagaa fi iyyan ariine hara hidhannee injifachun qeerrof salphaadha March4Ethiopia EthiopiaPrevails	negative
or_test_00318	Lolaafi gaagaama uummata kamiiyyu hin jaalannu Garuu aktivistoonni keennafi worri xiinxalaa siyaasaa ofiin jedhanGariin yeroo Oromoon ajjeefamu usi jedhani adha lola Tigrayii irratti iyyaa oolan Taajjabbi guddaa kunle	neutral
or_test_00319	Ani dhugumaan sitti hime yeroo qabaate dhiifte isin siluma haqa hin feetan sossobaa fi fakkeessuu maleeqawwee suuraadhan kaataniif bilisummaan dhufu hin jiru	negative
or_test_00320	Qeerroo fi qarreen kaleessa taankii fi baankii OPDO ergamtuu wayyaanee dura harka duwwaa dhaabachaa ture hara kilaashii sinaayipparii fi boombiidhaan P dura dhaabachaa jira Kanuma dhugaan Jajjaabeen duratti URL	negative
or_test_00321	Gantuun maaliif Oromootti baayattiSiyaasa Oromoo keessatti wantoota gaaffii guddaa natti taan keessaa maaliif namoonni dhiigaan Oromoo taan orma caalaa maaliif diina Oromoo tau URL	neutral
or_test_00322	Yaa oromoo ifbekaa namaa beekaa siyasaan akkanaa tatuu ummataa kenyaa dhumaa jira akkanaraa yoo walii yanee baredaa bilashitii rasasaa duratii deminaa siyasaan abbaa qabdii miskinii rabbii qabaa dhisaa	positive
or_test_00323	Jaal Burqaa Haroo Leenca Cibraa Soddom Booroo kan diinni Yeroo baayye dua isaa hawwaa ture sun Ammas Jiraachuun Isa daran kan diina yaaddessuufi Uummata Oromoo Kan Abdii itti horuudhaa Bulii Nuuf Jiraadhu jaal Qabsoo Qaali  URL	positive
or_test_00324	BreakingJaal Marroon Waaee Jawaar Irratti Ergaa Ajaaibaa DubbateDuul URL via	neutral
or_test_00325	Nama nu ajjeesuu dhufe kamiyyuu akka aadaa keenyaatti kaasaatii awwaalaa  Kan due diina keenya tauyyuu awwaaluu dhiisuu fi reeffatti taphachuun aadaa keenya miti  Jaal Marroo  Hogganaa WBO URL	positive
or_test_00326	Minilik Oromiyaa gara Xoopiyaatti erga jijjiiree Oromoon dhiigaa fannifamaa qalamaa hidhamaa ariatamaa salpachaa fi beelaaa jira Oromiyaa diina harkaa baafnu malee rakkoon Oromoo ittuma fufa Kanaaf WBO jabeessuun dirqama URL OromoIsStarving	negative
or_test_00327	Oromoo WBOn ilmaan keeti WBOn kan daggalu jiru horiif ykn qanaaniif miti Bilisummaa saba Oromoof jedheetu Tokkummaan WBO jabeessi WBO ciinaa dhaabbadhuutii sirna gabrummaa ofirraa gati Ni dandeessa OromoVoice AidForOromia	positive
or_test_00328	Barcuuma duwwaa Maaynamaariif kaauu jechuun waan biyyatti keessatti amma taaa jiru gaarii akka hin taanee fi gara fuula duraatti waan foyyaan ni dhufa abdii jedhu calaqqiisa jedhamee jiraURL	negative
or_test_00329	Gujiitti waraanni shiftaa pp ijoollee ol adeemtuu oromoo lama billahaan qaluun ajjeese	negative
or_test_00330	Waldaaleen nageenyummaa marsariitichaa eeguuf tarkaanfiiwwan barbaachisoo tahan fudhachuu qaba jechuun dirqama kwt 4943 jalatti tumameera	neutral
or_test_00331	Minilik Oromiyaa gara Xoopiyaatti erga jijjiiree Oromoon dhiigaa fannifamaa qalamaa hidhamaa ariatamaa salpachaa fi beelaaa jira Oromiyaa diina harkaa baafnu malee rakkoon Oromoo ittuma fufa Kanaaf WBO jabeessuun dirqama URL OromoIsStarving	negative
or_test_00332	Hawaasi bakka na buaa jedhu yoo farfaatee maal rakkina qabawanti Finfinnee irraatti tau dirqama Hagarawi tau qaba booda afaanicha iyyuu hin dubbatina hagarawwii mitiakka hin jenne	negative
or_test_00333	Biyyi tokkummaa lammiilee isheetiin ijaaramtesosochii baandotaatiin hin diigamtu URL	positive
or_test_00334	WBO wabii Sabaa WBON hin badu diina balleessa maleeKan WBO balleessuuf dhamau haa baduOromiyaan haa jiraattuOromoon haa waaruWBON haa lalisu Injifannoon Ummata Oromoof  URL	positive
or_test_00335	waltajjii waloo hin qabnuu  diinni diina haleellaa qofaan gargaar gallaa       Jaawwii Jiillee	negative
or_test_00336	Ethiopian qarree dua irra geesse jirtii fakkaattii URL	negative
or_test_00337	aanaa Boosoti ganda Qaawwaa jedhamutti ajjeechaa jimlaa irratti raawwatanHaga ammatti reeffa 14 duwwaa tu argame Nama 40 Gabalaa irraa sassaabanii qabanii dabran Kana keessaa 2 duwwaatu dheessee  lubbuun gale38 keessaa reeffi nama14 qofaatu argame	negative
or_test_00338	Kaayyoon keenya mirga saba Oromoo osoo hin sharafin saba bilisa Oromiyaa walaba mootummaa birmaduu ijaarrachuu dha WBO jabeessinu malee mirgi keenya kun hin kabajamu WBO jabeessaa Dantaa alagaa guutuuf jecha mirga Oromoo hin sharafnu OromoVoice InvestigateAbiy	positive
or_test_00339	Malkaa baloo Maqaa leenjii Gaachana sirnaa jedhuun OPDOn ummata dararaa jirti  URL URL	negative
or_test_00340	NATOn Mooskoon loltootashee hunda Yuukireen keessaa baasuun daandii humnaan weerara banuu filaterraa akka deebituuf waamicha dhiyessePirezidant Putiin Yuukireeniin haleeluuf murteessuun isaa dogoggora tarsiimoo daran hamaa waan taeef waggoota dhufan keessa Raashiyaatiin URL	neutral
or_test_00341	Guyyaa sadi booda mucaa kootiin gaafa wal arginu URL	neutral
or_test_00342	Umanni kuni diina isa irra of baraaruuf ni dhimma Yoo rasasa bitneef isaanu ni beeku waan godhan Kotta ni gargarra ni hidhachiifna URL	neutral
or_test_00343	Kufee hin kufu kan dhugaaf falmatuuuwalloon faajjii bilisummaa tana jalatti hiriireeirbuu jaallawwanii eegee falmachaa jiraKan faajjii tana qabate hin kufuni injifata URL	neutral
or_test_00344	Wal Dhabaa Fii Waa Dhaba Rabbi Isinirraa Haa Qabu	positive
or_test_00345	Sanada leenjiif Bilxiginnaan barreesitee fuula 128  abbaa irree uumuugara biyya diiguu URL	negative
or_test_00346	WBO qooriichaa buudhaaOPDOPPNefxangaaWBOnii Itopiyaa naanoo Oromiyaa keesaa haaxaayii arriiyaa jiiraaOromiiyaan biiyaa Liiqiimsii ODUU Hatattama Jaal marroon waraana 30000 waliin jiddu galesa sene lola URL via	negative
or_test_00347	BreakingNewsBobbaa Jeneraal Taddasaa BirruuSalaalee Aanaa Hidhaabuu Abootee Ganda Dirree BantuutiGootichi WBO Kampii Diina Barbadeessuni fi Hidhamtootasiyaasas Hidhadha baase jiraWBO Wabii Oromoof Oromiyaa URL	positive
or_test_00348	Addunyaa kanarratti wanti hunduu ni darba Kan bira darbuu dandaamne guyyaa duaa qofa	positive
or_test_00349	Gar lameenuun kan dhumaa jiru ijoollee gaammee waggaa 18lt taaniidha	neutral
or_test_00350	Araas boruus nafxanyaan diina oromooti Oromo	negative
or_test_00351	Haacee raagduu too  nagaan nuuf boqadhu Ati duaa Oli yoomiyyu	positive
or_test_00352	Yuunivarsiitii Wachaamoo keessatti walitti buiinsa barattoota Oromoo fi Amaaraa irratti poolisoonni federaalaa barattoota Oromoo hedduu rasaasaan rukutanBarataan Abduubaa Tanii Tandhoo rasaasaan mataan isaa dhawamee duaa fi jireenya gidduu jiraKan ajjeefamanis jiran jedhu URL	neutral
or_test_00353	Amaarri shilalaa malee maal beektu jennaan acuhmaan bade	negative
or_test_00354	Aboo diina kee firaa dhoorki teeysee booya hin oolin akkasitti Rabbiileen si gargaara	negative
or_test_00355	Beekamuuf jecha karimoo arrabsu san booda eenyutu arrabse gaafiin jedhuu waan dhufuuf	neutral
or_test_00356	Amaara jechuu ummaatta raaqa gubbaa dhichiisu bar Jaarri kun jira lubbuu dheeysani dua lafaa jiru ittii Wal yaamani dhiichisan	negative
or_test_00357	ilmaanimmiyyeeBarreessaa Fi Gaazexeessaan Tasfaayee GAab Gadaan Addunyaa kanarraa Duaan Boqachuu isaatti Ilmaan Minilik Gammachuu Addaa keessa jiru Dua Isaattis Hedduu gammadanii Barruu garaagaraa maxxansaa jiru Keessattuu waaee Aanolee inni barreesse sana Akka waan URL	negative
or_test_00358	Oromiyaan gaafa mootummaa mattaa ishee  uummatee Qofa diina isheetti qoosu kan ofirraa dhoorkuu dandeesu  ykn akkanumatti  Abbaan feete itti qoosti	positive
or_test_00359	Dhuga baatii dhukkuba waggaa sagalii irraa fayyu URL	positive
or_test_00360	ganamaatti harcaasaa JiraKaambii galaan Waddeessaa fi Qulliit guutummaan guutuutti kan dhuunfatame yoo tau dikii lola jabduu irra jira Humna reebduu konkolaataa Sadiin Amboo baatetti haxxee hidhuun qarqara Amboo bakka adda boxoo jedhamutti	negative
or_test_00361	WallooKaaba oromiyaa godina walloo keessati ilmaan oromoo Awwalcha dhabee yeroo akka CosiiDhoqqee loowwanii karaa irratti gadateme garu oromoon walloo biyyaa isaaf Oromummaa isaaf akkas taaa jira male yakka dalageeti mitiGaru nami isaanif argu maaf dhabame URL	negative
or_test_00362	Abbaan biyyaa WBO dha Dhaloota Qubee gootichaan Oromiyaan akka bilisoomtu bekkamaadha Waraana hayyoota mataan bilisoomeen ijaarame kan duubatti deebisu hin jiru Gola keessa taaanii Qabsoo Karaa Nagayaa jedhanii lallabuun dhumateera Diina afaan isaa galuun gaggeessan	neutral
or_test_00363	Faannoobandits faannii eessan lafa hin gaiin shiftaa seeraa malee meeshaa hidhaate Oromo duwwa otoo hin taane Ummata  hundaa fu diina Faannoon daljjeessa fanjjii baatee deemu abba feee galafachuu waan dandau fu criminal element kana irraa meeshaa hikuu barbaachiissa	neutral
or_test_00364	Tolawaaq Waarii Dubbisa gaarii  Diina Keessaafi AlaaHunduu Diina Keenya  kutaa 2 URL	positive
or_test_00365	Adeemsi akka kana qabsoo keenya yoo midhe malee waan fayyadu tokko hin qabu Warraa amantii kana hordoofu mufachisuun diina ofitti baayisu dha URL	positive
or_test_00366	An Optimistic sees Opportunity in every difficultyA pessimistic sees difficulty in every OpportunityOptimisticDuukkana keessaas tahee Kan ifa qofa arguuPessimisticKan yeroo hundaa haala mijataa keessaa tahee Dukkana qofa yaadu	neutral
or_test_00367	Biyyaa nagaan hin jiree keessatti dhagaa darbatanuu lafa hin buuu Red terrorist  inni jedhan ammaa Xoophiyaa qilee haa buttuu SooriyaaYemen Siriiyaa Inni jedhame asiis gahee	negative
or_test_00368	Ethiopia kessat Islamuma Amaa amaa Ethiopia kessat Islamuman Akka Al shababitii lalama jira magalaa moyaaleetii dargagoo balaa gonder balaalefatan man hidhaat hidhamani jiraani dargaagoo FUAD Achaalu fi dargagoo garaa 5 taan AL SHABAB jechuun hidhamani jiraaniSHARE godha	neutral
or_test_00369	Shaggar bahaa ona boosat keessaa gootichi diina ariuun guyyaa harraa bifa kanaan alabaa bilisummaa olkaaseera URL	neutral
or_test_00370	Dubartoonni sababa danqaalee isaan irratti feamaniitii fi ilaalcha dogongoraa shora koorniyaan walqabateen loogii hirmaannaa dijitaalaaf saaxilamanii jiru kunis walqixxummaa koorniyaa irratti dhiibbaa sirrii hin taane fidee jira DigitalDivide Ethiopia URL	negative
or_test_00371	Kolfa gammachuu isa dhumaa nutu kolfa Itoophiyaanota NoMore	positive
or_test_00372	Oromiyaa keessatti qonna ammayyeessuuf hojiin hojjetmame kanan eegee ol jedhan Ministirri Aadaa fi Ispoortii Obbo Qajeelaa Mardaasaa URL URL URL	positive
or_test_00373	ODUU GADDAABaatii Odee  jedhamu Maanguddoo umrii 85 ti Godina Arsii Lixaa aanaa Shaallaa   magaalaa  Ajjeetti jia tokkoo oliif eega hidhanii booda mana hidhaatii baasanii  haala suukkaneessaadhaan ajjeesanii gatan URL	negative
or_test_00374	Nafxaanyaa farra oromoo  malee fira oromoo taatee hin beektuu yaada	positive
or_test_00375	Oromoon wagga 130f dukkana gabrumma keessa waan tureef ofirratti abdachuu Sirna Gadaa keessa beekkamu keessa ofiin of bulchuulle irranfatee jira Wal gurgura  buqqisa Miinda alagaan jiraata of dandae hin jiraatu Sumuniif wal buqqisee alaga waliin saama Namaa gadi jira	negative
or_test_00376	WBO Qeerroo duratti sobni nama hin baastu  Magaalaatti qeerroo ajjeesuunis bojiamuurraa hin olchitu  Bakka dhiiraatti dhiira tahanii ofi arguuf dhiiratti siquu qabda Dhiiga dhangalayee booda dhiifama siif kanlaatu jiraachuu hinqabu  Ilmaan oromoo diina faanaa oromoo nyaate	negative
or_test_00377	Yaa OromooOromoo Walloo irraa baradhu Hidhadhu walhidhachiisi WBO cinaa dhaabbadhu Mirgi ofittisuu selfdefense mirga UNn beekamti qabudha Diinonni keenya harka duwwaa nu hanbisanii tooftaan nu bitan URL OromoLiberationArmy WeStandWithOLA	positive
or_test_00378	Namtittiin kuun Diinaa Oromootikaleessaa immoo  Diyaaspooraan gargaarsii keessan kan biyya ijaaruu malee kan biyya diiguu tauu hinqabu jedhee eergaa Abyi Ahmed sirrattii dabarfateerakana jechuun WBO hingargaariinaa calumaa jedhaattii nafxanyaan isiin haafixuu jechuudha URL	negative
or_test_00379	Dan 6 2122 Daaniel immoo deebisee mootichaan Yaa mootii bara baraan jiraadhu Waaqayyo koo ergamaa isaa ergee afaan leencotaa cufsiise kanaaf isaan ana hin miine anoo isa duratti mudaa malee nan argame si durattis yaa mootii dabaa hin hojjenne jedhe	positive
or_test_00380	WBOn hojiitti jira shira diinaa fi holola diinaaf bakka hin laatu dandaaa ergamtoonni pp gooftaan keessan WBOn meeshaa diina irraa hiikee Qeerroo leenjisee hidhachiisee biyya abbaa isaa Oromiyaa ijaaruuf akkanaan hojiitti jira URL	neutral
or_test_00381	Ajjeechaa Jumlaa ummata Oromoorratti Raawwatamaa Jiru Kan Dhaabsisu Qabsoo Qofa URL	positive
or_test_00382	Duulli Menelik waggaa sadi3 dura Oromoota ilmaan Macaa irraatti eegalee daran itti hammachuudhan lubbuu Oromoota ilmaan Karaayyuu 22 olii nyaatee jira Ilmaan Oromoo hundi walii hinbirmatu tanaan hundinuu dabareedhaan dua eegachaa jirachuun isa beekamaadha  URL	neutral
or_test_00383	qabsoo suuraa diraama malee dhugaan takka lafa irra hin jirre warri warra kana waliin beekas tahee osoo hin beekin lafa dhiitan diina ilma namaati kayoon isaani guddaan qabsoo oromooti karaa cuufuu fi mootummaa basaasudha	positive
or_test_00384	Injifannoo WBO Lixa shawaaOna JIBAATARADDAA MOLUU FALLEETTI leenchichi diina saba oromoo kan taatee waraana bilxiginnaa akka baalaa harcaasee jirakoloneela tokko dabalatee OromoLiberationArmy URL	negative
or_test_00385	Nageenyaaf jecha fageenya dheeraa deemneerra Garuu dhaaba hidhatee biyya diiguuf obsa hin qabnu AbiyAhmedAli Itoophiyaan Injifatte URL	positive
or_test_00386	Hayyoota fi hogganoota siyaasaa Oromoo hundatiifMarii fi waliigalteen dabaa kun nun hin baasu Warra dhamaaa jiru kanas hin fayyadu	negative
or_test_00387	Ammajjii 082022 Godina Gujii Bahaa Magaala Nageelle Booranaa seenuun ganama barii saaati 0130 irratti diina irraa 12  17 madeessee meeshaale gargaraas hedduu irraa hiikuun weerartuu adaba itti tolche URL	neutral
or_test_00388	Akkam bultan Mee bakka jirtanii dararaa hamaa fisuukaneessaa Obboloonni keenya keessa jiran kanaafkaruma dandeessaniin namattis rabbittis iyyaa iyyadabarsaaAzaabni ykn Sioolin jedhan sunuu hanga kanahammaattii laata URL	positive
or_test_00389	False support OLF hate TPLF TPLF also hate and afraid OLF They never love each other Maal jedhee Saba keenya waraana diina waliin Tahee Dhaabatee of ilaaluu qaba Rakkoon Yoo jiraate obsuu qaba Amma juntaan daaraa taatutti Kaleessa TPLF ABO jettee nu fixaa turte	positive
or_test_00390	Minilik Oromiyaa gara Xoopiyaatti erga jijjiiree Oromoon dhiigaa fannifamaa qalamaa hidhamaa ariatamaa salpachaa fi beelaaa jira Oromiyaa diina harkaa baafnu malee rakkoon Oromoo ittuma fufa Kanaaf WBO jabeessuun dirqama URL OromoIsStarving	negative
or_test_00391	Minilik Oromiyaa gara Xoopiyaatti erga jijjiiree Oromoon dhiigaa fannifamaa qalamaa hidhamaa ariatamaa salpachaa fi beelaaa jira Oromiyaa diina harkaa baafnu malee rakkoon Oromoo ittuma fufa Kanaaf WBO jabeessuun dirqama URL OromoIsStarving	negative
or_test_00392	cobaa cek mataa dulu ajaa	negative
or_test_00393	Kufaatii Impaayera nama nyaataa sanii isa dhumaa daaimman umriin isaanii waggaa 18 gadii leenjisuun PPn Aangoo irra turuu fedhusuurri kuni mooraa leenjii RIB Kan Xollaayii irraa fudhatamesirriitti ilaalaawarri daaima kanaa booda boohuurra URL	neutral
or_test_00394	Erora ma fa gbo booda Kaso	neutral
or_test_00395	Obsa AbdisaKarrayyuuNamni kun Hawaas Bulgaa Roobaa jedhama Sirni qaroo Oromoo lafarraa balleessuu amaleeffate haftee Karrayyuu kana galgala haraa galaafateera Kun tuffii Oromoof qaban ifatti agarsiisuufi URL	negative
or_test_00396	Yeroo barii dukkana sanii	neutral
or_test_00397	Kufaatti Mootummaa Bilxiginnaa Koranel AbiyyiAhmed Kufaatii Isaa Dhumaa Guutuu Biyyaatitii Labsii Yeroo Muddama Labsaa JirtiiDhageefaadhaDownDownKoranelAbiyAhmed DownDownNafxenya DownDownBilxiginaAbiyOromiaShallBeFree URL	neutral
or_test_00398	Itti dhiisi warra dogoggora halkan tokkoon dhalatan keessaa tokko innis	negative
or_test_00399	BreakingNewsArtistDinqisaDabalaa Ummati oromoo quba naqabaadhaa namootni hin beekamne fuula dhokfatanii manakoo seenanii yaalii biraa narratti yaaluudhaaf erga yaadanii booda URL	neutral
or_test_00400	Wonti anii amerikaan jechuu barbaadu tokkoo yeroo hedduu wonti amerikaan kessaa jirtuu araara osoo hin tanee benzila itti naqti wonti jedhamuu ni jira garu amerikaan gocha akkanaa kanaa ni gooti tanaan amman booda dhisuu akka qabduu jedha anii akka dhunfa kottiti	positive
or_test_00401	Yaa waa irraffachu yaa nuhi jedhe hacen hingahuu wanti dalagaa jirtan amma du a namaa hawwuu eegaltanii URL	positive
or_test_00402	Minilik Oromiyaa gara Xoopiyaatti erga jijjiiree Oromoon dhiigaa fannifamaa qalamaa hidhamaa ariatamaa salpachaa fi beelaaa jira Oromiyaa diina harkaa baafnu malee rakkoon Oromoo ittuma fufa Kanaaf WBO jabeessuun dirqama URL OromoIsStarving	negative
or_test_00403	Namoota tokko tokko gugguufuun Ashkarummaan hidda dhiiga isaanii keessa waan jiru fakkaata Ofitti amanamummaa Dhaba Humna isaanii dabarsanii kennuun alaqa ofirratti muudanii guggufuuf Gorsis hin deebisu Hundaan ol ammoo NA WALIIN NAMA GABBARI yoo jedhan dhiiga nama dhaabu	negative
or_test_00404	Sirni gadaa nannoo hundaa kessatti haa baratamu yoo jedhamuu amhari fudhachuu didde fudhatama argachuu qaba isin fayyada male badii takka qabu	positive
or_test_00405	Daamxon Immiyyee kun Juuntan kallattii sadiinRasaasa 70 ol natti dhukaasetan takka osoo hinrukutamin jalaa baejedha As biratti dubbiinRukutamuu dhabuu miti 70 lakkaauu isaatifuuShallamamuu qaba Garuu brotherwho are you Areyou air Carbon Monoxide URL	positive
or_test_00406	Cibraan Soddoom Booroo diina Maraachiisaa jira IUOf	negative
or_test_00407	Biyyoota Gammachuu Ajaaibaa keessa jiraatan  URL URL	positive
or_test_00408	WarroonnidiinaakaraasaaqaajirtanTunsiintaatu karaakanabiradabarreejirraaBilaasha Afaan sin Ajaa win	negative
or_test_00409	Tapha siyaasaa giddutti lubbuun nagahaa dhumaa jirti	positive
or_test_00410	Magaalaa keessaa diina yaasee magaalota dhuunfataa jira WBOn URL	positive
or_test_00411	Bara Karaan Nagaya Jibbamee Qawween Dirqama taati Oromoon Carromuf jira	negative
or_test_00412	Sooreyyiin alagaa Oromiyaa saamanii qabeenyuma Oromootiin Oromoo ajjeessanajjeesiisan Sabni Oromoo akkuma safaricom sagalee tokkoon adabe sooreyyii alagaa kan Oromoo diinomfatan hunda jilbiiffachiisuun Oromummaa fi Oromiyaa kabajchiisuu qaba OromoVoice AidForOromia	negative
or_test_00413	and definitely do not die except as Akkasumas akka Muslimootaatti malee hin duinaa  URL	negative
or_test_00414	Oromoon Tokko Waliin gabroome tokkummaan qabsaayee bilisa baha WBO cinaa dhaabbachuun mallattoo tokkummaa fi dirqama Oromummaati IUOF WeStandWithOLA	positive
or_test_00415	Minilik Oromiyaa gara Xoopiyaatti erga jijjiiree Oromoon dhiigaa fannifamaa qalamaa hidhamaa ariatamaa salpachaa fi beelaaa jira Oromiyaa diina harkaa baafnu malee rakkoon Oromoo ittuma fufa Kanaaf WBO jabeessuun dirqama URL OromoIsStarving	negative
or_test_00416	Aadaa Walgargaarsaa Ummata Oromoo Cimsuudhaan Hawaasa Balaa Dandamatu ni Uumna URL	positive
or_test_00417	Yaa OromooOromoo Walloo irraa baradhu Hidhadhu walhidhachiisi WBO cinaa dhaabbadhu Mirgi ofittisuu selfdefense mirga UNn beekamti qabudha Diinonni keenya harka duwwaa nu hanbisanii tooftaan nu bitan URL OromoLiberationArmy WeStandWithOLA	positive
or_test_00418	We must work for the development of our country as our professionalHundi keenya guddina biyya keenyaaf hojjechuu wanna akkaataa ogummaa keenyaI must give good attitude to our country Dirqama biyya keenyaaf ilaalcha gaarii qabaachuu qabna	positive
or_test_00419	KFOn Miseensonnii fi geggeessitoonni isaa hedduun kora sabaa 2ffaa booda hidhamuu beeksise URL	neutral
or_test_00420	Humni Addaa Amaaraa Wallootti Ummata Oromoo dararaa jiraachuun dhagaame URL	negative
or_test_00421	Hayyuu keenya  jaal Gammachuu Ayyaanaa  nuf jiradhuu Qabsoo wbo tu bilisa si bassattiDhugaan jirtuu tanuma falmachuu wareegamuu wayyaa maalee mana taaani duuu duaa gadhee duuudha URL	negative
or_test_00422	Baaan qaba baaa Isa narraa buuu dide saniiMadaan qaba madaa Isa na fayyuu dide saniiBarana baaa sanis ofirraa buufnaMadaa Keenyas qoricha itti afuufna	positive
or_test_00423	Yeroo tokkoo tokkoo anumayu na ajaaiba ofuma woliin haasawa sagaleen kiyyaa alaa na jala baya yeroo sanii rifadhee waan namnni na dhagayee nati fakkaata yoomuu mira kessaa seenuu akkasati na hubadhaa	neutral
or_test_00424	Watch Tarkaanfiin WBOn Zoonilee waraanaa cufa keessatti loltoota diina irratti fudhatu itti fufee jira on YouTube URL	neutral
or_test_00425	Diina Oromo kan iittni test gotan Oromon yaada Nafixaanyaa deebisee dubbatuu Oromiyaa irraatti hojjaa irraa oolchuu tajaajilaa godhu jara kana firraa ofi taasissu dubba deemu dhiimma jara Oromo keesstti ibsuu  kuni diina Oromo tti	neutral
or_test_00426	Namni syaasaa dubbii cufaatiin ummataa waa hima garuu ummanni doomaa yo tahe hingaluuf Diinni garuu dubbii sun keeysaa jacha tokkoo lama fudhatee ummata doomaa sun dhamaayeeysa Lubootaa fii Dawaid ibsaa san dalgu jiran Diinni guddaan oromoo khan dhokatee maqaa ABOn oromo diigu URL	negative
or_test_00427	Mooichii kanuma keenya oloola diina fi yaada warri mooaman oofanin hin goowumnuu  ni injiiffana biyya keenyas geggessa keenya waliin ni ceesisna March4Ethiopia EthiopiaPrevails	positive
or_test_00428	kan waadaa  gatanii irbbuu nyaatanii qabsoo keessaa harcaatan kan garaaf jetanii ofi gurgurtanii nurattii hojeetan akkuma hinbriuu seeteejedhamu isiin moaamtaniittu Warrii qabsoo keessatti wareegamtaan fi warrii ammaa diina hunkuuteessaa jirtaan mootaniittu JMarroo	positive
or_test_00429	Goodina Harargee bahaa Aanaa Malkaa Ballootti ummanni beelaan dhumaa jira Hanga ammaatti namni 4 sababa beelaatiin duee jira yaa ummata keenya Waan qabnuun dirmanneefi duarraa haa baraarruu	neutral
or_test_00430	WBOn lafa diina irraa qulqulleesse hundatti  sirna bulchiinsa ummataa diriirsaa adeemaa jira Akka qabsoon oromoo itti guduunfamaa adeemaa jirtu  hubannee  qabsicha utubuun dirqama oromoo hundaatiBulchiinsa Godina  walloo URL	neutral
or_test_00431	YOYYAA   Akuman dubacha ture kunoo bilxiginaan DIORAMA SOBA AKKA ULLEE MARATONATTII WAL HARKA FUDHA MAXANSA JIRAN JAAL LIBAAN GURACHA GARUU GUYYAA HARA JOLLEE ISA WARAANA BILISUMMAA OROMOO WBO WALIIN DIINA GOGONBISSAA OLLEE  URL	negative
or_test_00432	Qorichi Namna dhukkuba gandummaan qabame  irraa fagaachuu qofa	neutral
or_test_00433	Godina walloo magaalaa booraa keessatti Liyyuu hayliin Amaraa kaabinoota walloo waliin tauun qotee bulaa oromoo walloo halkaniif guyyaa dararaa jirti oromoon walloo dukkana keessa jira lammiin lammiif gaachanaa haa dirmannufi	negative
or_test_00434	Oromoo koo Mee al tokko harka keessan ol naa qabaa irruman isinii busaaSaba seenaa isaa bekku isin haa godhuuAmenAmin	positive
or_test_00435	Waan Abiy fi diinonni saba Oromoo irratti hojjachaa jiran yoo xiinxallinu balaan saba keenyatti as deemu hedduu hamaa dha Kanaafuu sabni Oromoo tokkummaa fi humnasaa cimsatee badii irraa ofittisuuf WBO faana hiriiree nagaasaa eeggachuu qaba OromoVoice InvestigateAbiy	negative
or_test_00436	Yaa Oromo Oromoo Walloo irraa baradhu Hidhadhu walhidhachiisi WBO cinaa dhaabbadhu Mirgi ofittisuu selfdefense mirga UNn beekamti qabudha Diinonni keenya harka duwwaa nu hanbisanii tooftaan nu bitan OromoLiberationArmy OromoVoice WeStandWithOLA	positive
or_test_00437	Wareegamni Qeerroon Bilisummaa Oromoo ayyaana Irreechaa irraatti magaaloota Oromiyaa Finfinneef Bushooftuutti kan gabrummaa Oromoon keessa jiruu nu akeekudhaKanaafis uummanni Oromoo fincila eegalamee kana xiiqiif kutannoon itti fufuun qabsoo Bilisummaa Oromoo furgaasuuIUOf URL	neutral
or_test_00438	Oromookoo Kana dhaggeeffachuun dhaabbii kee tolfadhu sirnaan Nafxanyaan akka sabaatti addunyaa kana irra hin jirre akkanaan wal barsiisaa jirti Atis immoo diina kee barii qophii cimaa godhi Ofiifuu bakka jirtu hin beektuu akka waan jirtuu lafa keenyaaf foolatti Of qopheessi URL	negative
or_test_00439	Sabni humna ittisaa hin qabne weerara diinaa ofirraa qolachuu hin dandau Weeraraa fi waraanaa diinaa Oromoo irraa qolachuuf WBO jabeessuun dirqama Beekkomsa maallaqaa fi dandeettii keessan hundaan WBO bira dhaabbadhaa WBO jabeessaa OromoVoice StopOromoGenocide	positive
or_test_00440	ODUU GADDAA Ajjeechaa Sukannessaa Artistoota Oromoo Jumlaan Ajjefaman il URL via	negative
or_test_00441	Baga hiikamte Wanni sihidhe Saba keetif murannoo qabaachu keetif malee badii qabaateemiti HiikaHundumaa FreeTimeAll URL	positive
or_test_00442	Dur Qeesii Nafnyaatu jira ture amma Abbaa Gadaa Nafnyaas dhalateLameeenuu diggisii irraa deemtee firfaarsii nyaatti Qoshaashota maqaa Gadaan daldaltu badi asii jechuun dirqama Hayiluu Leellisaatu jedhe	negative
or_test_00443	Injifannoo Waraana Bilisummaa Oromoo Zooni Giddu Gala Kaaba Lixa Shaggaritti Cibraan Risaa Laga Mogor Ona Abunaa Gindabarat ganda Gaagoo Biiteetti kaleessa diina haleelee meeshaa irraa boojiamedha URL	negative
or_test_00444	Our culture is our beautyBareedduuOromo MargaBishaanLagaaNaduraasinyaatinBineensialagaajedheArtistn URL	positive
or_test_00445	Yeroo daiiman Oromoo garajabina hamaan rasaasa Ittii roobsanii ajeesan akka leencaa Goota ofigodhuu garuu Yeroo WBOn boojiaaman Aadurree manaa ofifakkeessuuHumnnii kuun Humnna addaa Diina Oromoo hajennuuyoo diina kaan boojiaamanii dhifamanuuisaan kuun gatii argachuu qabu URL	neutral
or_test_00446	Minilik Oromiyaa gara Xoopiyaatti erga jijjiiree Oromoon dhiigaa fannifamaa qalamaa hidhamaa ariatamaa salpachaa fi beelaaa jira Oromiyaa diina harkaa baafnu malee rakkoon Oromoo ittuma fufa Kanaaf WBO jabeessuun dirqama URL OromoIsStarving	negative
or_test_00447	Mootummaan Bilixignna ajaaiibuma baaseeObboleeyyan waan wal ajjeesiseeajjeesisaa jiruuf jecha madaaliyaafi gaachana kan ofbadhaasuboojiaamtoota warana kumaatama hedduu facaasee Kan dagateUmmataf dantaa kan hinqabnewaraan dhuma hinqabne qabsiisee kan qaqqaammatukkf URL	negative
or_test_00448	wbo koo wal malee maal qaban kanaaf waliin dhadaan yaa oromoo tokko nuf taaa asiif afachii hin gorinaa rakko yeroottif jettani diina jala hin figiin rakko yeroo yoo obsinee waan qabnu waliin geenye qabsoo keenya galmaan haganu dhignii keenya dhangalaa jiru kun waan xiqqoo siniti URL	positive
or_test_00449	Ajaaiba Marii haala yeroo irratti godhame kana hanga dhumatti dhageefadha URL	neutral
or_test_00450	HNNDuula Finxaaleyyii amaaraa Oromoonni Walloo akkamitti ifirraa qolach URL via	negative
or_test_00451	Sagantaan jiran hundi saba guddaf hin taan Namoota muraasa wajjin taaee akka saba xinna Oromoo ilaalani kan barreessan malee marii dheeraa fi rakkina saba keenya madaalu hin godhamne Kaaa lolaa duaa jechuun qofa hin mootu Rakkina abbotin keenya furan irratti kufa jirra	negative
or_test_00452	Wanti tae kan nama saalfachiisuDhaDr Asfaw miseensa koree OSAtu Jawar OSA irratti hirmaachuun kee dhaabicha diigaa nutti hin dhufin jedhee itti dubbate kunoo dhaamsa asii gadii tana Ebbisaaf ergee ani dhaabicha diiguu irra hafuu wayya jedhee jalaa hafe	neutral
or_test_00453	HahahahaMaal haa godhu namnoo hirriba dhiisee walhoraa bulaati Kan duaa bulurra kan dhalataa buluti caalaamUummata agabuu kana Omicron xab haa godhu	negative
or_test_00454	Sabni diina ofirraa hinqolanne baduu dandaa Diinonni keenya waggaa 150 ol ofii hidhatanii Oromoo harka duwwaa hanbisaniiruuOromoonllee seenaa irraa baratee diina isa balleessuuf hidhatee dhufe hidhannoodhaan ofirraa qolachuun mirga isaati OromoVoice AbiyMustGo	neutral
or_test_00455	Buaan qorannoo ajjeechaa Jila Gadaa Karrayyuu akka hin ibsamneef Aangaoonni Oromiyaa dhiibbaa gochaa jiru URL	negative
or_test_00456	Walloo koo Walloo koo Ijoolleen Warqituu Diina qeee dhufeef Yoomuu qoosaa beektuu Injifachuu maleesHarka laatte beektu  URL	positive
or_test_00457	Lixa Shaggar aanaa Jalduu Magaalaa Bonii tti WB0n diina kaampii keessaa ariee Battala isheewwaniitti qoosaa jiradaawwadhaa OromoLiberationArmy  URL	neutral
or_test_00458	warra mataan guduruuwarra diina hunkurujajjabee abdii sabaa kan kee maalumat fafaitti muddi	negative
or_test_00459	Hiriira diddaa dhiibbaa warra lixaa akka idil addunyaatti lammiilee Itoophiyaatiin bahame  URL	neutral
or_test_00460	Kun ajjeesuu qofa miti sanyii nama balleessuu dhaa cubbuu wallaah URL	negative
or_test_00461	Oromoo wajjiin duula waggaa 500 duraa keessa jirra Diina keenya kan kan tahe balleessuu qabna Asaamminoo Tseggeetu dubbatee ture Faannon karoora san galmaan gahaa jirti Oromoon garuu walqoonnee wallolaa jirra Yoo waloon hin qolanne dubbiin yaachistuudha Its now or never	negative
or_test_00462	UPDATEGootichi waraana bilisummaa oromoo zoonii lixaa galgala kana weerartuu konkolaataa 19n magaala Gimbii seenuuf turte bakka DhagaaDhaabbii jedhamutti barbadeesse	neutral
or_test_00463	Kan dua wal irrati ilaalu oromoo qofa Kan falmatee galma hin geenye oromoo qofa Kan wan isa qofaf duu oromoo qofa Kan baayinan salphate oromoo qofa	negative
or_test_00464	Dargaagoon Oromoo Ormaaf duuun bayyina Oromoo xiqqeessee hamilee matii Oromoo cabsee Diina Oromoo irratti goobsuuf yoo hin taanee Fayyidaa hin qabuOromoon amara bilisoomsuuf loluun isaa Garbummaa nuf toleera bilisummaahin feenu akka jedhettin ilaala	negative
or_test_00465	Isas dhabee dhugaa isaas dhabeDubartii jabduu dhiiga Abbaa Manaa isheetiif falmattu Guyyaa haqni Hacee mulatu fagoo miti Lubbuu qulqulluu badii tokko malee Zulmiin ajjeefameef Rabbi haa tumsuHacaaluun falmaa mirga Oromoo dha URL	positive
or_test_00466	WBO Zoonii Kibbaa  Otoo Lolamaa Jiruu Bobaa Diinaa Jalatti  Gaafa 452022 Humnaa Haarayaa Eebbisiisee Dirqama Itti aanuf Qopheessee URL	neutral
or_test_00467	Watch ODUU Hatattama WBOn Waraana PP Jumlaan Ajjeesaa Jira Ajjeechaa AfYaaii Bilxiginnaa  OMN Ethiopia on YouTube URL	negative
or_test_00468	Boring always fake tongueDhugaa dubbatanii bakka namatti dhihe buluu wayya jedha Oromoon	positive
or_test_00469	Haalli Itoophiyaa keessa jiru yeroorrraa gara yerootti hammaachaaa dhufeera Keessattuu yeroo ammaa kanatti gama tokkoon uummanni beelaan dhumaa yennaa jiru kanatti gama biraatiin ammo mootummaan daaimman ilmaan Oromoo hegeree biyyaa taan rasaasaan fixaa jira URL	negative
or_test_00470	The Harder the training the easier the battle Ones If you want to continue leadingyou must continue changing Shaakallii Cimaan dirqama Dirree lolaa itti tau siif  salphisaa  Gaggeessuu kee itti fufta taanan jijjiiramuu kees itti fufa URL	neutral
or_test_00471	Warri ati argitu kuniIlaallan simboon toluLoltuu Raashiyaa mitiWarra Yukireen lolu USAn hin leenchisneDoolara itti baaseeGalaanichatu guuteeQurxummii bakkee yaaseLoltuu sabaaf loluudhaWarra lubbuu laataniKaayyoo manaa baaniifTasa irbuu hin nyaatani URL	positive
or_test_00472	Yaa OromooOromoo Walloo irraa baradhu Hidhadhu walhidhachiisi WBO cinaa dhaabbadhu Mirgi ofittisuu selfdefense mirga UNn beekamti qabudha Diinonni keenya harka duwwaa nu hanbisanii tooftaan nu bitan URL OromoLiberationArmy WeStandWithOLA	positive
or_test_00473	Koyyoon dhugaa dhagaa nama boraafachisabooruu nama obaasa ija muka nama soorachiisa WBOOromoLiberationArmy URL	positive
or_test_00474	Mataan KFO duraanii Gabiruu Gabiramaariyaam Sobuurra darbbee Aalbastii garmalee xiraayuu Albauun Ajaaan biyya baldheesseYaa WBO oobsaa siif kennee nan ajaiibsiifadhaGootawwan gootoota caaluu isiniin qoofan argueDiina aalaa caalaa diinnummaa Oromoo danddamachuun ajaiiba	negative
or_test_00475	Wamiichaa Dirqama Oromummaa baauuJajabeen Kaayoo Ganamaa  Qabsoo Bilisummaa Oromotiifii WBOtii naaqamtee Qaawee kaasuu feeteeKootaa WBO Tuumsaa URL URL	negative
or_test_00476	Minilik Oromiyaa gara Xoopiyaatti erga jijjiiree Oromoon dhiigaa fannifamaa qalamaa hidhamaa ariatamaa salpachaa fi beelaaa jira Oromiyaa diina harkaa baafnu malee rakkoon Oromoo ittuma fufa Kanaaf WBO jabeessuun dirqama URL OromoIsStarving	negative
or_test_00477	Oromiyaa keessa beelliifi beelaan dhukkuba walqabatee jiru akkamitti ittisuuf yaalamaa jiraa laata URL	positive
or_test_00478	Namoonni biyyaa fi aadaa adda addaa irraa haaraa gara Yunaayitid Isteetis dhufan abjuu Ameerikaa keessaa qaban faana dhauu dhaan hedduun milkaaina argataniiruURL	neutral
or_test_00479	Ethiopeans UnityTo save their sovereigntyNational interests should require priorityBirmadummaan biyyaa ni dursaFedhiin biyyaalessaas dirqamaTokkummaanis humnaaKanneenfaa jabeeffadhaa walitti himaa URL	positive
or_test_00480	Inispeekter Nugusee Gurmeessaa kan Uummata Oromoo ajjeesisa jiru dua Haacaaluu Hundeessaa keessaa harka qabachuu keessa beektonni saxilaan URL	neutral
or_test_00481	Fakkeenya gootummaa jaal Guutuu Caalii isiintu roorroo diduu nu barsisedaandii keessantu jireenya keenyaf sababa guddaadhaWalabummaa oromiyaatif aarsaa lubbuu baaftanGalatoomaa URL	positive
or_test_00482	JIMMAA EEBAKITAABA AbdiGetachewAbebe Hinseenee borr eebbifama ture Garuu erga keessummoonni kabajaa biyya adda addaarraa dhufanii booda eebbi kitaabichaa Warra akka TemkinSheref fi Warra shira malee hojii hin beekne inaaftota saamtota bulchiinsa magaalaa URL	negative
or_test_00483	Uummaanni keenya OPDO Amantaansirbu dhiisatii Hayyoota keenyaaf eeggannoo barbaachisuu tasiisafisirni Hayyoota keenya hidhe dararaa ture bakkuma jirra akka Waan sirni kuni cabetti Akka hin fudhanne jechumaf	negative
or_test_00484	Hara galgalaHarargee Bahaa Qobbootti waraabessi Ummata dararaa tokko ture biyyetti dabalamee Jira	neutral
or_test_00485	Beelli Oromiyaatti lubbuu namaa galaafateKFOAjjeechaa suukanneessaa O URL via	negative
or_test_00486	Yooyyaa Yooyyaa oromoo kiyyaa qaaliiWaliitti deebinee jirraan ammaa booda URL	positive
or_test_00487	Warri qabsaahota Oromoo adda qoodanii itti duulan warra yaada dhiphaa qabani Dhiphummaatu Jawar nama arrabsiisa Dhiphoota	neutral
or_test_00488	godina Booranaa Ona mooyyalee ganda Arganneetti tarkaanfii laalessaa fudhateen  Bulchiinsa fi nageenya gandicha galaafateBifuma wal fakkaatuu  ganda maddootti qabeenya diina daara taasisee jira	negative
or_test_00489	Qomookoo Ijji addunyaa gaafa humna cimaa taanee baanu dirqamtee nu ilaalti malee dadhabina keenyatti jaamadha Kanaafuu humna guutuun kaanee diina keenya nafxanyaa balleessuu qabna Qaamni sirna nafxanyaa jiraachisu hundi gatii argachui qaba  Addumaan mataan irraa cituu qaba	neutral
or_test_00490	Oromoon walarrabsoo isa duriitti gadi deebiuu hin qabdu Walqeequun dirqama haala amma keessa jirru kanaan garuu eenyuyyuu hin moatu Buaas hin qabu Yeroon yeroo rakkoon cimaa ummatakeenya irratti gaaa jirudha Walobsuun dirqama Dhimma ummatichaa haa dursinu	positive
or_test_00491	KuyyuuKaaba Shaggar Ona kuyyuu qarqara magaalaa aanichaa bakka addaa Ulaa huummoo jedhamutti gootichi diinaa heedduu dhabamsiisuun konkolaataa diina deddeebistu lama boojie	neutral
or_test_00492	Yoomiyyuu taanan TPLF diina uummata Oromoo fi Biyya keenya Itiyoophiyaati	negative
or_test_00493	Oromoo iji diina hayyoota kee Baqqaalaa Dajanee Hamzaa Jawaar Gammaachuu Abdii Dawud irra jiraachuu hin dagatiina Lubbuu isaanii bararuni dirqama Oromoo hundati Harka diina micciri lubbuu hayyoota kee oolfaadhu	neutral
or_test_00494	Marqaa wayitii ati Garatti qaban kan hin qabne  Hammuma PP afaan si keesse afaan bante of keessa baasta Waa beektan see DUWWAA wayiiti ati	negative
or_test_00495	DARARAA MANA HIDHAA QAALLITTII Ilmaan Oromoo shiraan Mootummaan Abbaa Irree Abiyyi Ahimadiin duurfamu Mana hidhaatti murtee dabaa itti murteessee jiru irratti dararaan hammaatee jira Kanneen keesaa SHAASHOO ANBASSEE fi BOJAA GIRMAA yeroo ammaa kana badii URL	negative
or_test_00496	Minishirii gabaabdu nu ijoolee Marrooti ciqiciqi hin barbaanuJawaar garmaamamu tola maa mana hidhaa oolaABO yaa dhiirsa diina dhuftani reeODUU Hatattama Qeerroon Jawar fi jaal marro Masaraa motumma Abiy Buqasa  URL via	negative
or_test_00497	Qarree fi qeerroon bilisummaa Oromoof jireenya keesaan wareega lattani waa hunda dandeessani bosona Oromiyaa keessa jirtan biyya ofii irratti warri diina waliin hin nyaane harkas hin laanne kabajaatu isniif mala OromoliberationArmy OromoVoice	positive
or_test_00498	BoqonnaahaaraaijaarsaDimookiraasiiwaliinutuu nuti hin diigamin Itoophiyaan hin diigamtu jechuun diina keessa fi alaa wal ijaaree Itoophiyaa diiguf gurmaae bittinneessuun Itoophiyaan biyya cimtuu tauu ishee kan mirkaneesse hoogganaa Cimaa DrAbiy Ahmed URL	neutral
or_test_00499	InjifannooLixaaBeegii  Qashmaandootti farreen Oromoo fi Oromummaa akka ajaaibaatti hunkura oole heedduu wanneessee jira allaattiiniis quufte  Amaa Ambulaansiin 6 wannooshee rifeeraala Hospiitaala Naqamtee fiddee Jirti hajooftuun	negative
or_test_00500	BREAKING Itoophiyaan rakkoo hanqina maallaqaatirraa kankae Imbaasii ishee Aljeeriyaatti argamu cufteImbaasin Itoophiyaa biyya Aljeeriyaatti argamu ibsa harabaasen  dhiibbaa weerarri vaayirasii koroonaa diinagdeeItoophiyaarratti akka malee geessisen rakkqinahanqinhanqin URL	neutral
or_test_00501	Ajaaiba Rabbii nama Dinqisiisa jedhe Artisti Fayyisaa FuriiKanneen Suuraa isaanii argitan kun PPn Aanaa Kuyyuutti shanee toatame jettee  sobaan ummata burjaajessaa jiruQonnaan Bultoota walitti qabanii Meeshaa waraanaa Wajjira Poolisiitirraa baasii itti hidhanii akka waan URL	negative
or_test_00502	Jawar nami ini itti siiqee naga hin argatu tokko tokko of jala rukuta asi gaee  ABO diina tokkof goodhate diiguuf bara isaa gutuu irrati hojeeta jira  warra OMN ijare diina 2faa  Solomon Urgashe Abdii Fixee fi gazeexeesitoota hunda facasee bakeeti gate WBO diina 3faa goodhat	neutral
or_test_00503	5 Naannoo Amharaa fi Affar deebisanii dhaabuun dirqama Naannoolee hundaati deebisanii dhaabuun kun garuu Oromiyaa fi Tigraayi hin ilaallatu Amma Shanee fi TPLF jiranittii Oromiyaa fi Tigraayi saamuun ajjeesuun hidhuun dirqama jetteetti5n	negative
or_test_00504	URL Abebe akkuma Haile Silase Cubbu Walloon dhiyyooti badi Adanech Abebe fi Finfinnee shame on you Walloon 300000 mana irra buqaaan beelaa fi sooman mana malee utuu agabuu bulan isaa irrati amoo faannoon utuu ajeefaman isaanin gargaruu dide	negative
or_test_00505	Lubbuu ilmaan oromoodha gatii dhaabe jira rabbii guddaa haa dubbatuu malee waaee keenya Tokkummaa dhiisneetu Impaayeera suphuuf fiignaa Oromoon kunoo akkanaan dhumaa jiraa Oromoo dammaqi hidhadhu gurmaaii bilisummaa arguuf W3O jabeessi Mass killing of Oromo people URL	positive
or_test_00506	Buaan qorannoo ajjeechaa Jila Gadaa Karrayyuu akka hin ibsamneef Aangaoonni Oromiyaa dhiibbaa gochaa jiru URL	neutral
or_test_00507	Kana booda barri WBOn bosona keessa qofa dhukatee jiraatu xumurame WBOn Amma Of ittisurraa gara diina haleelee barbadeessee lafa Oromiyaa bilisoomfachuutti cehee jira URL	neutral
or_test_00508	Abjuu natti fakkaata Haaceekoo dhabnikeeDhuguma duute mooJirta anoo sin shakkee    Amanee hin fudhanneHanga ammaa dua keeHalkanii fi guyyaan eegaDeebitee dhuftaa kee   Erga ati deemtee Balbala hin cufanneSumaan eegaa jiraAbdii hin kutanne  URL	neutral
or_test_00509	Obboo JawarMohammed Itti Aanaa Dura Taaaafi Itti Gaafatamaa Haajaa Alaa KongiresiinFederaalistiiOromoo Tauun Muudaman Dirqama Itti Kenname Haalaa Gaariin Baachuufi Waadaa SeeneeBulloo Hayyicha Sanyii Gootaa Bara Hojii Garii Siif Haa Tahuu Congratulations URL	neutral
or_test_00510	Walleelee Tigriffaan beekamuu Daawwiit Naggaa Dilbata kaleessaa duan addunyaa kana irraa boqotee jiraWellisaa Daawwiit guyyoota safiif hospitaala Addis Hiwoot jedhamu kan Finfinnee keessatti yaalamaa eega ture booda lubbuun isaa darbe artist music URL	neutral
or_test_00511	Kaii Keessaa fi alaan wal ijaarii falmadhu Garee fi gitaan wal qooddee duaa hin jiraatiin Akka dubartii ulfaa teessee  Saveourleader hin jedhiin Kun qaaniidha Dammaqisaveoromoo	negative
or_test_00512	Finfinnee kan beenne barsiisuuf karaa dandaame cufaan duula godhuun dirqama URL	negative
or_test_00513	Ati asii ajandaa ofii WBOn Oromiyaa irraa diina ofaa jirati	negative
or_test_00514	Itiyoophiyaan Biyya Amantaa Sabaafi Sablammoota Adda Addaa Qabdu Tahuun Isiidha Beekkamaadha Ilaalcha Booda Hafaa Duulloomaafi Ilaalcha Addaan Wal Qoqqooduu Gidduu Keenyatti Argamu Dhabamsiifne Yaadama Haaraafi Ilaalcha Tarkaanfataadhan Bakka Buusuun Dirqama Hunda Keenyaati URL	positive
or_test_00515	Turtii yeroo dheeraa booda Haadha Oromoo fi AbbaanOromoo waal arganii jiruBaga waal Agartan URL	positive
or_test_00516	HNNMay 16 2022 Itoopiyaa naannoo amaaraa tti General Teferraa Maammo qaama hin beekkamneen kan butamee jiru tahuu matiin isaa ibsanWaan Dabaa kuns Jiraa URL	neutral
or_test_00517	Furmaata ilma namaaf furmaataNamni garaa ilmoo namaatti jabaatu waaqni garaa hin jabaatu hammeenyumman kana caalu dachee gubaa hin jiruDhimma lammiilee keenya Saudii mana hidha keessatti dararaa argaa jiraannif namni namummaa qabuuf fayyaa qabu sagalee tauuffiin dirqaama URL	positive
or_test_00518	WBOWollga Libration front is a disasterOromoon isiin bakka butaan tokko hin jiruisiin ganda keesanuu gubdaani eenyuutu isiin fedha kana boodaOromoo qodu tish kijbdu duru kanatuu isiin salphise ilmaan cuubbuu yaa diqaloota gojame buna gurrachu wollaga dhufitte dhalitte	negative
or_test_00519	Yaa OromooOromoo Walloo irraa baradhu Hidhadhu walhidhachiisi WBO cinaa dhaabbadhu Mirgi ofittisuu selfdefense mirga UNn beekamti qabudha Diinonni keenya harka duwwaa nu hanbisanii tooftaan nu bitan URL OromoLiberationArmy WeStandWithOLA	positive
or_test_00520	Minilik Oromiyaa gara Xoopiyaatti erga jijjiiree Oromoon dhiigaa fannifamaa qalamaa hidhamaa ariatamaa salpachaa fi beelaaa jira Oromiyaa diina harkaa baafnu malee rakkoon Oromoo ittuma fufa Kanaaf WBO jabeessuun dirqama URL OromoIsStarving	negative
or_test_00521	wareegamuu Haacaaluu fi Dua Nuhoo booda waan maxansee seenaaf QABSAAAAN NI KUFA QABSOON ITTI FUFA  June 292020 Kaayyoo inni Nuhoo umrii isaa guutuu aarsaa itti godhe galmaan gahuuf waadaa keenya haaromsina January 19 2022 URL	positive
or_test_00522	Korri WBO Finfinnee hanga Lixa Oromiyaa hirmaachise milkiin obbaeeraWaaree booda ONM eeggadhaURL	neutral
or_test_00523	Ethiopeans UnityTo save their sovereigntyNational interests should require priorityBirmadummaan biyyaa ni dursaFedhiin biyyaalessaas dirqamaTokkummaanis humnaaKanneenfaa jabeeffadhaa walitti himaa	positive
or_test_00524	Yaa Allaahu yaa rahmaan waan sin dhibneen nun dhibin kaaliqa kiyyaa dhibamaa keenya hundaa nuu aafiyi  Aamiiiiiiiiiiiin Allahumma Aamiiiiiiiiiin URL	positive
or_test_00525	Minilik Oromiyaa gara Xoopiyaatti erga jijjiiree Oromoon dhiigaa fannifamaa qalamaa hidhamaa ariatamaa salpachaa fi beelaaa jira Oromiyaa diina harkaa baafnu malee rakkoon Oromoo ittuma fufa Kanaaf WBO jabeessuun dirqama URL OromoIsStarving	neutral
or_test_00526	Oromoon ofiif furmaata tau malee namarraa furmaata eeguu hin qabu Sochiin hawaasaa dhiibbaa inni mootummaa abbaa hirree irratti fidu salphaa miti Abbootiin hirree humna hidhate caalaa sochii uummataa sodaatu URL	positive
or_test_00527	AmaraFanno yetim tebetino inde qura mecohun qexilobetal Oromoon bakka jiru hundaa diinasaatti gadi bahee itti cabsuu qaba WBOJabeessaa URL	negative
or_test_00528	Ummanni Oromoo WBO gargaaruu qofa otoo hin taane akka dhalanamaatti kabajamuuf lafa jiraatu maratti ofumasaa WBO tauun dirqama filannoo hin qabneedha Yaa Oromoo kai Hidhadhu Walhidhachiisi WBO tai IUOF OromoVoice OromoIsStarving	neutral
or_test_00529	GOOTATU SEENAA GOOTA YAADATAGOOTATU QEEE GOOTAS GAAFATAGOONI QABSOOF BAHEE HIN DUUNEINNI QABSOOF DUES HIN DUUNE   GOOTTA DUA MALEESEENAAN GOOTAA HIN DUUGootota injifannooSabaaf wareegamanSeenaatu yaadataKaayyoo gootota keenyaaAarsaa kafaluun Galmaan geenya URL	positive
or_test_00530	Jarri Sammuu badii malee Sammuu nagaaf yaadu hin qabani jaaloo	negative
or_test_00531	Ona Saasiggaatti Waraanni Muurna PP Uummata Nagaa Ajjeesuun Dhagaaame  Qeerroo Bilisummaa Oromoo URL	negative
or_test_00532	Waraana wbo San jaaru keessatti jaarraafi Adam tukkaalee Ali mulis gadaa shoora guddaa tabatanYeroo San keessatti kan nama AjaaibuJaaraan Abbaa gadaa wardiya maleeDeema ture	neutral
or_test_00533	Misooma keessatti ummata walitti fiduun haqa walqixxummaa fi bilisummaa mirkaneessuun dursa argachuu qabaBabalinni naannoo mulannoo finxaaleyyii keessaa isa tokkodha Waan siifi biyya keetiif tolu hojjedhu Lammii irratti loogii hin godhinaa	positive
or_test_00534	Akeekni ykn Galmi Qabsoo 2 qofaa 1 Qabsoon Farra koloonummaaDecolonization Mootummaaijaarrachuun goolabama2 Qabsoon DimokiraasiiDemocratization AangooQabachuun goolabamaOromiyaan biyya	neutral
or_test_00535	Link kana banaa daawwadha me waan nama dinqisiisu kan ajaaibaa argitu dhugaa rabbii  URL	positive
or_test_00536	WhatsApp irratti waan namni isiniif erge kanneen akka  Photo Video audio fi voice faa yoo gadi isiniif buuu dide Ykn banamuu dide akkamitti akka sirreeffattan isin B daawwadhaa Video isaa daawwachuuf link kana irra tuqaa URL URL	neutral
or_test_00537	Maatiin haqa joollee keessatti yoo dogongoran ijoollee dhiifama gaafachuun dirqamadhiifama gaafachuufi kabajaan dirqama ijoollee qofaa miti Ilmi ati hardha kabajaafi dhiifama hin barsiifne boru nama akkamitti kabajamaaloo gadi of qabaaballeessineerra jedhaanii	neutral
or_test_00538	Ijoolleen akkasiin bosona k eessatti bilisummaa saba isheef jecha of kennite tana gaafi ishee deebisuun dirqama URL	neutral
or_test_00539	I see hope for OromiaDukkana dukkanaat ibse  URL	neutral
or_test_00540	Minilik Oromiyaa gara Xoopiyaatti erga jijjiiree Oromoon dhiigaa fannifamaa qalamaa hidhamaa ariatamaa salpachaa fi beelaaa jira Oromiyaa diina harkaa baafnu malee rakkoon Oromoo ittuma fufa Kanaaf WBO jabeessuun dirqama URL OromoIsStarving	negative
or_test_00541	Dubartoota as keessaa jirtu kana irraa of eega Gafaan jedhu hundumaan miti Sababa suuraa aguggatte fi tweet ishee gootee qofa ati qabsoo dhugaa geggesita jedhu Waan ati jette hundaa godhes kan yaada kee isaa ati irraatti mariacha jirtu diinaf displaygodhu	positive
or_test_00542	Hunduu beekuu qabaSaba keenya irratti marii dabaa mariachuun falaa fi furmaata hin tau	positive
or_test_00543	hub akkuma umaanni Eroupe yemmu indanoota fi gurraachoota heddu sanyii baleessuun lafa isaani irra dhabma godhani lafa duwwaa ilmi nama irra hin jirre jechuun wal afeerani ameerika harra tolfatan Ummanni amaara sirna oofa jiruun ilmaan oromoo oldhufan daguuge of ijaara jira	neutral
or_test_00544	Yaarabbi kan horre hunda kan keenya nuuf godhi Diina keenya nurraa barbadeessi Kan Oromoo jibbu nurraa fageessi  URL	positive
or_test_00545	Adda Bilisummaa AgawuALFCunqurfamtoota akkuma keenya Cunqursa jala bahuf falmaa afaan qawweetti jiranSibiilli akka Nama kabaachisuu Saba Bicuuf iyyuu galeera URL	negative
or_test_00546	Toftaa Diina Kan Doomsu Tokkuma OromoottiLolli Dirqama Dhabachu QabaLoli Dhabachu Bannan RakodhaTokkuman Oromoo Nii LaffataHumni Wal Waraanu Nii BaayataXiiqifi Haalonis Hogantota Gidutu Ni BaldhataJawarMohammed  WaltajjiGalatooma Tour Hasawa JarmanfiFaransayittia URL	positive
or_test_00547	Eenullee Jawar qeequuni dhooggamaadha hin jedhne Maqaa namaa balleessuu dhiisaa jedhe malee Eessatti Jawar WBO arabse Mee naa ergi Garuu sitti hima amma hin argitu Eessallee Jawar WBO hin arabsine Akkanumaani maqaa namaa balleessaartani	neutral
or_test_00548	Namichii Marataan   Jedhuu kun Karoorri Oromoo fi Oromiyaa cabsuu waan gochuu dandau hunda raawwatee jiraOromiyaa diiguuOromoo jettee of waamuu dhorkuuAfaan Oromoo akka hin guddanne dadhabsiisuu Amaarinyaa humnaan sifudhachiisuu	negative
or_test_00549	Ajjeechaa fi barbadinsa qeee qabeenyaa Oromoo Hambisuuf social media irraa booyuu fi odeessuu mitiGaruu tokkummaan falmachuu fi qabsaawuu qofa Maaliif mootummaan silaa Oromiyaa bulcha ofiin jettu teessee Faannoo mootummaan amaaraa Leenjisee hidhachiise gabaafti miidiyaan	negative
or_test_00550	Haasawa dhiyoo kana parlamaarati dr abiy haasawan kessaa kan dubatan woyyaaneen amman booda akka daakuu qilleensarrati facaasameti hin jirani jechuun isaani maal jechuu barbadeti	neutral
or_test_00551	Ayyiii carraa lammii koti yaa Oromo too Baka jirta marahu Sagalee iti jabadha ijoolee dhumaa jirti maloo kessattu warrooni page gurgudda qabda adara ajanda godha dha  URL	negative
or_test_00552	Abdiin Saba Zoonii Kaaba Wallootti diina kashakasheera odeessa guutuun Walitti deebina	negative
or_test_00553	Yaa OromooMataa kankee malee deeggarsa biraa hinqabdu  Waaee kankee namni siif barreessu fi siif dubbattu hinjiru Ummata kankee kan dhumaa jiruuf sagalee tahi	positive
or_test_00554	Dhagaa diinni nutti darbate walitti qabnee OMN ittiin ijaarre  Jawaar Muhaammed URL	neutral
or_test_00555	Duuaa keesaa kan baanuu Oromiyaa biiyaa kengaa o duunfanee duuwaa dhaaItopiyaa warii suupuu fiigdhanii duutii Oromoo issiniitii hiidhaagaaamuuhangofii horiidhaa jeetanii umrii OPDOPP dheereesuunii guuyaa guuyanii duaa Oromoo deegaruu dhaa URL URL	positive
or_test_00556	Minilik Oromiyaa gara Xoopiyaatti erga jijjiiree Oromoon dhiigaa fannifamaa qalamaa hidhamaa ariatamaa salpachaa fi beelaaa jira Oromiyaa diina harkaa baafnu malee rakkoon Oromoo ittuma fufa Kanaaf WBO jabeessuun dirqama URL OromoIsStarving	negative
or_test_00557	Yaa OromooOromoo Walloo irraa baradhu Hidhadhu walhidhachiisi WBO cinaa dhaabbadhu Mirgi ofittisuu selfdefense mirga UNn beekamti qabudha Diinonni keenya harka duwwaa nu hanbisanii tooftaan nu bitan URL OromoLiberationArmy WeStandWithOLA	positive
or_test_00558	Yaa oromoo koo Tokkummaakeenyaa hamaa hin cimsineeti yomuu duti akka nura dhabane arguti jiraa  Wantootta  barbachisoo tanii fi Tarsimoo namaa hawatan  basuun dirqama aktivistoota teenyati	positive
or_test_00559	Godina Shawaa Bahaa Aanaa Boosat Ganda Hadheechaatti finxaaleyyii Faannoo daangaa dabruun lubbu namoota 7 galaafate URL	negative
or_test_00560	Jabaadhaa sagantaa abboota ofii jabeessuun dirqama	positive
or_test_00561	Diqaalonni oromoon gowwaadha omaa hin beeku jettee amanti Gola oromoo hunda seentee waliin dhoofti Oromoo fakkaattee ilmaan habashaatif dalagdi Nama muudii ishii irratti bare maallaqaan bitti yoo dide ni ajjeesisti   URL	negative
or_test_00562	Ayii OPDO  Salphoo fi sobduu duwwaa	negative
or_test_00563	Hidhaa seeran alaa yeroo dheeraatiin booda Koloneel Gammachuu Ayyaanaa haraa hiikamee gara hidhaa balaatti as makamee jira HundaHiikaa freeallpoliticalprisoners URL	neutral
or_test_00564	Biyya tana fiigeetis itti dhiigeetis warri asiin gahe nuhiGaruu keessa jiraanne malee seenaa isii keessa hin jirruDhalootni ammaa akka biyyi tun fiigichaafi dhiiga kheenyas galata galchitutti ijaaruuf dirqama qabaOromo Ethiopia	positive
or_test_00565	Oromo diina akkaa keeti kana ofiirra adda baafte beeyte yoo Sumaa mataa keetirra dhigaa gad naqee kafaalu hin eegalin biliisummaa isaa hin jirtu Diqaala ati qoosa jirta garuu Oromo kana dafee hin galtufii dhugaa sittii himaa jee of cinqaa osoo ati diina san keeessa tokko	negative
or_test_00566	This gross violation of human rights is happening in Saudi Arabia Jarri kun diina miti Lammilee jiruu fi jireenyaaf Saudi  deemanidhaUummanni sagalee taeefii yoo gaaffii hin gaafanne eenyutu dubbataafi URL URL	positive
or_test_00567	AMMEE Ona Dagam Yaayyaa harootti W3On injifannoon ajaaibati galmeesse	positive
or_test_00568	Ilmaan Afirkaa yorootti walbira dhabbachuu qabnuu fi dhiibbaa ofi irraa qollachuu qabnudha	positive
or_test_00569	Oduu Injifannoo WBO zoonii bahaoromiyaa WBOn Zoonii bahaa oromiyaa  keessa sochou  godina harargee bahaa aanaa cinaaksan Aradda kooraa Dawwee iddoo bubbee jaamtutti Lola guyyaa arraa roobii saaaa 525AM irra gaggeefameen irreefi gachanni ummata oromoo WBOn diina gubee	neutral
or_test_00570	Waliigalteen taasifamee guyyaan booda Raashiyaan buufata Yukireen misaaelaan haleelte URL URL	neutral
or_test_00571	Suusen intala garaa laaftu tahe Intalti garaa laaftu obboleessarraa ulfoofti Laafina isaatin kennamne Way nuu godhaaf isa hin eeggannu Nagaya tahee jiraachun isaa garuu waan gaaridha Walumaan gowwoomfamnewalumaan ganamne Dogoggora akka uume innis of baree jira jedheen 12 URL	neutral
or_test_00572	So what Afaan duwwaa malee waan fiddu hin qabdu	negative
or_test_00573	Alaaba Oromoo ibsiittu dukkanaGuyyaa siin dhabane garbummarra bana  URL	neutral
or_test_00574	WBO eebbifami mirgaan gali diina oromo fi oromia haxaawii balleessi	negative
or_test_00575	Wallaalaan Qubee Afaan Oromootuu baruuf fedhii hin qabne hayyootaa fi qabsaawota komatuu afaan tuffiitin itti dubbatuufi arrabsuun homaa hin dabalu Qabsaawonni karaa hidhannoo alaatti amanan jiraachuun WBO dadhabsiisa yaanni jedhu garuu dogoggora	neutral
or_test_00576	Kana ture amantiin isaaniis ahhh Oromoo tiyya kan kalessa gumaa hin gafane   garaan nu gubbate yoom akka bakka raffine kana kaanu kan na dhibuu  jallanKeenya diina waliin nu fixee  URL	neutral
or_test_00577	Galataaf ulfinni kan uumaa keenyaati goomattuufi inaaffaan kan diina keenyaati biyyiif sabni nagaaf jaalala barbaada  URL	positive
or_test_00578	Marii araaraa mootummaa Itoophiyaa fi humnootii Tigraay jidduutti gaggeeffamu filannoo Keeniyaatiin booda eegalamuu dandaa jechuun akka abdatan qondaalli siyaasaa Ameerikaa olaanoon dubbachu isaa maddi oduu Faransaayi AFPn gabaaseURL	neutral
or_test_00579	Jabaadhaa gootota Karrayyuu Gootni gaachena biyyaati Akkuma dur gootan san diina harka dhiigaa biyyetti galchaa	positive
or_test_00580	Uummata bakka isaan buuse kan tuffatan afyaaichas tuffatanii waca kaasan malee uummaticha jara qofatu bakka bueey Dhiisi yaa dokteer badii gahe sana nama kamuu dura kan afarse badicha kan qopheessee wajjin tokko natti fakkaata	negative
or_test_00581	Ifni hiika hin qabuYoo hin ibsin dukkana URL	negative
or_test_00582	Barcuma Mootii Dhugaa Barbadduu Kan Duwwaa Masaraa Mootummaa Ittiyoophiya Keessa Tauu San Abbaan Dhugaa itti Dhufaa Jiraa OPDOBiltsiginnaa Abbaan Dhugaa Dhugaan Hojjeechuuf Dhufaa Jiraa Karaa Irraa Gorii Birraa Wal Agarra Abbaa Dhugaa JawarMohammed Wajjiin URL	negative
or_test_00583	Gadhee  sammuu duwwaa baattee suura edit qofa bartee goota qeeqxa	negative
or_test_00584	Itoophiyaan suphuuf jettan sun akka lafa bonni rukutee addaan baqaqaa jirti Lolli Falmattoonni haqaa Oromiyaa keessatti gaggeessaa jiran sirna  immiyyee mormatti hudhee jira Humni TDF araarri jedhame tauu didnaan lola jajjabaa karaa Qobboon geggeessaa jiraOROMIYAAN BIYYA	neutral
or_test_00585	Diina dhabamsiifne biiyya miisomsinaFuuldurii ifaa dha Abbayyaan dhuumeraa	neutral
or_test_00586	ABO fi KFOn Mootummaan Ajjeechaa fi Hidhaa Lammiilee Nagaarratti Raawataa Jiru Dhaabuu Qaba Jedhu URL	neutral
or_test_00587	Dhuguumaa Oromumman yoo si dhiphisee Kayyoo gootaa galmaan gahuuf dhiphaadhu male meeshaa diina tate oloolaa hin afarsiin OromoLiberationArmy OromoVoice URL	positive
or_test_00588	Miseensi dhaaba tokkoo asxaa ofii isaa achi gatee kan dhaaba biraa fayyadamuunuu tarsimoo logic hin deemsifnee dhaSeeraanis seenaanis nama gaafachiisa Kanaafuu arrabsoo hin barbaachisu Tokko filachuu dha Kanumaaf jaartii waalama jaallattu gabaa hin baasinaa kan jedhaniif	neutral
or_test_00589	Minilik Oromiyaa gara Xoopiyaatti erga jijjiiree Oromoon dhiigaa fannifamaa qalamaa hidhamaa ariatamaa salpachaa fi beelaaa jira Oromiyaa diina harkaa baafnu malee rakkoon Oromoo ittuma fufa Kanaaf WBO jabeessuun dirqama URL OromoIsStarving	negative
or_test_00590	Abdiin Saba Zoonii Kaaba Wallootti diina kashakasheera odeessa guutuun Walitti deebina OromoLiberationArmy URL	negative
or_test_00591	Beelli amma Oromon itti dhuma jiru motummaa nama nyaata kanaan tae jedhame kan irrati hojetameedha Qotee bulaa ajjeesuun manasaa gubuun masaasa manchaasuun lafasaa irra buqisuun beela fiduuf yoo hin taane maalifiree Oromoo dammaaqi HungerInOromia	positive
or_test_00592	Dua koo hawwanii dura koo darbii jedhe Hirphaa GaanfureeOdoo awwalcha ABO lallabdu awwaalchi keetiif ka worra si fakkaatani dursa Ergamitu URL	negative
or_test_00593	Facebook niis jaruma wajji nutti jira  saaa 18 na ugguree jira ajaaiba URL	negative
or_test_00594	Dubbiin kiyyaa Yuunversiitiin Finfinnee Waardiyyoota Oromoo hojii irraa ariuun hara Waardiyyootaa Sabaan Amaaraa taaan qofaa mooraa galchuun dhagaaame URL	negative
or_test_00595	Mercy callis dhala tafkii fi injiraani Dhala duaa farsee fayyaa nyaatu Badi as jala Geergoo	negative
or_test_00596	Jalqabuma hidhamuun isaani dogoggora ture garuu nagaan achii bau isaanitu nu gammachiise malee ammas warri hafan hoggantoonni ABO fi qerroon kumaatamni amma hin hiikamnetti gammachuun keenya guutu miti	neutral
or_test_00597	Waayii Lammii Koo Dutti Kee Dua Saree Taee Kaa URL	positive
or_test_00598	Abiyyi fuulbana 24tti mootummaan haaraan hundeessajedha An kan naaf galuu dide Abiyyi biraatu gaafas samiiirraa bua moo isuma jibbamee tufame kanaatu muummeeministeeraa taee itti fufaa	negative
or_test_00599	gama deggersa yaadaa  Nama biraa hojjetan mijeessuu  haala namaaf mjijeessuu fi waanta narraa  barbaachisuun kallattii naqabsiisuu fi kkf dirqama hiriyyummaa sirraa eegamu waan taeef maal naaf wayya  moo hindandaamu  mee nagorsi maaloo	positive
or_test_00600	WBOf Dhaamsa WBOn seenaa qabsoo Oromoo keessatti bakka guddaa qaba Ammas kan dhiiga isaa dhangalaasee diina kuffisee kufaa jiru WBO dha Kana jechuun Oromiyaa kan bulchuu dandau WBO dha Kanaafuu WBOn sadarkaa biyya isaa bulchuu dandauttis ciminaan ofqopheessuu qaba	positive
or_test_00601	Yeroo ppn bosona wbo adamsuu deemtu WBOn magaalaa keessaa diina dhukkee irraa kassa OromoLiberationArmy URL	negative
or_test_00602	Egaa qaamni barachuuf fedhii qabu dogoggora ofiirraa qofa utuu hin taane dogoggora ormaa irraa barata	positive
or_test_00603	Sabni keenya akkuma tokkummaan kaee safaricom jilbiifachiise tokkummaan WBO cinaa dhaabbatee bilisummaa isaa mirkaneeffachuudhaan badii irraa ofoolchuu qaba Sooreyyii alagaa kan diina Oromoo taan hunda akkuma safaricom jilbiifachiisuu qaba OromoVoice AidForOromia	positive
or_test_00604	Obboloonni keenya gara jabina hamaadhan dhumaa jiru Maaloo kuni siyaasa miti kuni dhimma lubbuutii namni kamuu hincallisinaa jarana dubbadhaa Lammiilee keenya manneen hidhaa Saudii keessatti lafa jalatti dararamaa jiraniif iyyaa URL	positive
or_test_00605	Uummata kan isaaf duu caalaa kan afaanin isa sobu arrabqareessaf sagadu keessatti aduutu dukkana taha Kanaaf guyyuu hirriba hin dhumne keessaa kurruufa	neutral
or_test_00606	Mucaa kuni gaafa Amanueel Wandimmuu marfata Dambii Doollootti ajessan  dhaabaate garaan mucaa gubachaa turee Haraa garuu kana fakkataDhaloota Qubbe humnaan bulchuun abjuu dha URL	negative
or_test_00607	Baga gab nurraa godhan You probably have more important things to focus on than wasting your time on this OromoPhobic Oromo Sabi Oromo dhumaa jira isa dhiiftanii waee namitti gadigaloo kanaa afarsitu	neutral
or_test_00608	Support wallo OromoId really appreciate it if you would share or donate to this GoFundMeOromoo walloo Haa gargaarruu Ummanni keenya Walloo diinaan waan marfamanii jiraniif yeroo hunda RoorrooDararaa fi ajjeechaa suukanneessaa taetu irRead more  URL	positive
or_test_00609	Yaa Oromo Oromoo Walloo irraa baradhu Hidhadhu walhidhachiisi WBO cinaa dhaabbadhu Mirgi ofittisuu selfdefense mirga UNn beekamti qabudha Diinonni keenya harka duwwaa nu hanbisanii tooftaan nu bitan OromoLiberationArmy  OromoVoice WeStandWithOLA	negative
or_test_00610	Oromoon duaa sodaatakan hin oollee immoo duaakan sidaatamuu duii duaa caaluu uumatii guddaa dachee badhaatuu fi baldhoo qabu gabroomee hacuccaa alagaa jala jiraachuu dhaYoo kana jibbite WBO taiihumna dandeettii fi qabenya kee bilisumaaf oolchiikanaachii hinxibaariin	neutral
or_test_00611	Rasaasni gondareen itti wal fixaa jirtu kun qeerroo wallootiif qoppaahee ture tahuufii dide malee	negative
or_test_00612	Gootichi Ona Giddaa Ayyaanaa bakka addaa Jaangir jedhamutti diina tumaa oolee injifannoon xumureera Humnoota PP konkolaataa sagalii 9n itti bobbaate irratti bakakkaa roobsee URL	negative
or_test_00613	Ajjeechaa jumlaa Salaalee keessatti raawwatamaa jiru fi manneen qonnaan bultootaa Salaalee fi  Shaggar Lixaa aanaa Ambootti kan gubsiisaa jiru Addisuu Araggaa Qixaaw tahuun beekamee jira	negative
or_test_00614	Badaa waara bade waara maqaan Oromoo garuu mataa fi keessi isaanii diina Kan Oromoo waggaa 150 oolif diina jalatti jibifachisaa jiru Nuu yoo isaanii afaan Oromoo duubatani dhiga keena seena garuu isaanii diina keena eda Well destroy such internal enemies one day	negative
or_test_00615	Yaa OromooOromoo Walloo irraa baradhu Hidhadhu walhidhachiisi WBO cinaa dhaabbadhu Mirgi ofittisuu selfdefense mirga UNn beekamti qabudha Diinonni keenya harka duwwaa nu hanbisanii tooftaan nu bitan URL OromoLiberationArmy WeStandWithOLA	positive
or_test_00616	Ajandaan Amma deemaa jirtu kun eessaa akka madde sirriitti mirkaneeffanneerra Yeroo Itti Oromoon akka Oromiyaa guutuutti qalamaa jiru kanatti addatti ammoo yeroo itti qabsaaonni haqaa ABOWBO  lubbuu isaanii kennanii diina dura dhaabbatanii kiimamaa jiran kanatti addattimmoo	neutral
or_test_00617	Oromo gateetti gubba mataan hin jireen gargaarraman tti diina Oromo Oromo dha jedhan aangoo gubba kaan tti Oromo eessan gargaarran aangoo tti namitcha eessan fidan kunoo itti buraaqa jiru akka aduurreen hantuuta laafiftee booliaa bukee tti gaddi dhiiftee itti xabaatutti itti	negative
or_test_00618	Yaa OromooOromoo Walloo irraa baradhu Hidhadhu walhidhachiisi WBO cinaa dhaabbadhu Mirgi ofittisuu selfdefense mirga UNn beekamti qabudha Diinonni keenya harka duwwaa nu hanbisanii tooftaan nu bitan URL OromoLiberationArmy WeStandWithOLA	neutral
or_test_00619	yommus YesusAna buddeenni jireenyaa gara koo kan dhufu hin beelau kan anatti amanus matumaa hin dheebotuWANGEELA YOHANNIS 635 MACQULURL	neutral
or_test_00620	WBOn waraana qaroo hidhannoo teknolojii qabu kan guyyaa tokkoofis diina jalatti bulee hin beekneedha Waraanaa akkanaa hayyuu naamusa olaanaa qabu kan dimokiraasiinii fi mirga ilma namaa maal akka tae gadi fageenyaan beeku qabaachuun heddu nama boonsa WBO POWER	negative
or_test_00621	Yaa Rabbii badii keenya maalii Yaa Rabbii nuuf dirmadhuu URL	positive
or_test_00622	Rakkoo beela hamaa Ummanni keenya keessa jiru furuuf dhamaatin waldaalen Oromoo taasisan jiran hamilee kan namatti horu taee hamma dandaame ariitin ummata kana dhaqabuu baannan lubbuu baayeen beelaf baduuf jirti URL	negative
or_test_00623	Ertiraa Charteeratu Gaggeesse Asmaraan Mukukkulaa Deesse Dhukkuba siyaasaaf Dawaan yaalaa Goda qilixoo fi qaallittii laalaa Hayyuu hiitee aduun sitti dhiite Kekiya Badhadha	neutral
or_test_00624	Sabni toko malummaan isa yoo bade nibada Finfiinneen fakenya gaari nuf taati Oromoobilisummaa yo goonfachu baate Finfiinneenumti siliqiimsite sihabashoomisiti Ammas wanti adema jiru kanuma Hamma yomiiti Oromon biyya abbaasarrati alaga kan tau StopHRAbusesAgainstOromo	positive
or_test_00625	Yaa OromooOromoo Walloo irraa baradhu Hidhadhu walhidhachiisi WBO cinaa dhaabbadhu Mirgi ofittisuu selfdefense mirga UNn beekamti qabudha Diinonni keenya harka duwwaa nu hanbisanii tooftaan nu bitan URL OromoLiberationArmy WeStandWithOLA	negative
or_test_00626	Hima didduun dua hin didduNamni twiitera kana irrattiwaaee isaa fi rakkina ummata Isaa Afaan danadauun  barreessa Nuti Bukoo mana keenyaa dhiisnee waaee daakuu Ormaa leellisa Yoo dandeesse barreessi yookan kan namni bareesse Retweet godhi uummani addunyaa akka arguuf URL	negative
or_test_00627	Akka tahuu feetu san taatee argamuuf akka amma itti Jirtu kana jijjiirun dirqama tahaAkka amma jirturraa osoon ofin jijjiirin akka tahuu feetu san tahuun hin dandahamu waan taheef dursa of jijjiiri San booda haalli siif jijjiiramaKanuma	positive
or_test_00628	Ummaan balee hongeen dhumaa jiraa opdon  annggoo irraat wal loltii URL	negative
or_test_00629	Mana hidhaa suuud arabiya keessatti lubbun dhumaa jirti URL	negative
or_test_00630	QBO in Oromummaa spiritBokkuu qabannee diina abarree     Yaa oromoo babaredduu tiyyaa nafxanyaa balleessina biyyaa    Yaa oromoo oromoo qulqulluu nutuu beennaa akkattii bulluu    URL	negative
or_test_00631	Harka duwwaa Justice for jedhanii mootummaa Nafxaanyaa kana gaafachuun hafee Barudaan gaafachuun haqa dabe ni deebisa Nagaa sabaaf deebiisuuf sirna qinqanoofte kana ofirra jiksuun dirqama hundaadha Kanaafuu qabsoon karaa qawwee fala xumuraa taa	negative
or_test_00632	Ormi seeraan alaa waggoota dheeraaf somba koo irraa murataniiru kanaaf michoonni koo odeeffannoo sibiilaa hin maxxansan Yesuus Kiristoos adabbii tokkollee hin kaau kanaaf odeeffannoo sana babalisaa	positive
or_test_00633	Kanarraa kan kae Shororkeessummaan Diimaan kuma dhibbaan lakkaaaman dhalche dhalate  EDPA diigamte   Gara jabinaan gatii hin qabu  Hojii gaarii hojjetame balleessuu malee faayidaa hin qabu  Hundi keenya gara sammuu keenyaatti haa deebinu  Of hin tuulnu	positive
or_test_00634	adeemsa fi dubbii malee furmaanni tokkolleen hinbjiruolny processdhimmi lammiilee mana hidhaa biyya saudi arabia jiranii hanga harraatti furmaata hin arganne dhimma kanarrattibsagalee tahuu fi mootummaa ethiopia fi saudi arabiya irratti dhiibbaa gochuun itti fufuu qaba URL	positive
or_test_00635	Minilik Oromiyaa gara Xoopiyaatti erga jijjiiree Oromoon dhiigaa fannifamaa qalamaa hidhamaa ariatamaa salpachaa fi beelaaa jira Oromiyaa diina harkaa baafnu malee rakkoon Oromoo ittuma fufa Kanaaf WBO jabeessuun dirqama URL OromoIsStarving	negative
or_test_00636	Mootummaan beela ummata keenyaa dhoksuuf hojjachaa jira Warri karaalee adda addaatiin deeggarsa walitti qabaa jirtan jabaadhaa Warri dhageetti qabdan immoo ummata kanaaf sagalee tahaa Keessumaa baana	negative
or_test_00637	Gabrummaa mannaa dua wayya kanaafan finciluuf daggala gale jedhe Jaal Laggasaa Wagii Hara daandiin gootichaa kumaatama horee imala bilisummaatti jira Jabaan Waaqa URL	positive
or_test_00638	Waggaa lama dura ture kan isaan wayyaa Gaddaa uffattanii Oromummaaf quuqama qabdan muliftan jechuun hiriyoota isaa waliin Haromaayyaa Yuniversiitii irraa ariamanii rakkoo hedduu keessa turan Roorroon yeroo hammaatu sibiila nama kaasisuun dirqamaMirgaan gali qaxaleeko milkaai URL	neutral
or_test_00639	Dukkana bariisaa ifaa booda jira Shinbirroon barriste ililbeen waan biraa waa xiqqoma hafee naaf obsi yaa GARAA URL	neutral
or_test_00640	Suuseen diina qabsoo oromooti jedheen amanaa warri isa faarsuusNa Ofkalchaa	negative
or_test_00641	Jabaadhaa gootota keenya Waan dhugaa qabnuuf akka diina cabsitan beekkamaadha WBO Qeerroodhaan  ijaarame kan duubatti deebisu hin jiru WBO POWER	positive
or_test_00642	Si duukaa jirra Waaqayyo waan siduuka jiruuf hin sodaatiin Kan kaleessa Iyyaasuun gaggeesse haras si wajjin jira Yoo bariuuf jedhu dukkana baayata gaggeessa dhugaa fi obsaa siin argeera sabni waaqayyon hin beekne sirratti kauu dandaa Do not care about	neutral
or_test_00643	Ilmaan sabaa qaqqaalii Dirqama biyya keenya Oromiyaa kallattii hundaan fudhannee jirraWBOnHaaWaaru IUOf URL	positive
or_test_00644	Utuu moortuun moortuuhortuun horti Jaal Moii Goota diina hirriba dhorkeOLAfightsForMe URL	positive
or_test_00645	Lammileen tun dirqama lammumma sibiraa hin qabanii URL	positive
or_test_00646	Pirezidantiin Yuukireen Voloodimirii Zeleniskiin gaaffii US gargaarree Kiyeev keessa isin yaa baasnu jette fudhachuu diduu isaanii miidiyaaleen US gabaasanMr Zeleniskiin Waraanni asitti gaggeeffamaa jira Ani meeshaa waraanaan barbaada malee baqachiisanii na baasuu miti URL	neutral
or_test_00647	Yaarabbii nuu fayyaayisii dhiibee namarra nuttii dhuftuu hundaa nutii tayiitaa hin qabnuu tayiitaas hin barbaannuu namoonni hiribaa nuuf dhaba jiruyaa rabbii nurraa dhowwii URL	neutral
or_test_00648	WallooAjjeechaaf duulli uummata Oromoo Walloorratti taasifamaa jira Aanaa Baatee Jiillee dhummuugaa Harbuuf bakka hedduutti lolatu Faannoon uummata walloorratti banameWalloon waloon diina qolachaa hara gahe URL	negative
or_test_00649	Anaaf Oromiyaan Biyya Diina ykn Murna hedduutu akka Oromiyaan bittinnooftu barbaada Oromiyaa diiguu irrattis walii galaniiru Akkaataa itti diiganirratti mariachaa jiru Kana Oromoo taanee teenyee ilaalla taanaan cubbuu dha  Artist Taaddalaa Gammachuu URL	negative
or_test_00650	Waaee abbooti garaa kana yeroo biran itti deebia amaaf garuu waa tokkon sireesaaf Eeyyee namni Oromoo ajjeesu kamiyyuu diina namni diina Oromoo san ajjeesumoo goota Kanafuu kan Oromoo ajjeessa jiru PPdha PPn diina kan PP ajjeessa jirumoo WBOdha WBOn gootaWBO OLA URL	negative
or_test_00651	A a yoom iyyuu hin hafu gumaan Haa caaluu	negative
or_test_00652	Yoomiyyuu taanaan Oromoof Itiyoophiyaan walii hin galan bcse Ummanni Oromoo gitoota sirna bittaa habashaatiin madaa hin fayyinee madaaee as gahee URL arras oromoo taee alagaa jala kan fiigaa jiruu of ilaaluu qaba gin tauu taanaan dubbiin dhumataadha bro	negative
or_test_00653	adara maaloo dr jireenyi namoota galii gad aanaa qabanuf haa yaadamu harqa qalleeyyiin dhumaa jirti maliif jaraa hin yaadamne	neutral
or_test_00654	Ummani oromoo mana teeysanii duuu irra Gara jaal marroo dirribaa goraatti duaa gootaa duaa	negative
or_test_00655	Minilik Oromiyaa gara Xoopiyaatti erga jijjiiree Oromoon dhiigaa fannifamaa qalamaa hidhamaa ariatamaa salpachaa fi beelaaa jira Oromiyaa diina harkaa baafnu malee rakkoon Oromoo ittuma fufa Kanaaf WBO jabeessuun dirqama URL OromoIsStarving	negative
or_test_00656	Waanti Na Gaddisiise    Isati Na Sobde Osoo Hin Taane           Isa An Kana Booda         Sin Dhugoomsineedha URL	neutral
or_test_00657	Watch Dirqama Fudhanne Irbuu Sabaa Seenne  walaloo  Caalaa Dhaddachoo  Ayyaana Ammajjii 112022 on YouTube URL	neutral
or_test_00658	Oromoon handhuura isaa Finfinnee halagaatti dhiisee wayee bilisummaa hasahuu hin dandahu Handhuura kenyarrati waggaa 150 dura kiyyoo hidhanii Oromoo fi Oromummaa mancaasa turan Kun amma dhaabbachuu qaba Kana mirkaneessuuf WBO ciina haa dhaabbannu haa tumsinu HungerInOromia	positive
or_test_00659	Qawween keessan oromoo irraahu ajjeechaa ittisuu hin dandeenye akkamitti oromoo bilisoomsitimoo qawwee sana suuraadhan kautu bilisummaadhaosoo dhugumaan onnee irraa jecha walabummaa oromiyaa jedhu sanatti amantanii gaariidhaummata sobuufi malee walabummaa onneen hin amantan	positive
or_test_00660	Kaera kaa hidhadhee qawwee kiyya diina Koo cabsudhaga niyyaan tiyya nagayaan jiraadha yaa obboleewwan tiyya shamarran WBO babareeddu ijji hammttun nurraa sin arggin galanni keessan bilisummaa haa tahu Ummata keessanif jecha arsaa guddaa kafalttan nuuf jiraadha waggaa 1000 WBOn	negative
or_test_00661	Sabni keenya akkuma tokkummaan kaee safaricom jilbiifachiise tokkummaan WBO cinaa dhaabbatee bilisummaa isaa mirkaneeffachuudhaan badii irraa ofoolchuu qaba Sooreyyii alagaa kan diina Oromoo taan hunda akkuma safaricom jilbiifachiisuu qaba OromoVoice AidForOromia URL	negative
or_test_00662	Dhaloota Kana waliin Sabaa fi biyyakoof qabsaahee Wareegamuun dirqama Oromummaa qofaa osoo hin taneeAyyaantummaadhaQBOf gochaa jirru keessaatti Warra dhaloota cichaa fi murtaa Kayyoofi daandii dhugaarratti umee hogganu dandaetu milkaaa URL	positive
or_test_00663	Maal taa kadhannaan kiyya dhagaaamnaan osoo achiin hafeeyyuu	neutral
or_test_00664	Hara waaree booda mana kitaabaa dhaqee waraqaa kompiitara Amaazoon irraa bitadhe Namni tokko waggoota dheeraaf somba koo irraa kutee jira kanaaf maaloo yakkamaa sana qabanii dafaa ofirraa	neutral
or_test_00665	Dua TesfayeGebreab dhalataa fi lammii Ormaa kan garuu jaalalaa fi quuqama saba keenyaaf qabu gadda ibsuurraa of qusachuun keessan hangam takka Amaaraaf akka gabroomtan agarsiisaOPDOn tuffatamtuu saree saree gadiiti	negative
or_test_00666	Ani kan na ajaaibu Jawwaar Fi Baqqaleen uummata Oroomoo irratti waraana labsisiisanii ofii isaan ammoo Ameerikaa Fi Awurooppaa keessa naannaanii maqaa Oroomootiin yeroo doolaara corachuuf fiigan hin qaanaanii Kaachisaa Fi nyaachisaan Waaqa Hunduu ni darba Oromiyaan biyya	negative
or_test_00667	Haasa qubee dhagaa hin jiru	neutral
or_test_00668	Hojii diinaa keessaa inni guddaan gaafa hunda teessee WAREEGAMA qabsahaa iyyaafattee olola ooftiwarri duukaa buutee iyyitus firra farra qabsooti	negative
or_test_00669	Seenaa gottoota farsuun qofti bilisaa sabaa hin basu yoo kayyoo gonii irraati kuffee irraa dhabatani fagii isaa ollii kassaani ijannooni qabso hanga dhuma itti fuffaani qofa Sobani qabsaya ofi fakkeeni dhalloota nuu Boddaatif dukkana dhalchiisu dhaofi hin sobiin yaa qommoo koo	positive
or_test_00670	Falmacha yoo duuneelle dua haaqaa seenaan dhuga yoom nama dagata namanaa	neutral
or_test_00671	Daandii elemoo qilxuu kayyoo jaarraa abba gadaa xurree laggasaa wagii irbuu Nadhiigammadaa dheebuu eebbisaa addunyaa hawaii usumaayyoo muussa ifaajjee waaqoo gutuu gumaa gootota qaali WBOtu bakka buusa bahaaf lixaa dammaqaa kabbafi kibbaa dhagaaa galfata irbuu shinniigaa  URL	positive
or_test_00672	Uummanni Oromoo guutuu Oromiyaa irratti hirira baee waan safuu isaa hin fakkaanne waan godhamaa jiru kana mormuu qabaIlmi namaa naannoo keenya keessatti duaa jiru aadaaseenaaduudhaa fi safuu Oromoo kan hin madaalleedha	positive
or_test_00673	Biyya kennatti ajjeechaan hammachaa demuun lamille wabii dhabuu isaa agarsiisa Kanaaf motummaan furmaata waaraa kennu qaba kunis waraanan osoo hin taane mariif araaran URL	positive
or_test_00674	Oromoota Juunta farsu turitaniif dhamisi ani qabu hin gayaa dhaba yoo woliin duuu Barbadian malee Deeggarsi keesa TDF haga dhumati badu urea ishe hin olichu Duranuu gowwaa tauu keesantuu TPLF saba keesan wags 27 ajjeesa turee woliin isiin boochisa ture Gayee dhaphaa	negative
or_test_00675	Dubartiin kun Gaafa Haacaluu Hundessa duuu jalqaba Suura Minilik irratti alaaba lumuxxii hidhuun jalqaba background facebook ishee kan godhatte isheedha Namni maqaa Minilik waame ni ajjeefama jechuu isheef gammachuu dua obboleessa ibsatte	negative
or_test_00676	Nahh waan baayee beekna	neutral
or_test_00677	Sabni goota lubbuu isaa saba isaaf laatu hin qabne yeroo hundaa garboomee jiraataAbbaa fedheeti akka barbaade itti roorrisa Goota ofii jabeeffachuun dirqama oromummaa haa bahannuu URL	positive
or_test_00678	Sareen kan ofii hin argitu reeedhaan eegee gadi qabadhu jetti  URL	neutral
or_test_00679	Waraanni Shiftaa Abiyi ahimad ilmaan oromoo oromoo tau isanii qofaaf ajjeessuu kan amaleeffatemucaan suuraa irratti agartan kun Darajjee Bakiruu Waqqoo jedhama badii takka Male rasaasa farra Oromummaa kan baate deemu waraanni bilxiginnaatiin badii takka Male ajjeefame jira URL	negative
or_test_00680	DC tti Adoleessa 8 guyyaa 5 booda hiriira irra hin hafiina URL	neutral
or_test_00681	Furmanni rakkoo Oromoo karaa qawwee  argama Ilmi Oromoo sirna Abyssinia hin suphiin Mana hidhaa ofirra diiguu malee ofirratti hin haaromsan Abyssinia ofiirra diigna Biyyi keenya Oromiyaadha	negative
or_test_00682	Abiy isa waraana Eritrea oromoorratti bobbaase dhiisaa jetteeAy nama keenyaakan finxaaleyyii oromoorratti bobbaase eenyu taaree	negative
or_test_00683	Situ diina oromoti warra kalessaa wajjin hidhate Tplf terrorist walin hojjachaa	negative
or_test_00684	Habashaan wani godhaa jirtu waan namni sakraata duaa keesa jiru godhu godhaa jirti Anyway habashaan waan facaafate guyyaan haammatu fagoo hin jiru	negative
or_test_00685	Oromoon haga qabsaahuu qabu qabsaahaa hin jiru Sodaadha moo burjaajidha Diina Hacee ajjeese jala akkamitti hagana rafne	negative
or_test_00686	Ummanni hedduun baqatee kan bineensi nyaate lakkoofsa hin qabuOromoon Oromummaa isaaf dhumaa jira	negative
or_test_00687	WBOn mirga hiree murteeffannaa saba Oromoo mirkaneessuuf mootummaa shororkeessaa Itoophiyaa waliin falmata malee sabaafsablammoota waliin diina miti Sabaafsablammoota mirga ofii kabajchisuuf falmatanillee ni deeggara WBO jabeessaa OromoVoice InvestigateAbiy	positive
or_test_00688	Yaa Saba kooYeroo kamiyyuu caalaa tokkumaa kee eeggadhu dubbii tuffadhu akka funyootti walitti foami akka Irbuu Shinniggaa sana wal tai kana tauu baannaan garuu dukkana guddaatu fuulakee dura jira Dest Hisarmu	positive
or_test_00689	Ilmaan oromoo haaras duutii sukkeennessa duaa jiraisaa kamuu bulchaan isaa ajjeessun kun sabaaf galuu didderra URL	neutral
or_test_00690	Abiy Ahmad namitch hanga morma isaa irra kutanitti Ethiopia hin digamitu jedha ture ama immoo enutu kophaa isa duaa yoo duaa tate hunduu walin duna malee jechuu jalqabe Akka marqaa looli hin laafu jedha warri keena yoo makmaku Abis is a criminal minded man so must b removed	neutral
or_test_00691	Dur maatiin keenya dhoqqee keessatti hin taphatinaa jedhanii nu reebu Amma immo bashannana tae URL	neutral
or_test_00692	Haccee koo ati lubbudhan Addunyaa tana irraa deemtus yoomiyyuu Seenaan kee Onnee ummaata keeti keessa hin baduu URL	positive
or_test_00693	bara bineensa caala ilmaan oromoo Adamsamanbara abbaa yakkaa si godhu yakkamaan osoo kana garruu maaf diina hin jibbinuyaa ilmaan oromoo WBOf haa tumsinuu URL	negative
or_test_00694	Jajjabee WallooBoojii fi injifannoon kaabatti tauu warra Tigireen qofa mitiKorommiin Warqiitu diina akka harbuutti harcaasaa jirtiKana hospitaala walloo deema ilaala Bakkii yaala dhibameeyaala dhabuun qofa diina sadiitu duee Abiy duwwaataateetti URL	negative
or_test_00695	InboxGodina harargee Bahaa Aanaa malkaa baloo Iddoo fiincoo jedhamtutti W3On Cibraan Elemoo qilxuu diina adaaba jira WBO haa waaruirreef gaachanni ummata oromoo gootichi waraana bilisummaa oromoo WBOn ergamtuu bilxiginnaa haxxee itti hidhuun laleelaa jirainjifannoo URL	negative
or_test_00696	Goobantich waan jechaa jiru ilaalaa Hin tau hin yaadiin ilma Qadiidaa Wannabee nama seenaan kee bade URL	neutral
or_test_00697	Nama jabaa Oromoo fi Oromiyaan qabdu Waraana jalqaba Oromoon diina ittin lole URL	neutral
or_test_00698	Wogga 3 dura Oromoon kabajjama ture Ummanni Oromoo saaa nama isaa diina irraa kooluu ofii jalatti qabata tureAbiyyii fi Shimalis haga angootti dhufani booda gola Oromoo hunda keessa diinaafi diinummaa facaasani akka ilma abbaa biratti qalan godhan Abbaa tuffattan saree jalati	negative
or_test_00699	Sabni humna ittisaa hin qabne weerara diinaa ofirraa qolachuu hin dandau Weeraraa fi waraanaa diinaa Oromoo irraa qolachuuf WBO jabeessuun dirqama Beekkomsa maallaqaa fi dandeettii keessan hundaan WBO bira dhaabbadhaa WBO jabeessaa OromoVoice StopOromoGenocide	negative
or_test_00700	Abbaan biyyaa WBO dha Barri WBO oluma Waraana qaroo hayyuu harka duwwaa Woyyaanee raasee jilbiiffachiise eenyus duubatti deebisuu hin dandau WBOn gaachenaa fi abdii Oromooti Dhaloota akkanaa kan isa duraatiif seenaa qabsoo Oromoo jijjiire qabaachuun heddu nama boonsa	positive
or_test_00701	WBOn naannoo oromiyaatiin ala bahee gambeellatti tarkaanfii fudhanne jedhee ibsa baasuun isaa oromoota naannawa san jirutti diina kakaasuudha	positive
or_test_00702	Sooreyyiin alagaa Oromiyaa saamanii qabeenyuma Oromootiin Oromoo ajjeessanajjeesiisan Sabni Oromoo akkuma safaricom sagalee tokkoon adabe sooreyyii alagaa kan Oromoo diinomfatan hunda jilbiiffachiisuun Oromummaa fi Oromiyaa kabajchiisuu qaba OromoVoice AidForOromia	positive
or_test_00703	WBOn zoonii bahaa mieessotti diina torbee darbe erga haleeleen booda waranni Pp isintu diina asitti nyaachisutti jira jechuun ummata naannichaa rakkisaa jiru URL	neutral
or_test_00704	Yoo ajjeechaa fi hidhaa uummata nagaa irratti raawataa jiru dhaabuu battee hoo ABO fi KFOn tarkaaffi akkamii fudhaachu fi qophaaan Lataa We are sick and tired of empty ibsaa ejjannoThey need to show the mass they can bite Empty rhetoric doesnt help those who are suffering	neutral
or_test_00705	Waan isin ajaaibu wonta ittii amanee godhu hunda ittiinis salfadhe hin beeku yeroo gabaaba kessatti wonti hunduu kara akka qabatu abdiin qabaa ammas wonti hubachiisu barbaduu erga dura taa kenya jettanii wonta godha jedhe hunda gochuun dirqamaa kenya ha baanu	neutral
or_test_00706	Nuti diina oromo warrane ofittiJabeessurra isaan sobne gara Kenya deebisuu qabna Maliif yoo jetaan  dinaa alaa Dhufeeraa kan nu miidhaa jiruJalla Kenya wan taeefiOromon gurmaaee kar tokko goreeGaafa lolee bilisoomna     URL	positive
or_test_00707	mana barumsa Booruu Qalaxaatti Hojii barnootaa bara 2014f qarqaarsa baratoota harka qalleeyyii itti fufisiisuun hojii tola ooltumaa ganna kanaatiin dirqama lamummaa keenya yaa banu URL	positive
or_test_00708	Oromiyaan dirree boqonnaa diina Oromoo fi Oromummaa osoo hin taane iddoo awwaalcha isheeti QabirrattiJireenyaa Addunyaa URL	negative
or_test_00709	Kaaba Oromiyaa Walloo keessatti humni addaa Amaaraa Shamarran Oromoo bifa nama suukkaneessuun dararaa jira URL	neutral
or_test_00710	asiin dhimma koo iyyachuuf dirqame Harkaa dhabuu kiyyaan sochii  kamiinuu gochuu akkan dadhabee fi ijoollee 3 qabadhee rakkoo mana jireenyaa keessan jiraa qabeenya maqaa  kiyyaan jiruttan fayyadamaa akka lammiitti na gargaraa jedheen saamame kanaaf adaraa naa birmadhaa	neutral
or_test_00711	Uummati oromoo naanoo oromiyaa boorana Gujii walaggaa walloo Harargee Arsi Baalee karrayyuu fi bakka hedduti akkanan beelan dhumaa Jiru Uummati keenya Alaaf keessaan ummata kana bira dhaabadha adraa motummaan biyya bulchaa jiru tae jedhee uummata Kenya balleessuf kan hojeta URL	negative
or_test_00712	Haabibi mustafa kan namayyu caaltuuKessa koo dhukkuba  yonif   tuqamte  S A W	neutral
or_test_00713	Fira ykn diina biraa gara siqan hin dhabaniSirraa bahani bakki siqan hin jiru dache Jiraatan sirra duanis si keessa Sirra jiraatani dharaan ijaremani maaf milkawa laataDhugaa keenya numatu wallale mo nu wallalchisani Warri qee abbaan dhuga ni gadda hormi boone jirata	negative
or_test_00714	Oromiyaa ijaruun dirqama  Ethiopia  illee ijaaruu ni dandeenya waliif gallee  Garuu malee maqaan biyyattii jijjiiramuu ni mala   Ammoo Ethiopia ijaarra jennu  milla diinaa jala ciisnee ijaarra miti  Ideology  keenya jalatti ijaaramti	positive
or_test_00715	Injifannoo guyyaa guyyaan gootichi waraana bilisummaa oromoo Diina irrti galmeesisa URL isaa daawadhawbon Oduu media miti hoji qabataman Agarsisa jira viva wbo URL	positive
or_test_00716	Fonqolcha Suudaan Itoophiyaaf Maal Jechuudha Carraa Moo Balaa Dasee fi URL via  Ka barnnoota Afaan Nafxanyaa itti fufsiisuu hedduu nu dinqisiisuu hin qabu Kuni dhaamsa nama duaa jiruuti Nakoobaa akkas jettee duute haa jedhaniiJette Taffiin URL	negative
or_test_00717	Somali people liberation frontSPLF moottuummaa nafxanyaa kana buqqisuun dirqama jechuun qabsoo TDF fi OLA n geggeessaa jiraniitti makamee jira  URL URL	negative
or_test_00718	Osso Hangaa Issin Dhimma Nama Dhuunfaatiif Afaan Bantan KanaOromo Walloo Saaa Kana Oromummaa Issaa Falmachaa Jiruuf Lubbuu Deebii Hin Qabneen Diina Dura Dhaabacha Jiruuf Sagallee Taatani maaluma Qaba Yaa OromoAfaaniin Ammo Billisummaa Barbaana Jetuu miti	positive
or_test_00719	Oromoo sabni humna hin qabne biyya hin qabaatu Yoo biyya qabaates kan humna qabutu irraa saama Saba taee kan biyya hin qabne ni bada Sabni Oromoo badii irraa dandamachuuf biyya isaa dhuunfachuu fi tikachuu qaba OromoVoice StopOromoGenocide	positive
or_test_00720	laamii kenyaa mana hidhaa suudii arabiya keessaa jiran saagalee haa tanu gaamachu hin qabanu keessii kenyaa maddaa maalii kenyaa kunii yaa laamii koo waalhii waan isiin tau dhabbee lubbun koo fidaa keessan haa tau kaan argu mana URL dhokachuu waayyaa URL	positive
or_test_00721	WBOn gaachana Uummata Oromooti Bilisummaa Oromiyaa hanga dhugoomsinutti dudduuba hin deebinu WBO deeggaruun dirqama oromummaa ti URL	positive
or_test_00722	ittibaramE Gaafa Ibidda Oromoo waggaa 150 riphe sun deebieeakka Voolkaanotitti ol ganaffale san Gaafa sodaatamneeergasii diinni rafuu miti ija libsachuu dadhabe sanGaafa sangaafa seenaa In dhagaaamaa	negative
or_test_00723	arebakih mizanawi tauf jettee nama Oromiyaan diigamtu malee jedhee faallaa heera biyyattii bokkisaa oolu hidhamuu hin qabu jetta taanaan eenyutu hidhamuu qabaree yakki malinniree	positive
or_test_00724	Fatiikoo inni fayyaan dhukkubsataan tokko dhukkubsataa tauu isaa gaafa argu mana yaalaa geessiseetu bira darba Dhukkubsataa abbaa fedheerraa hojii manaa fudhachuu hin qabnu eenyuma utuu taeyyuu	neutral
or_test_00725	Akka ketitti namni waan atti barressitu hindubisu sitti fakkata mi Gadeemtitti Afara biyya Atti yoo Onag shannee barbaade waaliin bosona seeni qabsaayi Falli biyatti kanaa akka keetitti dhiphachuu mitti	negative
or_test_00726	Quraanni ifaadha Dukkana hunda sirraa ibsa Quraanni fayyaa qalbiiti dhukkuba qalbii hunda isaati fayyisa Quraanni agarsiisaadha karaa haqaa fii baaxil addaan baasee si agarsisa Quraana itti haa jabaannu Qoricha keenya haa jabeeyfannu URL	positive
or_test_00727	Galatoomi Abush Kaan bari badii bakka biraatti qopheesse wallaggatti raawwachuun maqa balleessiitti jira	positive
or_test_00728	Afuuftuu akka namittii kanaa jireenya koo keessatti argee hin beeku Warri teessee isa dhaggeeffattus harroota sardoo ykn hokaa haamanii jala buusaniin garaa guuttachuuf galmatti namitee teessudha Period as that	negative
or_test_00729	Jirtuu deebinee jirra diina haleela tuma jira belom	negative
or_test_00730	Nama dhabuu miti ofdhabuutu daandii kufaatiitti nama geessa Oftaaa Nama taaa	positive
or_test_00731	Sanyummaa naanummaa fi gandummaan yoom fayyadaHannaafqaccarriifgargaarsafwaliigaluufbultoofguddina ofiifshiraafYoo miidhatokkummaa qabaachufdiina qolachuusagalee walii tahuurakkoo humnaan olii maqsuufakka biyyatti hasauuffaayidaa walofbirmadumaf	positive
or_test_00732	Kolleejjii Poolisii OromiyaattiInistitiyuuti Leenjii Idilee fi Ogummaa  Poolisii Oromiyaa Leenjifamtoota Farra Riphee Lolaa Leenjii irra turan guyyaa haraa sirna hooaa taeen eebbisiise jira URL	positive
or_test_00733	Sila dubiin akkassi garuu diasphoraan kun rakkoo qabaa Hundi isaa anattu beeka ykn beekan anna malee hin jirruu jeedhaa garuu dhugaan jirtuu ardhaa beekan oromoon qabuu yoo jirattee WBO qofa Warra dubii ubatte qawwee dhaan diina dura dhabaacha jirruu jala hirriruun dirqama	negative
or_test_00734	Bara kana karaan namoonni ittiin gowwoomfaman lamadha 1ffaan Waan soba tae tokko dhugaadha jedhanii fudhachuudha Inni 2ffaan waan Dhugaa tae tokko soba jedhanii diduudha Lamaanuu qixuma nama kisaarsiti Soba amanuu qofa miti dhugaa diduunis gowwummaa hamtuudha Irraa of ee	positive
or_test_00735	Rabbilleen lolaa biyyaafii mirgakef gurraakef loltee diina firraa kaasutti nu ajaja URL	positive
or_test_00736	Oromoo WBOn ilmaan keeti WBOn kan daggala jiru horiif ykn qananiif miti Bilisummaa saba Oromoof jedheetu Tokkummaan WBO jabeessi WBO ciinaa dhaabbadhuutii sirna gabrummaa ofirraa gati Ni dandeessa OromoVoice AidForOromia	positive
or_test_00737	Miseensi waldaa Biiftuu Bahaa Oromiyaa  daldalli jimaa buuura jireenya uummata Harargee miiliyoonaan lakkaawwamu haatau malee waggoota hedduuf janaraalota mootummaatin qabamee qonnaan bulaan oomisha isaarraa fayyadamaa  hin turre  tu gabaaseURL URL	negative
or_test_00738	Kani Saba isaaf qabsootti jiruu boqqoonaa hin qabuu yoo jennuu raagaadhanWaraanni biliaummaa oromo WBON diina waraanuun cinatti ummata isaa oromo wajjiin misooma akka gaggeessaa jiru suuraan tun ragaa ni baati jedheen hubadha  WBO mirgaan nuuf galaa URL	positive
or_test_00739	Waliin nutti duulan Erga injifatamanii booda walitti duulu eegala Yeroo diinni kee dogoggooru callis	negative
or_test_00740	Gootummaa jiraatti diina mogolee kutu URL	positive
or_test_00741	kaffalaniin deebieIrreechi dirree gootonni aadaa eenyummaa kabajaa mirgaafi bilisummaa Oromoof itti wareegamanhidhamansalphatanitti yaadatamaniidhaGootota kabajaa Oromoof wareegamanii fi hidhaman dirreeIrreechaa irratti yaadachuun dirqama Irreecha2021 milkii	positive
or_test_00742	Kana Booda angoowwonni Bulchiinsa Mootummaa naannoo Oromiyaa Woggoota Saddeetiif 8Muudamuu qaban Umriin Jaraas Woggaa 40 oli tauu qabuu	neutral
or_test_00743	Dogoggora dhalachuu Aristotle fi Hippocratesfa irraa kan kae wantan hardha hojjachuu barbaadu osoo hin taane kan isaan dhaloota kiristos dura barbaadantu taaa jira Exam season	neutral
or_test_00744	Beela Xannee Oromiyaa  Harargee Mayyuu Mulluqqee URL	negative
or_test_00745	Baga irreecha dhibaayyuu bara 2021 nagaan dhaqqabdan ummannii Keenna guutuu Oromiyaa Torbeen torbee gammachuu isaniif ha tauu jechaa Waaqayyoon harka garee farraOromoo fi diina Oromiyaa kan Bilxiginnaa jedhamuu isan irraa ha kontoorsuu jenna Nagaan ayyaaneffadhaa URL	negative
or_test_00746	WBOn haawaaru Gootota akkanaa kan diina isaan ajjeesuuf ittidhufes kabajaanii tajaajilan eessattis arginee hin beeknu Kun raajiidha Waraanni Qubee gootichi diina jilbiiffachiise mirga ilma namaa tiksuudhaanis addunyaa keessatti bakka olaanaa kan qabuudha Heddu nama boonsa	positive
or_test_00747	Konkolaattoota gargaarsa namoomaa feuun gara Tigraay imalan kuma 3fi 297 keessaa kumni 1fi 128 akka hin deebine komishiiniin hoggansa hojii yaaddoo balaa himeeraKun maalif taejechuun gaafachuun barbaachisaadha Ethiopia URL	neutral
or_test_00748	OPDOPP nii jiijiiraamtee Oromofii taatii jeejuunii gaangen dhaltee jeechuudhaayaa Oromooqeereeqeroo 2018 qaabsoo kee OPDOtii keeniitee essaa jiirtaa haaraaItopiyanii Oromoo kaabajii jeechuunii abjuu hiindanqoo dhaaWBO tuumsii Oromia Biiliisomsii URL URL	negative
or_test_00749	Nuti The Oromo Gadaa Nation mirga ofiin of bulchuu fi walqixxummaa galmaan gahuuf dhaabbilee impaayera Itoophiyaa jibbiinsa sabaa fi sablammootaa fi danqaawwan hawaasummaa fi dinagdee karaa barbaachisu hundaan diiguu akka gaafatu ni hubanna	positive
or_test_00750	Waraanni Bilisummaa Oromoo Walloo keessa sochou ganama kana Diishqaa 2 rasaasa sanduuqa 25 fi AKM hedduu diina irraa boojieera	positive
or_test_00751	Aafiyaa Dhukkuba Busaa Dr Kadiir Nageessoo URL	neutral
or_test_00752	Hojii gaarii yoo hojjetan jajjabeessuun hojii yaraa yoo hojjetan qeequun dirqama bari	positive
or_test_00753	Veteran journalist amp owner of Oromo books shop in Finfinne Hinsene Makura was arrested last week Court ordered his release but police defied BBCHinseenee Makuriyaa akka gadhiifamu manni murtii ajajus poolisiin dide  Maatii  BBC News Afaan Oromoo URL	neutral
or_test_00754	Biyya keessattu qaalayiinsa gabayaa Rakkoo beelaatiifi dhabamuu nagayaatiin ummanni dhumaa jiraa please show osoo HiN taane jijjiirama jireenna lammii keessattu gammoojiin Rakkoo hamtuu gogiinsa beelaa fi nagayaan rakkete kanaaf fala fala fala fala fala fala fala fala fala	neutral
or_test_00755	Tiruun bulte lafee taati dubbiin bulte bultee dhagaa taati	neutral
or_test_00756	Firaaf Eegee raastii Ormaaf Eelee Dhaabdi  Kan jedhan kan akka keesaani kana TPLF Ummata Oromoo Waggaa Meeqaaf Kolaasa turte jala eegee raastuu TPLF bara 1991 isin ajjeesseee waggaa 27 Oromoo dhiigsa bahe deeggartaa yaa gowwaa	negative
or_test_00757	Obsi guddaan dhagaa yoo affeelu aarii xinnoon bishaan bobeessiti	neutral
or_test_00758	Guyyaa 21052022Injifannoo WBO Kibba lixa Shaggar Magaalaa BAANTUU seenuun leenchichi Injifannoo ajaaibaan goolabee jiraInjifannoo kanaan ATM 35 moonaa qaboos bilisummaaf galii taee jiraInjifannoon uummata oromoof URL	positive
or_test_00759	Cunqurfamtoota nin lolaaf diina koo taanillee Gantoota immoo nin lolaan obboleewwan koo taanillee Ilma Suleeman Shah Ertugrul	positive
or_test_00760	Hin irraafanu Wayyaaneen diina ummata oromoo fi sabaa fi sablamii Itoophiyaa hundaati	negative
or_test_00761	Dursa garuu Shufeerichi Garamitti oofa isa jedhamu Adda baasuun dirqama Ammas gara fuulduratti oofa taanaan Hallayyaa keessatti waan kufuuf warra baraaruuf harkisaa jirus fudhatee baduu isaati Kanaaf dursa shufeerichi marii isaa gara kamitti Akka qabee jiru ilaaluun dirqma JM	neutral
or_test_00762	We  are proud of you yaddi Bojia waaqi oromoo sin haa milkeessu akkasuma ammo uummata oromoo hunda hojii gooti isaan Artist Haacaaluu Hundeessa uummata isaaf gumaacha seena qabeessa isa dhumaa gumaacheefi Album kanan isaan haa gammachisu  URL	neutral
or_test_00763	Harcaatota Sirna Minilik II bara 1888 irraa kaasee bifa adda addaan hojmaataa fi sirna bulchiinsa impaayera keessatti kan itti fufee jiru yommuu tau sirni kun daran lafa qabataa jabaachaa fi egeree impaayera Xoophiyaa irratti dhiibbaa guddaa uumuu kan dandau taee jira URL	negative
or_test_00764	Guyyaa 28082021 Konya Qellem wallaggaa Ona Jimmaa HorrooIrree fi gaachanni oromoo WBO n diina saba oromoo kan taatee pp daaraa godhee jira injifannoon goolabee jiraWaraana pp yoo xiqqate 60 ol daaraa godhee jiraOromoLiberationArmy URL	negative
or_test_00765	Akaakayyuun isaa hin duune Takematsu Ohno yakkamaa seeraan alaa kana irraa haaloo hin baasu Ormi tokko waggoota dheeraaf somba koo irraa kutee jira Waaqayyo adabbii tokkollee hin kennu waan taeef daftee ofirraa ittisuu kee hojjedhu Odeeffannoo babalisaa	neutral
or_test_00766	Waraanii Bilisa Baasaa Ummata QimantKemant Libration Army KLA leenjii barbaachisu xumuree dirqama itti aanuuf qophii tahu ibse URL	neutral
or_test_00767	Yaa Oromoo Sabni xiiqqaan Tigray akkamitti diina isaa moohate jedhii yaadi Icittiin jiru tokkummaan bilisummaa isaaniif hiriiruu qofa dha Oromoon saba guddaa Afrikaa taee osoo jiruu sabni bicuu fi yartuun maaliif isa bitti  WBO garaagaraa StopOromoGenocide	positive
or_test_00768	Waraanni Afriikaa kibbaa naannolee balaa lolaaan miidhaman keessatti humna ibsaa fi bishaanii adda citee ture bakkatti deebisuuf akkasumas hojii dandammachiisuu deggeruuf jecha loltoota 10000 bobbaasuu isaa beeksisee jiraURL	neutral
or_test_00769	Tumsii WBO Jiiaa kanaa eessaa jirraamaloo AnisWBODha tweetii duaa taee URL	neutral
or_test_00770	kana sii dhabuu barbaadee dhaabatee  Jiraadhu	neutral
or_test_00771	Wanti agartan sabaa kesan ciina dhabbachuf issin jabessu qaba male aka Abiy Ahmed barbaaduti dubati issin gesu hinqabu Niinjiifanna IUOF	negative
or_test_00772	Wbon oromiyaa guutuu irraa diina ittisuu hin dandahuoromoon matama isatti qawwee bitachuu qaba Hanga yoom wbo wbo jechaa dua	negative
or_test_00773	Fincilliif mormiin QBO itti jiruu falmii WBOf kan hidhannoo gahaa qabuun utubamuu qaba Karri ykn balballi Finfinnee martii xirqim jedhe cufaatti akka turu hunduu haa jabaatu WOB OromoProtests OromoLivesMatter	negative
or_test_00774	WBOn Qeerrof Qarreen akkasumas ummanni Oromoo keessaaf alaa martii wal aggeeffatee wal cinaa abbatee lolatee OROMOO BARAARUU qaba Waan fokkisaatu deemaa jira WOB OromoProtests OromoLivesMatter	negative
or_test_00775	Oromoon Finfinneetti karaa cufuu qaba Qabsoon kun lubbuun kan falmatamu waan taeef WBO wajjin kan hojjetamuu qabudha Qabsoon Harka QULLAA hafeera WOB OromoProtests OromoLivesMatter	neutral
or_test_00776	Tokkoffaa waaee mootummaa abbaa fi qajeelummaa Isaa kan yaaddau yoo tau Abbaan immoo yaaddoo tokko malee wanta itti aanan hunda siif qopheessa	neutral
or_test_00777	kiyyoo dinni nuf qopheese beekne birra darbuun toofta qabsoo issa olaanaa dhaFakkeenyaaf dhimmi Finfinnee maalif dhimma yeroo kanaa tae yoo jene salphumatti remotin issa arka pp akka jirtu hubachu dandeenya Kaayyoo maali qaba yoo naan jettani kaayyoo diplomaasii	negative
or_test_00778	Waaee Oromiyaa  Amaarinyaan wanti dubbatamu kamiyyuu fudhatama kan hin qabne tauu seerri ibsu caffee Oromiyaatiin bauu qaba Dhimma Oromiyaa dubbachuu kan barbaade afaan uummatichaa afaan Oromoon  ala fudhatama kan hin qabne tauu seeraan yoo mirkanaae waan hedduu jijjiira	negative
or_test_00779	Qabsoon Oroomo qabsoo namoota muraasan deebiu Mot tumsa ummata balaa gaafata Kanaaf Oromon hundu ilaaf ilaameedhaanwaan dandau fi waan qabuun qabsau qaba	neutral
or_test_00780	Adunyaa kanarraa sabni otuu hunda qabuu hunda dhabe Oromoo malee Jiraa Humna qabna garuu dadhaboodha qeeee qabna garuu ormat itti gala qabeenya qabna gandatu nyaata nutin beelofna aangoo qabna ammas garbooma jiraanna Yaa nuui kana	neutral
or_test_00781	Mootummaa koo abbaa Bilisummaa  URL	positive
or_test_00782	Waa hundaa olitti naga biyyaa keenyaaf ummataa biyyaa keenyaa hundaaf Akka mirkanaauu hojiin hojjatamuuf qaba duutiif buqqaatiin ummata irraa dhaabatuu qaba angoon ummanni girfamee kabaja argattuu waan hin jirreef dursaa ummataaf nageenyii waaraan haa barbaachisuu	neutral
or_test_00783	Oromoon amma yeroo kamiyyuu caalaa buuura sabaan buuura gosaan buuura siyaasaatiin wal qoodee jira Dhugaadha furmaanni isaa  akka saba tokkootti Tokkummaa Keenya cimsuudha Gaaffiin jiru immoo Dammaqnee tokko tauuf Oromoo meeqa qalamuu qaba	neutral
or_test_00784	Qophii Arraata Biyyoolessa Oromiyaa ONMABO Muddee 16 2022  Qeerroo Bilisummaa Oromoo URL	neutral
or_test_00785	Qophii Arraata Biyyoolessa Oromiyaa ONMABO Muddee 14 2022  Qeerroo Bilisummaa Oromoo URL	neutral
or_test_00786	Viidiyoo arge amanuu hin dandeenye Akkamitti lammii tokko taana Akkamitti tokkummaa qabaachuu dandeenyaTigreen waraanaan ajjeefamneerra yeroo jedhan sirriidha Qotee bulaa Oromoo tokko yeroo qalamu argu Itoophiyaa jibbe Oromiyaan haa bilisoomtu URL	neutral
or_test_00787	ADAAMAA Muddee 82015EShCQamadii Biyya alaatii galu hambisuun badhaadhina maatii mirkaneessa Godina Shawaa Bahaatti bara kana jalisii Bonaatiin Lafti heektaarri Kuma 200 jallisii bonaatiin hojjatamuug karoorfamee keessaa lafti heektaarri Kuma 135 ol facaeeraa URL	neutral
or_test_00788	Tajaajila argachuu qabuuf fi gaaffii qabeenya akkuma kanaan dura gaafachaa turre dhimmi sunii hanga hardhatiti fala tokkoo hin arganne worren dhimmi ilaalu waan kanaa hordofani furmaataa ittii kennu qabuu akkataa amma laala jirru kanatti hojiilee na hojachisu hin heddan	neutral
or_test_00789	Waeen finfiine jiiba jareen qaban kalatii hundaanu nuttii agarsiissa jiiran jareen keenya hundii Hogantoota  hojiiwan hojachuu qaban yeero oddoo hinkeenii hojatamuu qaba finfiinee orormiiya urgooftu hojachuuf kalatiin kauu qabna	neutral
or_test_00790	Mulata keessan gaafa namaaf qooddan nama isin hin hubannetti yoo qooddan gadi caccabsee isin biraa deemaMaaliif hammuma isaa yaadda waan taeefMalee si jibbee miti humna kee ol hin hiixatiin jedhee gadi si cabsee deemaKanaaf nama mulata keessan qooddaniif sirriitti abaafadh	neutral
or_test_00791	Oromoon aadaa afaan aadaa fi amantaa isaa nama kamirrattiyyuu dirqisiisuuf muuxannoos taee duudhaa hin qabu  Sochiin tibbana namoota siyaasaa finxaaleyyii taaa jiran faallaa aadaa fi amantaa Oromoo waan taeef hatattamaan dhaabbachuu qabaUnityForEthiopia	neutral
or_test_00792	Mogassaa fi Guddifachaa Mulata aadaa fi amantaa ummata Oromoo fi waliin jireenya isaati Oromoon aadaa fi amantaa namoota waliin jaalalaa fi waldeggaruun jiraachuu qaba Oromoon amantaa ykn aadaa jibbaa gargar bahuu fi adda bahuu hin qabuUnityForEthiopia	positive
or_test_00793	Uummata qulqulluu kan jaalala waan ofii malee jibba waan biraa hin qabne	neutral
or_test_00794	Gosti jibbiinsa sabaa hunduu tokkuma  Dhaabuu qaba  Walumaa galattiIjoolleen mana barumsaa miidhamtoota jibbaa tauu hin qaban UnityForEthiopia  AddisAbabaFederalCity JusticeEqualityFreedom	positive
or_test_00795	Qophii IJA BANAAQophiin Ija banaa karaa Twiter Space hara galgala akka saa Finfinneetti 700tti 100tti waan gaggeeffamuf seena hirmadhaahiriyoota keessanifis share godhaa URL	neutral
or_test_00796	Waliigalteen nagaa mootummaa fi Wayyaanee Afrikaa Kibbaa Piritooriyaa keessatti gaggeeffame Itoophiyaaf buaa guddaa akka qabu warri hubatan waliigaltichi akka hin milkoofneef Addis Ababaa fi Wolegaa keessatti jeequmsa uumuuf hojjechaa jiru    DrAgeawi BerheUnityForEthiopia URL	neutral
or_test_00797	Qophii IJA BANAAQophiin Ija banaa karaa Twiter Space hara galgala akka saa Finfinneetti 700tti 100tti waan gaggeeffamuf seena hirmadhaahiriyoota keessanifis share godhaa URL	neutral
or_test_00798	Qophii IJA BANAAQophiin Ija banaa karaa Twiter Space hara galgala akka saa Finfinneetti 700tti waan gaggeeffamuf seena hirmadhaahiriyoota keessanifis share godhaa URL	positive
or_test_00799	Lafti Oromiyaa hundi diinaf aka qoraati agamsafi ibiddaa tau qaba Kan dhufte hundishi debiu hinqabdu WBO hajabeesinu karaa diinii iti figu hunda hachuufnu Dinagade Abiy PP halamshesinu jaritiin dinaagden aka chachaabde mata qabate batu ha goonu bobaa irra hadhaabnu	negative
or_test_00800	Yoo Oromoon cichoominaan irratti hojjete qofa barri bilisummaanis kan dhufu Lubbu wareeguun nutti hin hafne bilisummaa arguu dhadhabne Nu dhuguma waliif dhiiga Waliif rifanna Onnee haloo  bahu ni qabnaOromoLivesMatterOromoVoicehireenKeenyaMaafDhumuuTahe URL	positive
or_test_00801	Qajeelfama Naamusaa Hojjettoota Mootummaa Naannoo Oromiyaalakk 222015 URL	neutral
or_test_00802	Qajeelfama Naamusaa Hojjettoota Mootummaa Naannoo Oromiyaalakk 222015 URL	neutral
or_test_00803	Abbaan Fardaa Ni Boona Yoo Sittiingore Dheeysii Wanni Boonaniin Hojiidhaa Carraaqata JabeessiiHarargee Bahaa Aanaa Dadar Araddaa Burqaa Jaalalaatti hojiin misooma qamadii jallisii bonee haala kanaan Kunuunfamaa jira Fayyaa dayaa jennaan URL	positive
or_test_00804	Oromoonni biyya Jarman jiraatan magaalaa Barlin keessatti hiriira mormii mootummaa PP irratti gaggeessan URL	neutral
or_test_00805	Wallagga Bahaa Aanaa Saasiggaatti humnoonni weerartuu karaa Beenishangul Gumuz daangaa daheeffattee Sogee irraan  opreshina geggessuuf barii lafaa bobbaate tumamtee ofirra deebiteetti Amma madoon 200 ol hospitaala Sogee ciciftee jirtiBojaa Caalii	neutral
or_test_00806	Gaaf tokko gaaraa fi lafti diriiraan ykn raareen wajjin haasawan jedhan yeroo kana gaarri jallate ilaalee sumaatu diriireefi ummanni qotatuu olif gad si qaba jedhen dubbiin oromoos kanuma gaaraf lafa diriiraa wajjiin tokko tahe argamaa jira hubadhu	neutral
or_test_00807	Oromoo Dammaqi Wal Damaksi RIB sabaan Amaara taate 100 ol taatu guyyaa haraa Tulluu Gaanaatti Faannootti dabalamteettiKeenya garuu ammayyu gandarra yaee wal basaasa URL	negative
or_test_00808	Oromiyaan qeeraa tatee waayee namaa maaliif boosati hin goonee misooma qofaa kanii isiin hojjatan duatii namaa hin dubbatan ummanni oromoo guutumaaguuti misoomera jechuudha iddoo anii itti dhaladhe guddadhe motummaan maalii ummata akka hojjatuu ummanni hin beekuu	negative
or_test_00809	Wallagga Bahaa Aanaa Saasiggaatti humnoonni weerartuu karaa Beenishangul Gumuz daangaa daheeffattee Sogee irraan  opreshina geggessuuf barii lafaa bobbaate tumamtee ofirra deebiteetti Amma madoon 200 ol hospitaala Sogee ciciftee jirti	negative
or_test_00810	Oromoonni biyya Jarman jiraatan magaalaa Barlin keessatti hiriira mormii mootummaa PP irratti gaggeessan  Qeerroo Bilisummaa Oromoo URL	neutral
or_test_00811	Oromiyaan Booyaa jirti kan Imimmaan isii qoorsu ABOWBO qofa akka tahe Ummanni balaan Oromoo kana Hubachuu qaba     WOB OromoVoice OromoLivesMatter	neutral
or_test_00812	Bara mataan ilmoo namaa qoricha taeedhaayi laata Yaa Waaqa uuma atumtidubbadhu namni ati waliif haa dubbatuuf uumte maaliif akka uumame iyyuu hin dagate waan taeef	neutral
or_test_00813	Gaafa   sirna guddifacha   tumatu san alagaatu harka  kessa qaba jedhe amana ani	negative
or_test_00814	Qophii Arraata Biyyoolessa Oromiyaa ONMABO Muddee 17 2022  Qeerroo Bilisummaa Oromoo URL	neutral
or_test_00815	Umani oromoo jaaramuu qaba umani jarmaya hin qabne mana hulaa qabne kanaafi abbaan fedhe Kara fedheen senee akka barbaadu nu gochaa jira	neutral
or_test_00816	Sirni Abiy sirna nafxeenyaadha Sirna morma muraadha Oromoon hundi sirnicha mormaachuu qaba Biyya isaa Oromiyaa harka sirna morma muraa jalaa bilisa baasuu qaba AbiyMustGo OromoLivesMatter	negative
or_test_00817	Qophii  Arraata  Biyyoolessa Oromiyaa Muddee 18 2022 URL via OB	neutral
or_test_00818	Saudiin itti fayyadamtuu fi mirga namaa sarba jedhamu Kafaalaa akka tae hime	negative
or_test_00819	Lammiilen Itoophiyaa manneen hidhaa Saudii Arabiyaa keessatti hidhamanii gidirfamaa jiran lakkoofsi isaanii 30000 akka caalu ibsa gabaasni Amnestii IntarnaashinaalDabalataanis aangawoonni Saudii Lammiilee Itoophiyaa kuma dhibbaan lakkaaaman bifa mirga namaa sarbuun URL	neutral
or_test_00820	Of qopheessi Waanti fuuldura keenyatti tauuf jiru akkaan hammaataadha Hara nama tokko qalanii nutti agarsiisani Fuulduratti nama dhibbootaan lakkaaamu qalanii nutti agarsiisuuf jiru Waantota kanaa ol nama sukkaanneessan kan biroos gochuuf qophaaaa jiru URL	negative
or_test_00821	Wallagga Bahaa Aanaa Saasiggaatti humnoonni weerartuu karaa Beenishangul Gumuz daangaa daheeffattee Sogee irraan  opreshina geggessuuf barii lafaa bobbaate tumamtee ofirra deebiteetti Hamma madoon 200 ol hospitaala Sogee ciciftee jirti	negative
or_test_00822	Haqni ummata Oromoof  Ethiopia namni Oromoo akka mirga isaatti dubbatee akka yakkamaatti hidhamee osoo namni saba biraa dubbatu arguudhaHidhaan ummata Oromoof yaadannoo badaa isa dhumaatiUmmanni Oromoo mootummaa ukkaamsaa hin barbaachisu URL	positive
or_test_00823	Afuuftuu Wallaggi waanuma misooma irra jiru fakkeessuukeetii egaa Future of Ethiopia jedha isayyuufuture si hin agarsiisiin Dhiiga namoota nagaa dhangalaasaa afaan guuttee waan export haasofta Harree jedhee maqaa si hin tolchu Harreen si caalaa ilmoo namaaf gatii qabdi	negative
or_test_00824	Dhugaakee jette kormeekan naaf hin galle sabnikoo faloo barbaaduu hin oolu sabbeejarri xonqolaa WBOn dheengadda irraa cire sanaan saba kana afaan qabdemoo maaltu onnee nu dhoowwate yaa firaa	negative
or_test_00825	Ergaa cimaaRisaan kanaa booda abbootii qabeenyaa habashaa irratti xiyyeefachuu qaba Sababni isaantu faayinansiin kan deeggare nu duguugsa jiru isaani	negative
or_test_00826	Talaalliin madinummaa olguddisuuf fudhatamuu fi foyyeffame akaakuu gosa omicron jedhamu namarraa ittisuu dandaa Talaallii madinummaa ol guddisuuf fudhatamu kan fooyyae fudhachuuf beellama qabadhu URL URL	neutral
or_test_00827	Harargeen lixaa saamamtee dirmadhaaf nuti isiin deeggarra abichuu abbaa malaa garuu biiyti saamichan akka ummanni mootummaa irraa abdii dhabu godhaa jira kanaaf farri malaammaltummaa hatattamaan gadi akka buuu fi haqa qabeessa akka tahu taasisa	positive
or_test_00828	Qophii  Arraata  Biyyoolessa Oromiyaa Muddee 17 2022 URL via	neutral
or_test_00829	Abiy kanaafu isa gadi lakise qabsoo sibiilas tokumaas lamsheseefira Oromon mormisa qalame enna dhumu akas gochun maal jechaadha Nageenya jechaa taiti qalami jechadhamo maal inni Oromon Jwaarira abdi kutachu qaba Gadaan isa fedhi isatin darbera	negative
or_test_00830	Dhugaa Waaqayyoo irra dhaabatee ni dubbata yoo taee Oromoo ajjeefamaa jiruuf sagalee isa guuddaa tau qaba	positive
or_test_00831	Isin keessaa kamtu dhiphatee jireenya isaa irratti saaatii tokko dabaluu dandaa Dursa Mootummaa Abbaa fi qajeelummaa barbaadaa wanti kun hundinuu isiniif ni dabalama	neutral
or_test_00832	Amma dhuguma lubbuun jirra jettee afaan guuttee haasoftaa ati uummata akka saree abbaa barbaadeen qalamaa hariamaa ooluuquba qabda ati hamilee kamiin misooma haasofta ati abbaan garaa humni addaa yeroo finxaalleyyiin waadamu waa jettee  shame on you shame no you	negative
or_test_00833	Uummati oromoo ergaa gaafa qawween cabee kaassee haga guyyaa haraati oromummaa isaa qofaaf Duguggaa sanyii irrti raawatama jirabor garuu kun uummata oromoo mudachuu akka qabnneef hara walin dhaabchu qaba ummati oromoo hundi URL	neutral
or_test_00834	Sirnich sirna morma muraadha Kanaafuu sabni Oromoo biyya keessaa fi biyya alaa jiratu martii wal dhaaggeeffatee fi wal cinaa dhaabbatee qindeessummaa fi hongantummaa WBO Qeerroo fi Qarree waliin taee Oromoo baraaruu qaba WOB OLA WBO OromoLivesMatter URL	negative
or_test_00835	W30 qofa miti Ummanni OROMOO hidhatee naannoo ufii eeguu qabayaada kana woliiqooduun barbaachisa	positive
or_test_00836	Jabaadhu Hojii gaari hojjataa jirtuu Worrii kun Amaluma ishee iyyiti gurraa hin kennin oromoon siifana jira  Finfinneen kan oromooti kan jaalatee oromoo wajjiin keessaa jiraachu mirga heeraa fi mirga oromoon aadaan hammachuun kennee qabu Kan hin barbannee   lakkisee ha demuu	negative
or_test_00837	Mormi baayeen muramuu qaba jechuu qabdu malee hin maaliif murame jettanii balaleeffachuu hin qabdan Kana jechuun Oromoo hunda fixuu qabdu jechuu isaadha OromoLivesMatter  URL URL URL URL	negative
or_test_00838	Misooma Jallisii Qamadii Aanaa Maannaa URL	neutral
or_test_00839	gocha suukaneessaa dhallii namaa dhala nama irratti hin raawwata jedhame hin eegamnetu ummata Oromoo irratti raawwatama jira gareen shorarkeessaa faannon yeroo nama nagaya akka beelladattii gadi ciibsee qalu gorrau kan garsiisuudha Suraan kun URL	neutral
or_test_00840	Hafuu qofa osoo hintaane baduu qaba	positive
or_test_00841	By the way Ani kadiree miti Nationalist dha Jijjiirama uummanni hundi waliin fidan kana akka hin gufanneef wanan beeku hundan deeggaruun mirga kooti	positive
or_test_00842	Oromoon akka oromoottisabaatti diina qaba dhugaadha Qabsoon oromoos diina qaba Qabsoon keenya garuu biftokkee miti Galmaa fi kaayyoo tokkoof qabsaaa hin jirru nuun akka OromoottiKanaaf diinni qabso Oromoo garee tokkoo fira qabsoo Oromo garee kaanii taa Kana gufuun qabso	negative
or_test_00843	Oromiyaatti hojiin  misooma Bunaa sadarkaa olaanaatti ceaa jiraNaannoo Oromiyaatti hojiirra oolaa kan jiru sosochiin misooma Bunaa damicha sadarkaa olaanaatti cesisaa jiraachuu Pireezedaantiin Mootummaa Naannoo Oromiyaa Obbo Shimallis Abdiisaa ibsan URL	positive
or_test_00844	Sii malee hattuun uummata keenya diqaalaatti gurguratee waan kolfaa nu godhe Maal taa uummata Wallaggaa dhumaa jiruuf sagalee taate Tortoricha akka jaldeessa boqqooloo quufee gaaratti ol bahuun maal siif godha otoo uummanni dhumuu	negative
or_test_00845	Fincilliif mormiin QBO itti jiruu falmii WBOf kan hidhannoo gahaa qabuun utubamuu qaba Karri ykn balballi Finfinnee martii xirqim jedhe cufaatti akka turu hunduu haa jabaatu WOB OromoProtests OromoLivesMatter	negative
or_test_00846	WBOn Qeerrof Qarreen akkasumas ummanni Oromoo keessaaf alaa martii wal aggeeffatee wal cinaa abbatee lolatee OROMOO BARAARUU qaba Waan fokkisaatu deemaa jira WOB OromoProtests OromoLivesMatter	negative
or_test_00847	Oromoon Finfinneetti karaa cufuu qaba Qabsoon kun lubbuun kan falmatamu waan taeef WBO wajjin kan hojjetamuu qabudha Qabsoon Harka QULLAA hafeera WOB OromoProtests OromoLivesMatter	neutral
or_test_00848	Sagantaa IJA BANAA gama Arraata Biyyoolessa Oromiyaan kallattin Tamsauu hodofaa Qophii kana irratti Hayyoota  Qondaaltoota WBO fi Miseensoota WBOtu hirmaata URL	neutral
or_test_00849	Sagantaa IJA BANAA gama Arraata Biyyoolessa Oromiyaan kallattin Tamsauu hodofaa Qophii kana irratti Hayyoota  Qondaaltoota WBO fi Miseensoota WBOtu hirmaata URL	neutral
or_test_00850	Amaarri hara ergama Abiyyi baachaa jirtiIsatu uummata keenya fixuuf karoora qabaharka warra gowwaa kanaan uummata keenya gara jabummaa fi jibba irraa qabu baachaa jiraNafxoonnimmoo gowwummaa isaanii dhiirummaa seu goda keecha looanii kichuu nyaatu	negative
or_test_00851	Laphee qulqulluu qabaachuun nama biraaf osoo hin taane abbuma fayyada Jaalala rabbitu jaalata URL	positive
or_test_00852	Humnoonni tikaa mootummaa barattoota yakka tokko malee ukkaamsaa jiraachuun dhagaahameSQ Mudde 182022Warraaqsa Oromoo Baraaruu barattoonni barsiisoonni akkasumaas qaamolee hawaasaa biroon irraatti hirmachaa jiran sababa gochuun humnoonni tikaa mootummaa URL	negative
or_test_00853	Humnoonni Tikaa Mootummaa Barattoota yakka tokko malee Ukkaamsa jiraachuun dhagahame  Qeerroo Bilisummaa Oromoo URL	negative
or_test_00854	Warraaqsa Oromoo Baraaruu Barattoonni Barsiisoonni Akkasumaas Qaamolee Hawwasaa biroon irraatti hirmachaa jiran sababa gochuun humnoonni Tikaa Mootummaa Barattoota Hidhaatti guuraa jira Kibba Oromiyaa Godina Boorana keessaatti Barattoonni Yakka tokko malee ukkaamfamuu Maddeen	negative
or_test_00855	Misooma bunaa moo nagaa uummata Oromoottu dursa	neutral
or_test_00856	Mat 7 Yesus Karra isa dhiphaadhaan ol galaa Karaan gara badiisaatti geessu boochoo dha karri isaas balaa dha namoonni ittiin ol galan immoo baayeedha Karaan gara jireenyaatti geessu rakkoo dha karri isaas dhiphaa dha namoonni isa argatan muraasa jedh	neutral
or_test_00857	Injjiifatamtus ati Onnee koo keessati iddoo guddaa qabdaa MBappe URL	positive
or_test_00858	GMN Qophii Keessoo Oromiyaa Mudde 182022 URL	neutral
or_test_00859	Badhaasa Hoggaansa Cimaa Misooma Ashaara Magariisa Irraattii Argate URL	positive
or_test_00860	Ammas yaa obboloota ko waaee waanuma dhugaa taee waanuma ulfina qabuu waanuma qajeelaatti lakkaaamuu waanuma qulqulluu tae waanuma jaallatamaa waanuma gurratti tolu waanuma gaarii tae waanuma galata qabu yaadaa   Filp 48	positive
or_test_00861	Haalli Amma biyyi teenna itti deemaa jirtu baayee gaariidha Garuu iddoo hundatti nageenni waaraan mirkanaauu qaba Keessatuu rakkoo nageenyaa naannoo oromiyaa Godina Gujii Fi wallaggaa keessa jiru yeroo gabaabaa keessatti deebii argachuu qaba	positive
or_test_00862	Rakkoo qaba  dhagaamu ti hin jiruu	negative
or_test_00863	Harree damma baattuu ati miaa isaa hn beektu atis mootummaa naannooti akkuma mootumma naannoo biraa maaliif ummata kee sijalatti yeroo fixan ustee laalta yoom ummata kee cinaa dhaabbattee room roorroo tana irraa ittista maal godha maqaaan mootummaa yoo ummata isaaf hn taane	negative
or_test_00864	Mormas Nuuf Laattanii Kanaa ol maal nuuf gootan ree WBO koo	positive
or_test_00865	Oromoon wa 2f makmaksatti fayyadama dubbii hiikuu fi dubbi fixuuf jedhan Dubartii waan 2 jaallatu gabaa hin baasina  Bilisuummaa ykn ofittummaa jeallachuudha Dheebu bilisuummaaf qabna taanan  qabeenya lubbuu yeroo ogummaa keenya maraan itti dadhabu qabnaOromoVoice	neutral
or_test_00866	Saalfatamuu waan dadhaneefi beeki kan jarri qomoo keenya kutalee Oromiyaa gagagaraa keessa jiran bararu qabna jedhani ibidda nutti shidaniif Taate Nuti hoo maalif Oromiyaa dhuftani jirachuyyu eegaltan jechuuf maaltu nu hanqate Nu maalumaan jaraa gadi OromoVoice Oromiyaa	negative
or_test_00867	Fincilliif mormiin QBO itti jiruu falmii WBOf kan hidhannoo gahaa qabuun utubamuu qaba Karri ykn balballi Finfinnee martii xirqim jedhe cufaatti akka turu hunduu haa jabaatu WOB OromoProtests OromoLivesMatter	negative
or_test_00868	ati sabakee oolchi warra kankneeti eebbisi bara baraan tiksee isaanii taiif ol fuudhii isaan baadhu Far 289	neutral
or_test_00869	Sassaabbii Omisha Ganna 201415 Milishaaf Oomisha sassaabuun Nageenya uummata ofiif wabii tahuudha Kanaaf uummaanni gurmaaee karoora fi sagantaan Oomisha milishaa sassabuuraatti hirmaatan hundi dirqama isaanii waan bahaniif galateeffamuu qabu Obbo Didhaa Guddataa URL	positive
or_test_00870	Odeeffannoo dogoggoraa odeeffannoo sobaa fi haasaa jibbiinsaa jeequmsa kakaasu tamsaasuun mootummaa Ameerikaa caalaa namni yakkamaa tae hin jiru URL	negative
or_test_00871	Odeeffannoo dogoggoraa odeeffannoo sobaa fi haasaa jibbiinsaa jeequmsa kakaasu tamsaasuun mootummaa Ameerikaa caalaa namni yakkamaa tae hin jiru URL	negative
or_test_00872	Omishaa fi omshtumaa itti fuufinsaan guddisuun Dinagdee Qonnaan durfamuu Ummuuf Hojjatamaa jirachuuCimiinaan xiyyeefanaan hojjatamuu qaba	positive
or_test_00873	Hoolaan tokko tokko immoo arraba irra maasa qaba Maaliin irra feccinuuf laata Farsee bulaa fakkare bulaa fi farfame bulaan jibbe URL	negative
or_test_00874	Baga nagaan baateGoota fi qaroo oromoon qabdu keessaa tokko Gumaa SaaqqataBaga nagaan baateYakkamaa taate osoo hin taane Silas dhugaa dubbachuu keetu kijibdootatti mataa dhukkubbii taeWOBSOOromoLivesMatter OromoVoice URL	positive
or_test_00875	Dhiiro babaaroo nageenyi keessan badhaadha Bultiin nagaya URL	positive
or_test_00876	Naannoo jireenyaaf mijataa uumuufi qabeenya uumamaa kunuunsuun madaalliin jijjiirama qilleensaa akka eegamu taasisuun murteessaadhaURL URL	positive
or_test_00877	Kun mirga ummata Oromoo dhiibuudha abba biyyummaa ummata keenyaa mulquudha Nagaanya biyya keenyaaf jecha motummasn kan sirreessu qaba Finfinne kan oromooti magaalaa saboota fi sablamoonni keesa jiraataniidha	negative
or_test_00878	Duula hiyyummaa balleessuufi nagaa boorae tasgabbeessuu irratti namni hundi bobbauu qaba Nagaan amansiisaan buaa nama hundaati Badhaadhinni immoo ofitti amanamummaa namaaf argamsiisa	positive
or_test_00879	Injifannoo Wareegamaan Arganne Dafqa Keenyaan Utubneeti hiyyummaa seenaa goonaAanaa Dadaritti Sochii fi Kunuunsi  hojii  misooma qamadii jallisii bonee haala gaarii taheen hojjatamaa jira Fayyaa dayaa Jabaadhaa  Haaluma kanaan cimee itti fufuu qaba URL	positive
or_test_00880	Baga gammaddee  itti aansee teessoo mootummaa oromiyaa magaalicha keessaa baha	positive
or_test_00881	Gammachiisitti hojii kunuunsa qabeenya uumamaa hojjetamaniin buaawwan abdachiisaan  argamuu dandaeeraHojii eegumsaafi kunuunsa naannoo fi qabeenya uumamaa cimsuun biyya magariituu taateefi jijjiirama haala qilleensaa dandamatte uumuun kallattii xiyyeeffannoo mootummaa biyyaa	positive
or_test_00882	Gammachiisitti hojii kunuunsa qabeenya uumamaa hojjetamaniin buaawwan abdachiisaan  argamuu dandaeeraHojii eegumsaafi kunuunsa naannoo fi qabeenya uumamaa cimsuun biyya magariituu taateefi jijjiirama haala qilleensaa dandamatte uumuun kallattii xiyyeeffannoo mo URL	positive
or_test_00883	Lla jajjabaa guyyaa kaleessaa Lixa Oromiyaa bakkoota 8 ol keessatti gaggeeffama oolen yoo xiqqaate Weerartuu 4000 oltu hojiin ala tae	negative
or_test_00884	Naqamtee keesaa sirbaa figaa jirtii federal police 3f 2 fi isuzii tokkoo achii ol sirba dhuftee Mal akka tae hin bekuuhordofaa	negative
or_test_00885	Oromoon Finfinneetti karaa cufuu qaba Qabsoon kun lubbuun kan falmatamu waan taeef WBO wajjin kan hojjetamuu qabudha Qabsoon Harka QULLAA hafeera WOB OromoProtests OromoLivesMatter	negative
or_test_00886	Watch Araarri Sobaa Furmaata hin fidu Qophii Addaa ONMABO Muddee 19 2022 on YouTube URL	negative
or_test_00887	Guyyaa Tuesday 20  2022 Saa 100 PM menneso Time keessummaa Jamaal Ibrahim Mataduree Warraaqsa Oromoo fi Oromiyaa baraaruuf taasifamu milkeessuuf maaltu gidhamuu qabaOromovoice WOB AbiyMustGo URL	positive
or_test_00888	Oromoonis taee oromiyaan kan   kabajaamu WBO qofaan tahuu isaa namni kamuu hubachuu qaba kanaf WBO haa cimsinuu baraa pp kanaa kessaa Gaffiin Oromoo baraa dheeraa gafatama turee deebii kan argatan otoo in taiin Kanumti debii argatan iyyu Oromoo harkaa pp dhan fudhatama jiruu URL	negative
or_test_00889	Qophii  Arraata  Biyyoolessa  Oromiyaa Muddee 19 2022 URL via	neutral
or_test_00890	Yeroo ammattii ololaa mootummaa irratti banuun hedduu nu fayyada	negative
or_test_00891	Hawaasi Oromoo biyya UK magaalota garaagaraa jiraatan magaalaa Landanitti walitti dhufanii hiriira mormii geggeessuuf qophii taasisaa jiraachuu himan URL URL	negative
or_test_00892	Yoo humna keenya ol tahe malee waranni keenya rasasa diinaatiin kufu hin qabu yaa OromooWboon keenna Oromoo guddicha isaaan keesaan Oromiyaa walba ilaalla mimmiaan harmee qooru isanumaan abdanna Maarre akkamin utu nu jirru miidhamuOromoVoice OromoLivesMatter	negative
or_test_00893	Nuti bar ummatuma ofirraa duedhaam Siidaa yaadannoo dhabuun gaariidha tauus qaba Garuu dhaloota hardha dhalatee Yoo mormi kutamu argee caldhise akkamiin barsiifna Sorry hunda miti warra falmii haadhooftuu gochuutti jiran hin dabalatu	negative
or_test_00894	Jaalalli onnee ilma namaa mooata kanaaf yeroo baayyee jaalala onnee kootti baadhee deemuu jaaladha Biyya Ethiopia keessaa jaalala olkaayaa malee fuutanii worri deemuu barbaaddan diina ummata Ethiopia	positive
or_test_00895	GaraagaruumaInjifannoo haarra wallagga lixaa aanaa jaarsootimadoo diinaa warri lubbun hafan dhiisanii baqatani wbon fuudhee yaalaa jiraKabaja namummaa URL	positive
or_test_00896	GaraagaruumaInjifannoo haarra wallagga lixaa aanaa jaarsootimadoo diinaa warri lubbun hafan dhiisanii baqatani wbon fuudhee yaalaa jiraKabaja namummaa URL	positive
or_test_00897	Harargetti miila Arsitti harkaaf harmaWallaggatti gubanneeGujiitti mormaa cinnee galleetuma rafnebaraarugaa maleeKan rafe hin dammaqne     Qaroo Sabaa	negative
or_test_00898	Yoo sitatee maal gotta Miilaako Waali galu Diidee Tokko Garas  deema Tokko AS dema furumaani maali  Hagaa isan Waali galanii Ani  Abbaan miilaa  maali godhuu qaba Debisa isiirahin Egadhaa	neutral
or_test_00899	Qophii  Arraata  Biyyoolessa  Oromiyaa Muddee 19 2022 URL via	neutral
or_test_00900	Qabsoon cubbuu miti mirgaMirga qofas miti dirqama uumamaatti	neutral
or_test_00901	Qophii Arraata Biyyoolessa Oromiyaa ONMABO Muddee 19 2022  Qeerroo Bilisummaa Oromoo URL	neutral
or_test_00902	Araarri Sobaa Furmaata hin fidu  Qophii Addaa ONMABO Muddee 19 2022  Qeerroo Bilisummaa Oromoo URL	negative
or_test_00903	Mootummaan Abbaa mootii Ilmasaatiif cidha qopheessee wajjin wal bira qabamee ilaalamuu dandaa Garuu xiyyeeffannaa tokkollee hin kennine tokko gara qonna isaa kaan gara daldala isaatti deeman Baayeen affeeramaniiru garuu muraasni filatamu	neutral
or_test_00904	Araarri Sobaa Furmaata hin fidu Qophii Addaa ONMABO Muddee 19 2022 URL via	negative
or_test_00905	MULAATA GANTU1 duuba kee sii hamachuu2 sii qabate ol kaatee sii kuffisuu3 bakkaa irraa kaatee irranfachuu4 eenyumaa namaati iddoo dhabuu5 dantaa waan argateetin sobamuu6 duulaa dullaa duubaa firaafi aantee irratti geggessu URL	negative
or_test_00906	Ajandaa diina fayyadu kan diinni qopheessee askenne diinaa bulluksuu malee ajandaa fira ittiin dammaffatan bocee askennuurratti hanqina qaba dhalootichiMagarsaa	negative
or_test_00907	Mic fudhadhu ol bahi	neutral
or_test_00908	Artistii Qaroo Uummataa dhiheenya ol bae mulatu Taammirat Tolasaa Tikni Sirna Maafiyaa kana butee achi buute dhabamsiisutu dubbatamaOromoo wal irratti hin ilaalinaasagalee waliif taaaSirni kun sududuman nu balleessutti gamaa jiraatiWOBSO URL	negative
or_test_00909	Artistii Qaroo Uummataa dhiheenya ol bae mulatu Taammirat Tolasaa Tikni Sirna Maafiyaa kana butee achi buute dhabamsiisutu dubbatamaOromoo wal irratti hin ilaalinaasagalee waliif taaaSirni kun sududuman nu balleessutti gamaa jiraati URL	negative
or_test_00910	Dr abiy Ahmad wonta hedduu siressa jirra nat fakkaata xiyyeeffannoo kennutti jirra kallatti maraan akkanaa tanaan biyya teenya biyya nagayaa tate biyya wol qixxummaa akka taatu abdiin qaba	positive
or_test_00911	Baga gammaddan baga Mirga Oromoo dabarsitaanii kennitan	negative
or_test_00912	Artistii Qaroo Uummataa dhiheenya ol bae mulatu Taammirat Tolasaa Tikni Sirna Maafiyaa kana butee achi buute dhabamsiisutu dubbatamaOromoo wal irratti hin ilaalinaasagalee waliif taaaSirni kun sududuman nu balleessutti gamaa jiraati URL	negative
or_test_00913	Teessoo Na Gaafannaan Jedhe OromiyaaDhiiga Lafee Tiyya Biyya Abbaa KiyyaaNamni Abba Malee Hin DhalatuBiyyan Qaba Kan Na BoonsistuOnne Tiyya Tiru TiyyaAnaafiis Oromiyaa  Oromiyaa Oromiyaa URL	neutral
or_test_00914	Imimmaan uummata keenya qulqulluuKana caala waan nuuf hafee jira laata URL	neutral
or_test_00915	Nuuf galaa  barruu seena qabeetti kana dhalootaf ol kawwaadha Siyaasa shira sirna nafxanyaa ittin dhaloota barsiisa Irras baradhaSeenaa Abishee bara 1878 Seenaa Diinaras bara 2019Seenaa Goolichaa bara 2021URL URL	negative
or_test_00916	Oromiyaan kan Oromoo qulqulluu qofaattiAlaabaan kun ammoo Alaaba biyya Oromoo ttiIntaali kuniis intaala biyya Oromoo tti URL	neutral
or_test_00917	Hubatamuu qabaOromummaa fi Xoophiyummaatu wal lolaa jira Suurich garuu ergaa dogoggorsaa dabarsaa jira Kan wal lola jiru SirnaGadaa fi SirnaNafxanyaati malee ilmaan Oromoo miti AbiyMustGo SaveOromia WOB URL	negative
or_test_00918	Afdaneessummaa fi sabdaneessummaan miidhagina malee madda rakkoo tauu hin dandauURL URL	positive
or_test_00919	Nagaaf dimokraasiiTabaroo namummaaMisooma amansiisaaGuddina hatattamaaUmmatootaa wajjiinJaalalaafi tokkummaaWabii jireenyaatiifGoonee kaayyoo cimaaIrree gamteeffanneeKaanee nu abdadhuuOromiyaa lalisiiDagaagii jiraadhuu22	positive
or_test_00920	Oromiyaa OromiyaaHaadha seenaa guddaaHandhuura oromootaaGalma sirna gadaaDachee heeraa fi seeraaHaadha caffee odaaBadhaatuu gabbattuuMagarsituu hundaaXurii bara dhibbaaDhiigan sirraa dhiqneeWareegama qaaliinAlaabaa kee ol qabneeGammannee gammadiiBokkuu deebifannee	positive
or_test_00921	Kabajamoo Ambassador dhugumatti kabajaan isiniif qaba Haa tahu malee waraana Ertiraa fi Faannoo Amhraa Achii keessa baasuu maaliif dadhabame Dhimma kanaratti sodaa guddaan qabaJarri osoo kuniin hin bahiin of sodaattee tahuu mala	neutral
or_test_00922	Oromoo baayeen Abyi Ahmed OLAWBO wajjiin nagaa buusuu qaba jedhuDhimmii Oromoo Abyi akka nagaa buusuu qofa osoo hintaanee gaaffiin Oromoo osoi hinsharafamiin deebii akka argatuuf malee nagaa innii nurkaa fudhatee nuuf deebisii mitikanaaf qabsoon haqaa deebii haqaan xumurama	positive
or_test_00923	Oromoof OrommummaaOROMIYAAF SABBOONUMMAAguyyaa tokko ol jennee deemnaNu saba guddaadha URL	positive
or_test_00924	Ajechacha umata oromoo irra dhabachu qaba	positive
or_test_00925	Aanaa Dadaritti Oomisha qamadii Bonee jallisiin oomishamu milkeessuuf xiyyeeffannoon hojjetamaa jira Kun jabaatee cimee itti fufuu qaba janna URL	positive
or_test_00926	Oromoon biyyaa qaba Biyyii isaa Oromiyaadha Oromoon Looltuus qaba Looltuun isaas WBOdha defendOromia  SaveOromo OB URL	negative
or_test_00927	Magaalaa Baakkoo keessatti saa ammaa kana waraanni mootummaa manneen ciisichaa magaalichatti argamu sakattaaa jiru	neutral
or_test_00928	WBO  NamummaaFakkeenyummaa waa hedduu irraa baratama waraana bilisummaa oromoo irraa OromoLivesMatter OromoLiberationArmy OLA URL	neutral
or_test_00929	Qophii  Arraata  Biyyoolessa  Oromiyaa Muddee 20 2022Oromoo manaa tesee hinduueniiWBO tii galii luubukee bararii URL via	neutral
or_test_00930	Qophii  Arraata  Biyyoolessa  Oromiyaa Muddee 20 2022 URL via	neutral
or_test_00931	Hattoota magaalaa keessa taaanii soba hafarsaa oolan kana irratti tarkaanfiin fudhatamuu qaba URL	negative
or_test_00932	Ani kan dhibe maaliif Oromoon Mootummaa Abiy woliin hojjatu yeroo Oromoon qalamu calisuu filatanAangoo fi Horiif jettanii Saba keessan dhabdanii ofiillee nyaata nuuf jirtu	negative
or_test_00933	Uuu uuu uu uuu iyyii ittana dabarsi kan hin dhagahin dhageessisii qabeenya kee itti hin gurgurin horii keen irraa hin bitin worra faaruu alaabaa keetii lagatutti addi ababe oromoo tahus	positive
or_test_00934	Afdaneessummaa fi sabdaneessummaan miidhagina malee madda rakkoo tauu hin dandau	positive
or_test_00935	Qophii  Arraata  Biyyoolessa  Oromiyaa Muddee 20 2022 URL via	neutral
or_test_00936	PP fi michoonni isaa Michuu sirna abbaa irree fi nama nyaataa durii deebisuuf tattaaffii godhan gonkumaa hin milkaaan  Duguuggaan sanyii ummata Tigraay fi Oromiyaa irratti raawwatamaa jiru hatattamaan dhaabbachuu qaba URL	negative
or_test_00937	PP fi michoonni isaa Michuu sirna abbaa irree fi nama nyaataa durii deebisuuf tattaaffii godhan gonkumaa hin milkaaan  Duguuggaan sanyii ummata Tigraay fi Oromiyaa irratti raawwatamaa jiru hatattamaan dhaabbachuu qaba URL	negative
or_test_00938	Qophii  Arraata  Biyyoolessa  Oromiyaa Muddee 20 2022 URL via	neutral
or_test_00939	Guyyaa Tuesday 20  2022 Saa 100 PM menneso Time keessummaa Jamaal Ibrahim Mataduree Warraaqsa Oromoo fi Oromiyaa baraaruuf taasifamu milkeessuuf maaltu godhamuu qabaGaaffii fi Deebii Oromovoice WOB AbiyMustGoURL	neutral
or_test_00940	WBOn Qeerroof Qarreen akkasumas ummanni Oromoo keessaaf alaa Qomoon martii wal dhaggeeffatee wal cinaa dhaabbatee lolatee OROMOOf OROMIYAA BARAARUU qaba TOKKUMMAAN HUMNATokkummaan kaanee falmachuun dirqamaInjifannoon Ummata OromoofWOB OromoProtests OromoLivesMatter URL	negative
or_test_00941	Dhugaan bilisa nama baasa  Dhugaan waaqa  Lubbuu lama hin qaban  Tokkuma  Gootummaan dhugaaf dhaabachuudha  Of wallaaltuu fi raatuu namummaa fi safuu hin qabne waaqni uumaa awwaala ishee yaa kaleessu	negative
or_test_00942	Added Jaallanne itiophiyaa Godina BBeddellerra 0917052562 irrati sagsntta oduu VOA adfaan oromoo irrati  naaf bilbili yaadan qaba	neutral
or_test_00943	WBOn Qeerroof Qarreen akkasumas ummanni Oromoo keessaaf alaa Qomoon martii wal dhaggeeffatee wal cinaa dhaabbatee lolatee OROMOOf OROMIYAA BARAARUU qaba TOKKUMMAAN HUMNATokkummaan kaanee falmachuun dirqamaInjifannoon Ummata OromoofWOB OromoProtests OromoLivesMatter URL	negative
or_test_00944	Mootiin Morookoo Mohaammad VI Taphattoonni haadholii isaanii simannaa masaraa mootummaa keessatti taasifamu irratti argaman waliin walakkaa xumuraa waancaa addunyaa  gahaniif kabaja Ykn beekamti Laatiniifi jiru URL	positive
or_test_00945	Qophii Arraata Biyyoolessa Oromiyaa ONMABO Muddee 20 2022  Qeerroo Bilisummaa Oromoo URL	neutral
or_test_00946	Sirni Oromoo fi Oromiyaa cabsuuf karoorfate ol adeemaa fi abdii borii hunda kichuutti harcaasuu jabeessee itti fufee jira  Qeerroo Bilisummaa Oromoo URL	negative
or_test_00947	Qophii Arraata Biyyoolessa Oromiyaa ONMABO Muddee 19 2022  Qeerroo Bilisummaa Oromoo URL	neutral
or_test_00948	Oromoon hardhas Boris haqa isaa irratti wareegamuu qabaWareegamni isaas biyya shoorarkkeessuu utuu hin taaneQabeenya namaa saamuulubbuu namaa qisaasuuDaangaa namaa saamuuNageenya waaraa booressuu Qeeef qabeenyarraa nama godaansisuu utuu hintaane haqa  falmatu URL	negative
or_test_00949	Sirna hardha Bilixiginaan akka waan harkaa qabdu fakkeesiitu  Olaantummaan kan abboomuu fi hoogganuu qaama sadiidha Roadmap fi kayyoon kan jaraatiPPergamtuudha1Eritrea ykn Shaabiiyaa 2 Harcaatuu sirna durii diaspora keessa maadheefatte 3EZEMA PP uddeellatte	negative
or_test_00950	Waaqayyo Abbaa keenya warra Dubbii Abbaa hordofanii fi Hojii Yesus irraa hojjetee bishaanii fi Hafuura irraa dhalatan hundaati kan Abbaa keenya hafuuraa fi dhugaadhaan waaqeffatu Fedha Waaqayyoo Mootummaa Abbaa keessatti raawwachuudha	neutral
or_test_00951	Ajajaa dhibbaaNama hubatuuf WBOn falmaa mirga dhala namaa tauunsaa suurri addunyaa duratti ragaa baaWBOn haa waaru URL	positive
or_test_00952	Seenaaf haa ol kaaamu	positive
or_test_00953	Lubbuu koo sin jaallaSiin jedhee tiruu kooFeetu siifan duaaSiif dhiisee jiruu kooSi fayyada taanaanLubbuu koon siif laadhaJaalala kee uruurseenMataa kootti baadhaMiira kiyya maraanIttiin waa dubbisiOnnee koo banadhuuKeessatti shubbisiQaamni koo kan keetii	positive
or_test_00954	DeeggarsaMormii fi Walgahii Muummee Ministiraa  Piraayim Loog  Prime URL via	negative
or_test_00955	WBO  NamummaaFakkeenyummaa waa hedduu irraa baratama waraana bilisummaa oromoo irraa OromoLivesMatter OromoLiberationArmy OromoVoice URL	positive
or_test_00956	Akmii nagaya keti jirta jabadhuu jabduu oromoo mataa olii nuqabsiftee hojin kee garidhaa jabadhuu itii fufii	positive
or_test_00957	Jabaadhu nuti siwajjiin jirra duubatti hn deebiin ALAGAAN ALAGUMA QOMOO KEE SIIF WAYYA	negative
or_test_00958	Gadaa Dictionary  Ilman abba gadaafbuufachuuf  URL dictionary features Jechoota 220000 ol qaba Gaaffii fi Deebii quizzes Data malee kan hojjetu Itti fayyadamaaf salphaa kan taeedha beatiful themes fi kkfDreamtechplc URL	neutral
or_test_00959	Kun tapha  ijoolleetti Sababni isaa ummanni keenya rafee waan jiruuf Wallaggaan yoo dhiigu Godinaaleen biroo immoo Ciisee kuruufa Waliif dammaqi qaba Isin immoo warri  nama isin dhagahu qabu iyyaa iyya  dabarsaa	negative
or_test_00960	Oromoon Finfinneetti karaa cufuu qaba Qabsoon kun lubbuun kan falmatamu waan taeef WBO wajjin kan hojjetamuu qabudha Qabsoon Harka QULLAA hafeera WOB OromoProtests OromoLivesMatter	negative
or_test_00961	Godina Iluu Abbaa Booraatti biqiltuu gosa bunaa dafee gahu miiliyoonni 100 ol qophaaaa jiraachuu ibsameURL URL	neutral
or_test_00962	Dhumatiin ummataa oromoo tirratii taa jirru yeroo gababaa keesaa dhabaachu qaba kana tau banani wbo tarkanfii mataa  isa fudhachuu qabaa	negative
or_test_00963	Oromiyaatti galteewwan nyaata barattootaaf barbaachisan manneen barnootaa 900 ol keessatti dhiyaachaa jiraURL URL	positive
or_test_00964	Mttumman biiyolessa                          constitution serii isa  hojetansa hundii bermuda saba tokkoamantii tokko fi afaan tokko galmessuratii xiiyefaterakanaf qabsoon oromo bermudaa kan jigsuratii xiiyefachu qaba Odoo kun hintanetti bermudichii beka	negative
or_test_00965	Sirni Oromoo fi Oromiyaa cabsuuf karoorfate ol adeemaa fi abdii borii hunda kichuutti harcaasuu jabeessee itti fufee jiraGodina Wallagga Bahaa Ona Giddaa Magaalaa Giddaa Ayyaanaa keessatti Dargaggoo Magarsaa Tasfaayee Lammii jedhamu Waraanni Faashistiin Abiyyi ittiin Oromoo  URL	negative
or_test_00966	Raawwii marii Araaraa kanaan dura taasifame rakkoo keessa Yeroo jirutti marii Araaraa Afriikaa Kibbaa irra Kan turan bakka buoonni Mootummaa Itiyophiyaa fi Naannoo Tigray guyyaa haraa Nairobii Keenyatti walgahii eegaluun  dhagaame	neutral
or_test_00967	Dhaggeeffadhaa Erga guddaa qabaWBO kooOromoLiberationArmy OromoLivesMatter URL	neutral
or_test_00968	Oromummaan kee yoomiifire sabaan kee oso boyu dache isaa irraa baqata ajefama oso jiru Oromoon 75 qabso mirga abbaa biyuuma godhamu  qarqara hin jirukanafi gantuf galtuun sabaa Oromooti taphate bara baraanHoogatoon Oromoo immoo agoof wallii nyaatu kan isaan nyaatu kan birati	negative
or_test_00969	By the way barreeffamoonni ykn Kitaabonni Orthodox biyyattii itti fayyadamtu sabaaf sab Lammii kan xiqqeessu abaaru areabsu fi kkf keessa jira  Kitaabota sobaa kanarrattis tarkaanfiin seeraa fudhatamuu qaba	negative
or_test_00970	Gurri keenya tokkummaa male diigumsa hin dhagahu Haa tau malee odeessitoota mandara keessaan lubbuun namoota qulqulluu darbaa jiraKanaaf mootummaan tarkaanfii cimaa fudhachuu qaba ummannis nageenya isaaf jecha tarkaanfii mootummaa deeggaruun nageenya mirkaneessuu qaba URL	negative
or_test_00971	Harargee Bahaa Aanaa Mayyuu Mulluqqee fi Hojii Misooma Qamadii Jallisii BoneeAanaa Mayyuu Mulluqqeetti Qamadiin Jallisii Bonee Kilaastaraan Misoomaa jiru daawwatamaa ooleera Hoggansi Naannoo fi Godinaa Daawwannaa kana irratti argamaniiru URL	neutral
or_test_00972	MatakkalMatakkal keessatti humnoonni fnxaaleyyii uummata keenyatti bobbauudhan qabeenya saamaa fi manneen uummataa gubaa jirti	negative
or_test_00973	Gurri keenya tokkummaa male diigumsa hin dhagahuHaa tau malee  odeessitoota mandara keessaan lubbuun namoota qulqulluu  darbaa jira URL	negative
or_test_00974	Oromoon Finfinneetti karaa cufuu qaba Qabsoon kun lubbuun kan falmatamu waan taeef WBO wajjin kan hojjetamuu qabudha Qabsoon Harka QULLAA hafeera WOB OromoProtests OromoLivesMatter URL	negative
or_test_00975	Dhuguma dhuguman isinitti hima dubbii koo dhagaee isa ana ergetti kan amanu jireenya bara baraa qaba inni dua keessaa gara jireenyaatti darbe malee gara firdii hin dhaqu Yoh 524Iyyesuus Nageenyi irra haa jiraatuu Ergamaa Rabbii tahuu ifatti nutti himaa jira	neutral
or_test_00976	Fincilliif mormiin QBO itti jiruu falmii WBOf kan hidhannoo gahaa qabuun utubamuu qaba Karri ykn balballi Finfinnee martii xirqim jedhe cufaatti akka turu hunduu haa jabaatu WOB OromoProtests SaveOromoLives	negative
or_test_00977	WBOn Qeerrof Qarreen akkasumas ummanni Oromoo keessaaf alaa martii wal aggeeffatee wal cinaa abbatee lolatee OROMOO BARAARUU qaba Waan fokkisaatu deemaa jira WOB OromoProtests SaveOromoLives	negative
or_test_00978	Oromoon Finfinneetti karaa cufuu qaba Qabsoon kun lubbuun kan falmatamu waan taeef WBO wajjin kan hojjetamuu qabudha Qabsoon Harka QULLAA hafeera WOB OromoProtests SaveOromoLives	neutral
or_test_00979	Biyyiis Abbaa qabdi alaabaniis Isa dhugaa Sana tauu qabdi Dhugaaniis bakkatti galuu qabdi Abbaan dhugaas dhugaasaa argachuu qaba Muramteetti	positive
or_test_00980	Finfiine kessatii mirgii Oromo enyuuma ol gudachuu qabaaadaanafaan isaa dagaguu qabaaangoo iraa fudhatamee debisamifii qabaaoddo kun hintanettii bilisumman Oromo gafii jala gala	negative
or_test_00981	kebejemoo AmbasaderMuudamtoonni mootummaa haaromsa kana morman jiru	neutral
or_test_00982	Muddee 222022 Waraanni murna bilxiginnaa magaalaa Gimbii keessatti sakattaiinsa mana uummataa eegaluuf qophii kan xumuran yoo tau waraanni bilxiginnaa konkolaataa 14 ammoo gara Jaarsoo fi Baabboo Gambeel deemna jechuun Gimbii qaxxaamuranii jiraachuu maddeen nuuf himan	neutral
or_test_00983	ONMABO  Muddee 222022 Waraanni murna bilxiginnaa magaalaa Gimbii keessatti sakattaiinsa mana uummataa eegaluuf qophii kan xumuran yoo tau waraanni bilxiginnaa konkolaataa 14 ammoo gara Jaarsoo fi Baabboo Gambeel deemna jechuun Gimbii qaxxaamuranii jiraachuu maddeen nuuf himan	negative
or_test_00984	Inbox    DebreMarkosUniversityGuyyaa 12042015 Halkan keessaa naannoo saaatii sagalii Finxaaleyyiin faannoo ofiin jettan dormii barattoota tti ol seenuun ijoollee 3 cuubeen waranuun barataan tokko yemmuu duu lamma duaafi jireenya gidduu jiru Amma hospital jiru	negative
or_test_00985	Dhugaa waanti biyya keenya keessatti tau kun baayee humnaa ol nama gaddisiisa Bara barri darbe nama taajjabaa tauun isaanii hin oolu	neutral
or_test_00986	sadarkaa aspaaltii olaanan hojjatamu Bakka Kabajamoo pirezdaantii mootummaa naannoo oromiyaa fi ministir ministeera magaalaafi buuraalee misoomaa kabajamoo aaddee Caaltuu Saanii argamanitti eegalee jira URL	neutral
or_test_00987	Mee namni Wbon humna Oromooti jabaachu qaba jettan karaalee kamafaa jabaffachu qabna Akka nama tokkettuyyu mee karaa kama  deggersa godhaafi jirtu yoo dandeessan barressa namni warana kanaaf tumsa godhu yemmu jibbamu maal hubattu	positive
or_test_00988	Maamiltoonni quufa qaban beeksisa afaaniin kan bua qabeessa tae waan jedhuuf gabaa dhaabbatichaa isa gaarii dha	negative
or_test_00989	Ertiriyaa keessatti Waraana Faannoo 40000 ol tau Isaayas leenjiseefi EebisiiseeraOromoodhumaf leenjia jiru quba qabadhu	neutral
or_test_00990	Bakka bashannanaa miti Phaaximoon iddoon Yohaannis jiraate Qormaata akka ibiddaa gubu keessa taaee michuusaa obsaan eeggate	negative
or_test_00991	WBOn Qeerrof Qarreen akkasumas ummanni Oromoo keessaaf alaa martii wal aggeeffatee wal cinaa abbatee lolatee OROMOO BARAARUU qaba Waan fokkisaatu deemaa jira WOB OromoProtests  SaveOromoLives	negative
or_test_00992	Oromoon haala hamaa fi suukanneesaa amma keessa jiru keessaa bahuuf haga funyaanitti hidhatee xoophiyaaAfrikaa fi addunyaa harka micciree hiree isaa mirkaneeffachuu qaba Daandii biraan hin jiru teenyee of goyyoomsuu hin qabnu hojenneehidhanne keessa bahuu qabnaWOBSO URL	positive
or_test_00993	Odaa guddaatu nurraa jige Abbaa Gadaa Agaa Xanxanoo nama araara saba kanaaf falmutu Bara gadaa keetii faanni qabbana sabni kun wal dhagaha ati dhugumatti nama nagaaf labsuudhaNagaan boqadhu hayyuu koo URL	positive
or_test_00994	Rakkoon kun furmatta argaachuu qaba Diini isaan giddu galuun kun yerro kanatti garri hin tahuu	neutral
or_test_00995	Ayiigorsachumoon qaba jette Afaan Oromo dhaan	positive
or_test_00996	Milkaainni waa 3 of keessaa qaba 1 Bakka jirtu beekuudha2 Bakka deemuu barbaaddu murteessuudha3 Bakka jirtu irraa gara bakka deemu barbaaddutti imala eegaluudha	neutral
or_test_00997	Habashummaan iccitii dhokataa qaba jechuun maal jechuudha	negative
or_test_00998	Osoo Silaa Ilkaanifi fi Hidhiin waliif galanii balbala afaanii sirritti cufanii arrabni kun gad bahee akkuma fedhetti dubbii laaqee hin balleessu tureGaruu jarri akka argaa jirru kanarra jiraa Arrabni badii maal qaba	neutral
or_test_00999	Hooggantoonni olaanoo mootummaa Itiyoophiyaa fi bakka buutonni Adda Bilisummaa Ummata Tigraay waliigaltee nagahaa Sadaasa darbe Afrikaa Kibbaatti mallattaaerratti mariachuuf Roobii kaleessaa Keeniyaatti walgahun ibsame URL	neutral
or_test_01000	Ani Ijjoollee baayyeen qaba Ijjoolleen kiyyaa immoo Oromo hunda Abbaa Gada Agaa Xeenxanoo Nagaan boqaadhu URL	positive
or_test_01001	Oduu GaddaaAbbaan Gadaa duraanii Aagaa Xaanxanoo duaan addunyaa kanarraa boqotanAbbaan Gadaa Aagaan sirni gadaa hambaa kiliyyaa UNSECO tti akka galmaauuf hayyuu gahee olaanaa taphataniidhaBoolla isaanii daadhiin jala haa yaatu URL	positive
or_test_01002	Bilchinaan jajjabaadhaa Eeruu qulqulluu hordoftanii WBOdhaa kennuu hin dagatinaaMagarsaa	negative
or_test_01003	Waan Feete dubbaadhu garuu waraana dadhaabiina qaba jette hin oddeessini	neutral
or_test_01004	RakkooBiyya tana rakkoo hamtuutu qabee harkaa qaba Warra rakkoo isiif furmaata harkaa qabus rakkoo biraatu harkaa qaba Akka rakkoo keessatti hin dhiifne ammoo rakkoo tanarra caaltutu as deemaa jira Dhiisuttis Rakkoodha Furuufis RakkoodhaRakkoo rakkoo dhalteetu nutis	neutral
or_test_01005	Waraanni murna bilxiginnaa magaalaa Gimbii keessatti sakattaiinsa mana uummataa eegaluuf qophii kan xumuran  Qeerroo Bilisummaa Oromoo URL	neutral
or_test_01006	Professor Mohammad Hassanii fi Professor Asaffaa Jaallataa Keessummoota Qophii Qoroqortii Siyaasaa ONM  Qeerroo Bilisummaa Oromoo URL	neutral
or_test_01007	Qophii Arraata Biyyoolessa Oromiyaa ONMABO Muddee 21 2022  Qeerroo Bilisummaa Oromoo URL	neutral
or_test_01008	Yeroon guutamee Mootummaan Abbaas dhihaateera Kanaaf gaabbii galchaa sagalee waaqayyootti amani sababni isaas Mootummaan abbaa mootummaa waaqayyoo jala jiraachuuf isinitti dhihoo waan taeef	negative
or_test_01009	DOM Qophii Addaa WBOShenee balesufii wantii demaa jiiruu umanii Oromoo qopauu qabaa Oromoonii manaa taee duuu hinqabuuURL via	positive
or_test_01010	Milkaainni waa 3 of keessaa qaba1 Bakka jirtu beekuudha2 Bakka deemuufi deemu barbaaddu murteessuudha3 Bakka jirtu irraa gara bakka deemu barbaaddutti imala eegaluudha URL	neutral
or_test_01011	warri Waaqayyoon abdiidhaan eeggatan garuu humni isaanii in haareffama akka joobiraas baalleedhaan ol in kau in fiigu garuu hin dadhaban in adeemu garuu hin mudhukan Isaa 4031	neutral
or_test_01012	Waraanni bilisummaa oromoo akkuma maqaa isaa Waraana oromoo bilisa baasuuf ijaarameedhaKanaafuu Oromoon addunyaa mara keessa jira kana hubatee rakkoo fi gidiraa oromoo iratti deemaa jiru kana ittisuuf humna qabu maraan WBO bira dhaabbachu qabaWOBSOoromolivesmatter URL	positive
or_test_01013	Heddumminni keenya miidhagina malee madda rakkoo keenyaa taee hin beeku URL	positive
or_test_01014	Nageenyi qabeenya keenya isa guddaadha waliin hojjennee nagaa keenya waliin haa eegnu     Nagaan Biyyaaf haa tau  NagaaHundaaf  URL	positive
or_test_01015	Oduu GaddaaQaroo sabaa  Abbaa Gadaa gujii duraanii Aagaaxeenxanoo  Duaan Adunyaa tana irraa boqootan  Biyyeen itti  haa salphattuMaatii firootaafi saba oromoo balaaf jajjabina hawwaRIP	positive
or_test_01016	Atti afanuman qaba jete dubata Atti mana banachuun akka olantuma takkattii if lalta	negative
or_test_01017	Dhaggeeffadhaa amaarri alaa keessaa haga mootummaa keesa jiru amaara tahanii nurratti walii galanii nuballeesuuf URL	positive
or_test_01018	PUTIN Obbo Puutiin  Ati nama qaroodha Addunyaa Guutuun miirrii safuu keessan akka moatu abdii qaba  PLEASE STOP	neutral
or_test_01019	Oromoon hundi waraana bilisummaa Oromoo bira dhaabbatuu qaba dirqama oromummaa isaa bahatuu qaba URL	neutral
or_test_01020	Hooggantoonni olaanoo mootummaa Itiyoophiyaa fi bakka buutonni Adda Bilisummaa Ummata Tigraay waliigaltee nagahaa Sadaasa darbe Afrikaa Kibbaatti mallattaaerratti mariachuuf Roobii kaleessaa Keeniyaatti walgahun ibsame URL	positive
or_test_01021	Baayyee rajjiidha jajjabeefamu qaba	negative
or_test_01022	Humnoonni nageenyaa mootummaa qeee koo saamuun ilma koo hidhan Abbaa Gadaa Goobanaa  URL Sababiin tarkaanfii kanaa shakkii ilmi Abbaa Gadaa Waraana Bilisummaa Oromoo godina Shawaa Bahaa keessa sochou hogganaa jira jedhuun tauu Abbaan Gadaa ibsaniiru	negative
or_test_01023	Humnoonni mootummaa halkan mana jireenyaa Abbaa Gadaa Goobanaa Hoolaa godina Shawaa Bahaa magaala Maqiitti  argamu cabsanii seenuun erga saamanii booda fi ilmasaanii tokko tooannoo jala oolchuu Abbaa Gadaa Goobanaa Hoolaa Addis Standarditti himaniiru URL	negative
or_test_01024	Dhugaan jirtu tanuma Ammaan booda dhiigni ilmaan Oromoo kan dhangalae Impaayera Nafxanyaa kan tortore ijaaruu osoo hin tain mancaasuudhaaf Oromoon humna qawweetiin cabe humna qawwee qofaan bilisooma Oromiyaan addatti bilisoomtee mootummaa ofiitiin buluu qabdi URL	negative
or_test_01025	Qoricha sirna naafxenyaa ABOWBOOROMIYAAN BIYYA URL	neutral
or_test_01026	Xiqoo busy jira Mani koo tweet haara qaba seenati retweet godha me	positive
or_test_01027	Ministeerri Muummee Dr Abiyyi Ahimad Warshaa Daakuufi Daabboo Walaayittaa Sooddoo eebbisanURL URL	negative
or_test_01028	Silaa Ilkaanifi fi Hidhiin waliif galanii balbala afaanii sirritti cufanii arrabni kun gad bahee akkuma fedhetti dubbii laaqee hin balleessu tureGaruu jarri akka argaa jirru kanarra jiraa Arrabni badii maal qabaReposted	negative
or_test_01029	Yaa Firaa koo yaa Firaa kooJabaadhu kaa Figii kaaYaa Firaa koo yaa Firaa kooDiigii kaa Diigii KaaDiigii hadharaaw sanaDiigii borcii kanaYaa Firaa koo yaa Firaa kooFiigii kaa hanga dhumaatiiInjifannoo kan keetii Firaaol keenyaa URL	negative
or_test_01030	Humnooti Mootummaa Qabeenya Abbaa Gadaa Obbo Goobanaa Hoolaa cabsuun saamani  Qeerroo Bilisummaa Oromoo URL	negative
or_test_01031	Mogoleen Abiy bueera Kaleessa qofa 111 ol deemanii jiru 25 boorsaa galanii jiru OromoLiberationArmy Oromiyaa OLA URL	negative
or_test_01032	Akkuma mana fincaanii nama meeqatu sitii fincaaa Baayee waan xirooftuuf namnii Kam iyu sin hin xuqu Sagaagalttu Samuun kee akkuma dhagaa beekumsa galchuu hin dandau Kanaaf namni hundinu naannoo Oromiyaa kessa guddachu qaba jette yaada afaan beekuuf Atii baasura	negative
or_test_01033	Dhaamsa hatsttamaa Jaal Booruu Fi gareesaaf Tarii illikii keessa galtanii osoo hin beekiin kiyyoo seesee Fi mootummaa keessa akka Diinaraasii Fi Gulicha dheengee waan hundi nuuf mijata jettanii Uummata Oromoo ganuuf kophooftan irraa deebiaa Duuba ni gaabbitu	negative
or_test_01034	qabsaaaa jiru kan hin beekne gareen kun hattuun waliin saamtee yemmuu hirattu wal lolti akkuma jedhamu garichi faayidaa irratti wal lolaa akka jiru himameera Tarkaanfii mootummaa dandamachuu kan dadhabe garichi lammiilee nagaa ajjeesaa kan oolu yemmuu tau	negative
or_test_01035	Fincilliif mormiin QBO itti jiruu falmii WBOf kan hidhannoo gahaa qabuun utubamuu qaba Karri ykn balballi Finfinnee martii xirqim jedhe cufaatti akka turu hunduu haa jabaatu WOB OromoProtests SaveOromoLives	negative
or_test_01036	Humnoonni nageenyaa mootummaa qeee koo saamuun ilma koo hidhan Abbaa Gadaa GoobanaaHoolaaURL	positive
or_test_01037	Kaayyoon Mootummaa Cehumsaa Biyyoolessa Naannoo Oromiyaa MCBNO hawwii fi dheebuu Oromoofi Oromiyaa bara dheeeraa kan tahe sirna bulchiinsa mootummaa uummataan karaa haqaqabeessaan filatame gaddhaabuu dha	positive
or_test_01038	Waaq Lafa Mirgaaf Milkii Nu Oolchitee nu bulchi Gadaa Barri Guyyaan Guutu Nuf Yaa Tahu Gadaan Gadaa Bilisummaati	positive
or_test_01039	Barri kun bara raajii arguf jirudha ajab	neutral
or_test_01040	Dhaamsa Ministira Muummee Dr Abiyyi AhimadErgaawwan Ijoo Ministira Muummee Itiyoophiyaa Dr Abiyyi Ahimad URL	neutral
or_test_01041	Mootummaa Cehumsaa Biyyoolessaa Oromiyaa keessatti hundeessuun maaliif murteessaa taeTransitionalGovernmentinOromiaLinkii kana tuqaa waliinURL	neutral
or_test_01042	WARRII dhugaan Oromoof ifajjaan hojjettan galatoomaKan utu dubbi hin qalbeefatiin ofifis aartan walitti duulu fi waliifis duultan ammo maalo obsaWarri ofittummaan dhagahamuun qaba jechuun hoji qabso tumsu diiguuf sassatanis hin wayyu dhiisaWalDhabnaanBiyyasHinDeeffannu	neutral
or_test_01043	Ethiopia qophii addaa  weerara lafa magaalaa adaamaa dec 23 2022 URL	neutral
or_test_01044	ilma isaanii tokko tooannoo jala oolchuu Abbaa Gadaa Goobanaa Hoolaa Addis Standarditti himaniiru Miseensonni humnoota nageenyaa mootummaa halkan saaa 500 hamma ganama saaatii 1200tti qeeesaanii sakattaaa turuun qarshii 200000 fi meeshaalee miidhaginaa 23	negative
or_test_01045	Humnooti Mootummaa Qabeenya Abbaa Gadaa Obbo Goobanaa Hoolaa Cabsuun SaamaniSQ Mudde 23 2022Humnoonni nageenyaa mootummaa halkan mana jireenyaa Abbaa Gadaa Goobanaa Hoolaa Godina Shawaa Bahaa magaalaa Maqiitti  argamu cabsanii seenuun erga saamanii booda13 URL	neutral
or_test_01046	kamtuu carraa argate miidhe gadi wal qaaba enyutuu miidhamaa gargaare ol qaaba Ustaz Raaya Abbaa maccaaOB URL	negative
or_test_01047	Humnooti Mootummaa Qabeenya Abbaa Gadaa Obbo Goobanaa Hoolaa Cabsuun SaamaniSQ Mudde 23 2022Humnoonni nageenyaa mootummaa halkan mana jireenyaa Abbaa Gadaa Goobanaa Hoolaa Godina Shawaa Bahaa magaalaa Maqiitti  argamu cabsanii seenuun erga saamanii booda13	neutral
or_test_01048	Taata duwwaan 20 ol taatu Naqamtee keessa gara lixaatti daddarbaa jirti hamma	neutral
or_test_01049	Qophii Arraata Biyyoolessa Oromiyaa Muddee 23 2022  Qeerroo Bilisummaa Oromoo URL	negative
or_test_01050	NamA samuu dhiiisaa qabenya namnii lafa e hurkee post hiin godhiina giibiiraa jetenii nama samuu dhiisaa buu aa biiyaa busa hiin jiirtan kesafuu nanoo oromiya gax qaba jiirtan sabasablamii hundara	positive
or_test_01051	Maal godhuree bara mootii furguggee waanti tau raajumaam	neutral
or_test_01052	Aanaa Dadaritti  koree Teeknikaa Biiroo Qonnaa Oromiyaa fi Daawwannaa  hojii innisheetivii misooma jallisii Qamadii bonee zoonii soqaa URL	positive
or_test_01053	Oromoo Rabbumaatu faana tolche Bara keenyaa Ethiopia quufa URL	negative
or_test_01054	Gantuuf galtun Oromoo tufachun nama guba Kan sabaaf qabsayu cala kan garaafi qabsayuutu Cala sabaa Oromoo keessatiBillisumaa qabsota tanan diini manu kee keessa jira fago jira jette hin dhabaiin ofii hin sobiin dhallootaf ifaa taii jabadhu gafiin sabaa Oromoo deebiuu qaba URL	neutral
or_test_01055	Mootummaa Itiyoophiyaa fi Addi Bilisummaa Uummata TigraayBUT erga walii galteen diinummaa dhaabuu mallatteessee as tarkaanfiiwwan amantaa uumuu gaarii fudhataniif Komishiniin Gamtaa Afrikaa galateeffatee jiraURL	neutral
or_test_01056	Qabsaaaa keenya Gumaa saaqqataaf Uummatni sagalee tauufii qaba haga yoonatti bakki buusan hin baramne URL	neutral
or_test_01057	Waraanni Mootummaa Mana Abba Gadaa Goobanaa Hoolaa eeyyama mana murtii Malee sakattauufi ilma isaanis hidhuun dhagaame URL URL	neutral
or_test_01058	kaleessa nanawa Humni Mootummaa mana Abbaa Gadaa Goobana Hola werarun  ilma isaa toana jala oolche Hidhamuu malee humnoni mootumaa ijaarsa200K ETB gatii qabu samDorsisan kun kan dhufu erga Abbaan Gadaa Gobana Hola karaa nagaa waranni Oromiyaa akka furamu yaada dhiyeessee booda URL	neutral
or_test_01059	Oduu Humnoonni nageenyaa mootummaa qeee koo saamuun ilma koo hidhan  Abbaa Gadaa Goobanaa Hoolaa URL	negative
or_test_01060	Namicha kana itti fayadamaani kaani nyaatan Dhiinni Abbootii Gadaa Karraayyuudhugaa isaani ta dabide haga bakkatti deebituti wolnyaachuun isii hin haftuJaarsummaa jedhaan WBO cabsuufi maqaa Abbootii Gadaatiin Morma kee haa morani gali jechuun kana qaba OB	neutral
or_test_01061	MalkaaBalloo GaddaDhukaasa guyyaa Arraa waraanni mootummaa Hbahaa Aanaa Malkaa Ballotti Qotee bulaa irratti bananiin Namni HusseenSaanii jaamu ajjeefamu fi namoonni 16 kan biraa madaaanii jiruNamoota madaan keessa Namni 6 duaafi Jiruu jidduu jiru URL	neutral
or_test_01062	Qophii  Arraata  Biyyoolessa  Oromiyaa  Muddee 23 2022 URL via	neutral
or_test_01063	Yesus cimsee namni tokko bishaanii fi hafuura irraa dhalatee yoo jijjiirame malee Mootummaa Abbaa seenuu akka hin dandeenye sitti hima	negative
or_test_01064	jiruu tee woraanaa keessa jinbaatu Mootummaa taatee nagaanis hinjiraattu dhugaa keeti	negative
or_test_01065	Araqee dhugaa bulaa magaaloni gurguddaan Oromiyaan qabdu saaa 12  cuufamni ghost city fakaatu Bakkaa hundaatti caasaan keessan nageenyaa keellaa mataa ofii bakkaa hundatti km 25 hin guutneen dhaabate mirga deddemani waan dadalgachuu uummataa sarbee qarshii konkolachistoota	neutral
or_test_01066	Deem asii biyya bulchuu akka hin dandenye argaa jira dalagaa keessaniin bakka nagahatti arsaa mirga ummataa aarsaa godhuun nagaa kabachiisna jedhaa yeroo barbaadaan motora fi baajaji saaa 12 manatti ol dachaftani caasaan nageenyaa keessan patroli balbala mana dhugaati dhaabe	positive
or_test_01067	Carraa naaf kenna hoji harka qaba	positive
or_test_01068	Haadha waaqaayoo Kakuu DhiifamaaWaadaa siif galeen araari argamaNuuf kadhu ati gara ilmakeetiGiiftii QulqulleettiiAti kan filamte waaqa biraatiUlfina argatte ol samii irraatiiKabajaan jirta mirga ilmakeeAti yaadadhu nu ijoollee keeMaariyaam kan deesse moottii mootota	neutral
or_test_01069	DUBARTIIN Oromoo Haadha Hiyyessa Tahu Hin QabduIlmaan Oromoo Ijollee Abbaa Hin Qabne Iyyeeyyi Tahun Haa DhabbatuCubbuunBiyyaKeenyaDhunfataniNunDararinaaHumnaImpayeeraSanaDiigusIttiqabnaaJechaadhaKanJirru Garuu Humni Oromoo qindoomina gaari qabaachu qabaOromoVoice	negative
or_test_01070	Lola kanaan nama 20 ol yoo boojiu Qawwee 60 oliif meeshaalee garaagaraa heddu dugda diinaa irraa hiikun qabsoof galii hodhee jira haras lolichi itti fufee jiraInjjifannoon kan Uummata Oromootti	negative
or_test_01071	Oduu tarkaanfii WBO zoonii GG 24112022Irreef gaachanni Ummata Oromoo tarkaanfii guyyoota lamaan darbaniif walitti fufiinsan Ona Adaaa bargaa Olonkomitti fudhachaa jiruun humna diinaa nama 140 ol yoo ajjeesu hedduu madoon Adabee jira	neutral
or_test_01072	Biyyaa keennaafii gumachii hadha teennaa kabajamoo adde zinshii hojjate seennaa keessatti eddoo olii aanaa qaba	neutral
or_test_01073	Ammatti hojii jiru Falma mirga dhala namati hojiin kees as keessa jira	positive
or_test_01074	Anolef Calanqo ol basi jiiin	negative
or_test_01075	Ani hojata misooma suuraa isa 3 irrattiin hojedhalaga dhungataabjuun keenya ni dhugoomaWal dhabdee keessoo keenyaa Kan furuu dandeenyu dinagdeen yoo Wal utubne qofamiskinumaatu wal nu lolchisagafa ati wa qabdu hundu fira ketikanaafu qabeenya dachee Oromiyaa irraa horadha	positive
or_test_01076	Dhugaan ummata oromoon lubbuu itti dhabee fi dhiigni itti dhangalaee qabeenya itti saamame deebisuuf furmaani falmachuu qofa kanaafuu hirribaa kai	neutral
or_test_01077	Rabbiin biyya teenya nagaya haa godhu	positive
or_test_01078	5 min qofa hojii harkarra qaba dhifama	neutral
or_test_01079	Yuunvarsiitiin Jimmaa Akkaadaamii Muuziqaa Maqaa Aartiistii keenya guddaa Dr Kabajaa ArtiistiAliiBirraatiin hundeessee guyyaa haraa eeybisiisee jira Kuni waan baayee nama gammachiisuu fi onnachiisuudhaItti fufuu qabaYuunivarsitiin Jimmaa galatoomaa isiniin jenna  URL	neutral
or_test_01080	Amajjii 1 Ajajoota Olaanoo ABOWBO Weellistoota buleeyyii fi Ayyoota O URL via	neutral
or_test_01081	Amajjii 1 2022  Guyyaa WBO Ajajoota Olaanoo ABOWBO Weellistoota Qabsoo Bilisummaa Oromoo buleeyyii gorsaa Ajajaa Olaanaa ABOWBO fi Hayyoota Oromoo Waliin ONMABO irratti  hayyaaneffannaOromoVoice OromoLivesMatter OromoLiberationArmy URL	neutral
or_test_01082	Qophii  Arraata  Biyyoolessa  Oromiyaa Muddee 24 2022 URL via	neutral
or_test_01083	Xiqqoo qaroo taanaan gara fuulduraatti miliyeenara tauun kee hin oolu RichQUACK QUACK bitadhaa qabadhaa URL	negative
or_test_01084	Qophii  Arraata  Biyyoolessa  Oromiyaa Muddee 24 2022 URL via	negative
or_test_01085	Fincilliif mormiin QBO itti jiruu falmii WBOf kan hidhannoo gahaa qabuun utubamuu qaba Karri ykn balballi Finfinnee martii xirqim jedhe cufaatti akka turu hunduu haa jabaatu WOB OromoProtests SaveOromoLives	negative
or_test_01086	WBOn Qeerrof Qarreen akkasumas ummanni Oromoo keessaaf alaa martii wal aggeeffatee wal cinaa abbatee lolatee OROMOO BARAARUU qaba Waan fokkisaatu deemaa jira WOB OromoProtests SaveOromoLives	neutral
or_test_01087	Oromoon Finfinneetti karaa cufuu qaba Qabsoon kun lubbuun kan falmatamu waan taeef WBO wajjin kan hojjetamuu qabudha Qabsoon Harka QULLAA hafeera WOB OromoProtests SaveOromoLives	negative
or_test_01088	Mootummaa Abbaa arguu fi seenuuf hafuura hin balleessineen gubbaadhaa haaromfamuu qabdaDura garuu qajeelummaa Waaqayyoo barbaadi qalbii geddaradhu Dubbii Yesuus dhiifama cubbuutiif Abbaa biraa ergame baradhuu hordofi	neutral
or_test_01089	Barattoonni Ambo University kanneen manuma hidhaa keessatti hambifaman Oromoon haa beekuu hireen isaanii ulfaataadha1Bilisuma Kebada2Daandii Abraham3Naaol Yoonaatan4Anbaqoom5 Abbayyaa DeesaaKanneen Rift valley keessaa hidhaman guutummaa guutuutti hin gadhiifamne URL	neutral
or_test_01090	Saayintistoonni bookeen maleetti maxxanne dhukkuba busaa uumaniru Qorannoon kun qoricha busaa qorachuuf yookin talaallii busaa hojjechuuf ni fayyada Kara biraatin immo weerara haaraa mana yaalaa irraa madde uumuuf ni fayyada  yaada kessanURL	neutral
or_test_01091	Bulchiinsi Aanaa Mitoo walitti dhufeenya ummata godinichaa fi ummata ollaa cimsuun guddina aanichaa saffisiisuuf kan hojjatu tahuu beeksise Mito Muddee 142015 Kominikeeshinii Mootummaa Aanaa Mitoo Jilli bulchaa olaanaa Aanaa Mitoo Obbo Sabahadin Loobaan	positive
or_test_01092	Waaqayyo waaqa irraa isaanitti in qaqawweessaa warri isaan morkatanis in hurreeffamu inni daariidhaa hamma daariitti biyya lafaatti in farada isa ofii dibee moosiseef garuu humna in kenna ulfina Masiihii isaatiis ol in kaasa jette   1Sam 210	neutral
or_test_01093	Mootii karoorsee Hojjetee hojjeechiisu akkanaa qabaachuun carroomuudha Jibbuuf mitii jaallannee deeggarree jiraachuuf yeroo nu hanqata	neutral
or_test_01094	Amajjii 1 2022  Guyyaa WBO Ajajoota Olaanoo ABOWBO Weellistoota Qabsoo Bilisummaa Oromoo buleeyyii gorsaa Ajajaa Olaanaa ABOWBO fi Hayyoota Oromoo Waliin ONMABO irratti  hayyaaneffanna URL	neutral
or_test_01095	Mootii dha mootiin immoo kanfedhe godhaUssssssssssss	negative
or_test_01096	Amajjii 1 Ajajoota Olaanoo ABOWBO Weellistoota buleeyyii fi Ayyoota Oromoo wliin ONM  ABO Irrattti  Qeerroo Bilisummaa Oromoo URL	neutral
or_test_01097	It is only a matter of time but these menelik btigade Amharafano members will be brought to justice for the horrible crime they committed on our people of wallo oromoAjjeechaa sana keessaa humni mootummaa federaalatis harka qabaisatu dabarsee fannoof kenne URL	neutral
or_test_01098	Qophii Arraata Biyyoolessa Oromiyaa Muddee 23 2022  Qeerroo Bilisummaa Oromoo URL	neutral
or_test_01099	Ministirri Muummee Dr Abiyyi Ahimad warshaa huccuu Magaalaa Kombolchaa daawwatanMinistirri Muummee Itiyoophiyaa Dr Abiyyi Ahimad magaalaa Kombolchaatti kubbaaniyoota teknooloojiiwwan haaraa fayyadamuudhaan huccuu oomishuu irratti bobbaanii jiran keessaa tokko daawwataniiru URL	positive
or_test_01100	Duniyaa keesa qananiin tan jannataa fakkaattu takkalleen hin jirtu qananii iimaanaa yo taate male Ibnu  Teeymiyyaa	neutral
or_test_01101	Akkana tauu qaba Fayyaa tai leenca Oromoo Hayyuu quuqama saba ofiitii qabu irraa kanatu eeggama URL	negative
or_test_01102	Akumaa beekamuu misoomaa qamaadii jalliisii jalqaabamee ittii fufsiisuuf kuttaannoon hojjaacha jiru oggeessa fi gaggeessiitoota qoonnaa fi qabeenya umaama godiinaa harargee lixaa  birattiis	negative
or_test_01103	Yonis Daraje JedhamaDhalata Walaga Baha aana LimmutiNamni Kun Ammaa Basaasa Pp tahun qeerrowan oromo adeemse hisisaajjeesisa jirayeroo ammaa Finfine Shogole JirataNama kana Pp tu gara finfinneti ol fudhatemana apparatama kaaree M 15000 kireessun toora shogolee jiraacha jira URL	negative
or_test_01104	Tatteewwaan tahama jiruu himu mitti hali ummani oromoo keessa jiru Biyyaa isarraati nagayaan jirachuu dadhabee Biyyaa isa walabomsee nagaya wara arkaachuuf waregaa jiraOromiyaan Biyyaa OromoVoice AbiyAhmedIsATyrantAbiyMustGoSaveOromoLives	negative
or_test_01105	Fincilliif mormiin QBO itti jiruu falmii WBOf kan hidhannoo gahaa qabuun utubamuu qaba Karri ykn balballi Finfinnee martii xirqim jedhe cufaatti akka turu hunduu haa jabaatu WOB OromoProtests SaveOromoLives	neutral
or_test_01106	Faannoon qaama biroo Oromiyaa lolu osoo hin taane qaama mootummaa nu loludhaLola WBO waliin taasisu keessatti milkii waan dhabeef mootummaan Faannoo fayyaadame deeggartoota WBO irratti waraana bansiise Ragaan afaan Shimallisi	neutral
or_test_01107	Amajjii 1 2023  Guyyaa WBO Ajajoota Olaanoo ABOWBO Weellistoota Qabsoo Bilisummaa Oromoo buleeyyii gorsaa Ajajaa Olaanaa ABOWBO fi Hayyoota Oromoo Waliin ONMABO irratti  hayyaaneffanna SaveOromoLives URL	positive
or_test_01108	Raawwiin Adeemsa Waliigaltee Nageenyaa Kan Abdii Qabuudha Ministira Muummee DrAbiyyi AhimadMinistirri Muummee Dr Abiyyi Ahimad marii nageenyaa marsaa 2ffaa Naayiroobitti taaame hordofee adeemsi marichaa hardha gamaaggamamu ibsan URL	neutral
or_test_01109	Dhimmaa oromiyaa kana ossoo gaad tessannii mariatanii maal qaba jaawee jeenyaa	negative
or_test_01110	GMN Qophii Keessoo Oromiyaa Mudde 252022 URL	negative
or_test_01111	Oromoo DhagaiOromiyaa keessa Lolli waliinii hin jiruSabaa fi Sablammiin Wallolaa jiru hin jiruKan taaa jiru Humna Mootummaa Faashistii Abiyi Ahimed fi Faannoo Amahaaraatu Oromoo Ajjeesee biratti suuraa kaaa jiraGaararraa Bara 2018 Qabsookee gurguratte hin dhaggeeffatin	negative
or_test_01112	WBOn Qeerrof Qarreen akkasumas ummanni Oromoo keessaaf alaa martii wal aggeeffatee wal cinaa abbatee lolatee OROMOO BARAARUU qaba Waan fokkisaatu deemaa jira WOB OromoProtests SaveOromoLives	negative
or_test_01113	Oromoon Finfinneetti karaa cufuu qaba Qabsoon kun lubbuun kan falmatamu waan taeef WBO wajjin kan hojjetamuu qabudha Qabsoon Harka QULLAA hafeera WOB OromoProtests SaveOromoLives	positive
or_test_01114	qaamoonni mootummaan bobbase butan Akka Maddeen Sagalee Qeerroo Bilisummaa Oromoo himanitti  yakka tokko malee ukkamsuu fi hanga ammaatti eessaa akka jiruu hin baramnes jedhameera Akkasumas Shamallis hojjeetaa mootummaa tauus ni dubbatu	neutral
or_test_01115	Karaa sirrii dhifnee maaliif deemna moggaaOromo Yeroo ammaa kanatti namoota akka Obbo Jamaal dhagauun qoricha Gurbaa Bilisummaa jedhamu media SNN illee deeggaraa gama dandeessaniinHaala Yeroo Oromiyaa URL via	negative
or_test_01116	OMN Miluu Tibbanaa Finfinnee fi Faaruu Mootummaa Naannoo Oromiyaa Mudd URL via	neutral
or_test_01117	Fifinneen maandhe nafxanyaati maandhe Faanno diina Oromoof Orommummaati Woraqaa eennummaa namoota naanno Amaaraa irraa dhufan hundaaf hiruun demoograaphy uummataa jijiraa jiru Mandheen kun diigamu qaba Oromoo of baraar OB  URL	neutral
or_test_01118	Maashina Qorannoo GENE EXPERT jedhamuu kan dhibee  TB fi TB qorichaan al bare  addaan baasee mulisuu baajata Mootummaa Qarshii 800000 bitamee kanaan duraa sadarkaa hospitaalaa qofattii tajaajila kennaa ture  horachuun gammachuu guddaadha URL	positive
or_test_01119	Muuza  tokkon Daabbo 1 ol nyaachun Miidha garagaraatif nama saaxila                   Dr	neutral
or_test_01120	jajabeesa isinmalee maalin qaba maalo URL	neutral
or_test_01121	Ani Yesus immoo namni Mootummaa Waaqayyoo daaima xiqqoo taee hin fudhanne yoomiyyuu akka itti hin seenne siif mirkaneessa	positive
or_test_01122	ODUUHATATTAMAA WBOn harargee keessatti waan raaji hojjate  Mootummaa URL via	negative
or_test_01123	Ajjeechaan Ummata Oromoo irraa Dhaabbachuu Qaba Midiyaa Oromo matii tatii jabesaaURL via	neutral
or_test_01124	Kun civil war jedhama Kan lolicha bane gaggeessaa jiru mootummaa miti moo	neutral
or_test_01125	Hubadhu Addunyaa kana irraa humna guddaa kan qaban miidiyaalee dha   Nama qulqulluu yakkamaa  yakkamaa immoo qulqulluu taasisu dandau Sun humnandha Sababin isaas sammuu hawaasa balaaa toatu waan taeefdhugaa keenyaas addunyaattii himuun qabsoodhaa	neutral
or_test_01126	Jilli mootummaa federaalaa Obbo Taaggasaa Caafoon durfamu Maqaleetti imale URL	neutral
or_test_01127	Hara yeroo inni kaan dinagdee keessa galee qabeenya horatu inni keenyaa qabsoo jedhee mataduree xixiqqaan mataa wal dhukkubsa Yeroo bor caalamee jedhu immoo Wealth Inequality jedhee mataduree jijjiira	neutral
or_test_01128	Shamarran warrii onnee qabdu hoggaana jirtii haraayuu isheen sammuu duuda ammoo hoggaansa miti isheeyu nama hoggoonnuu barbaadi	neutral
or_test_01129	Ijoolleen garbaa fi Ijooleen gooftaa jiruu fi Jireenya walfakkaatu qabaachuu hindandaan Ijoolleen garbaa qabsoo bilisummaa geggeessu malee akka ijoollee gooftaa qabeenya horachuuf sochii dinagdee hintaasisan HaqaFact kana hubachuun akka nuclear science ulfaataa dhaayii URL	neutral
or_test_01130	GarbaaSlave fi BirmaduuFreen Jiruu fi Jireenya walfakkaatu qabaachuu hindandaan Garbi qabsoo bilisummaa geggeessa malee akka nama birmaduu qabeenya horachuuf sochii dinagdee hintaasisu HaqaFact kana hubachuun akka nuclear science hubachuu sitti ulfaateeyii URL	negative
or_test_01131	GarbaaSlave fi BirmaduuFreen Jiruu fi Jireenya walfakkaatu qabaachuu hindandaan Garbi qabsoo bilisummaa geggeessa malee akka nama birmaduu qabeenya horachuuf sochii dinagdee hintaasisu HaqaFact kana hubachuun akka nuclear science hubachuu sitti ulfaateeyii	negative
or_test_01132	Yeroo amma kanaa abiy ahimad wolayta wojjin kan hojjata jirru kanaan duraas of eeggannoo kenneefi turre of siresu hin dandeenye ittii anse ustaaz kamil shamsu rakkoo gudda uma namaa jirru kessaa isaa tokkoo michuu abiy tokkoo sihi innis namaa rakkoo uma jiruudha of siressi	negative
or_test_01133	Godina Lixa wallaggaa aanaa Baabboo Gambeel fi Begii keessatti waraana mootummaa Itoophiyaatiin uummatni nagaan ajjeefaman  Qeerroo Bilisummaa Oromoo URL	neutral
or_test_01134	PHAOPoolisiiHumnaAddaaOromiyaa 1400 Kiiramuu tti humnoota faaoo tiin dhumateKun kan tae wal gahi irra otuu jiranuu duubaan jarri haleelte 1400200 lubbuun tuffatanii harkaa bahani odeessa kana keennankana kan goosise mootummaa dha jedhanBaayyee nama Gaddisiisa	neutral
or_test_01135	mootummaa federaalaa yeroo jalqabaatiif Wiixata haraa magaalaa guddoo Naannoo Tigraay Maqalee seeneeraAngawooti Naannoo Tigraayis simannaa taasisuufi gabaafameera	negative
or_test_01136	Jilli qondaaltota mootummaa federaalaa Itoophiyaa Maqalee seeneAangawoota mootummaa federaalaa Maqalee yoo seenan simannaan taasifameeraafErga waraanni mootummaa federaalaa waggaa dura Maqalee gadhiisee bahee booda jilli qondaaltoota olaanoo URL	neutral
or_test_01137	Ammas bifa wali fakkaatuuni qabeenya jaraa irraa bituu fi itti gurgurachuu irratti qoqobiin kaahamuu qaba	neutral
or_test_01138	Ilalii livingKosovo  attain biyya taate Qophii Addaa ONMABO Muddee 26 2022  Qeerroo Bilisummaa Oromoo URL	negative
or_test_01139	Maqaleetti Turtii Garee Jilaa Mootummaa Federaalaa Suuraan URL	neutral
or_test_01140	Hattuun hattuu hin hattuu Namichi Chaawo Chaawo Juntaa Jedhee Sirbe Seeratti nii dhiyaatamoo hin dhiyaatuuHara Qondaalonni mootummaa olaanoo Maqalee oolani URL	neutral
or_test_01141	Maqaleetti Turtii Garee Jilaa Mootummaa Federaalaa Suuraan URL	neutral
or_test_01142	Gaafa namummaa ajjeesuu eegaltu ofis kees keessumatti OF ajjeefta	positive
or_test_01143	Qophii Arraata Biyyoolessa Oromiyaa ONMABO Muddee 26 2022  Qeerroo Bilisummaa Oromoo URL	neutral
or_test_01144	WBOn Qeerrof Qarreen akkasumas ummanni Oromoo keessaaf alaa martii wal dhaggeeffatee wal cinaa dhabbatee lolatee OROMOO BARAARUU qaba Waan fokkisaatu deemaa jira WOB OromoProtests SaveOromoLives	neutral
or_test_01145	Lolli cimaan jaalala cimaa qaba	neutral
or_test_01146	kosovo  attamiin biyya taate  Qophii Addaa ONMABO Mud 26 2022 URL via	neutral
or_test_01147	Leenjiin hoggansa olaanoo Maagaala Finfinnee mata duree Dandeettiibuaa waliin qormaatamilkaaina waliin jedhuun guyyoota sadiif walitti aansuun kennamaa ture xumuramee jira URL	neutral
or_test_01148	Qophii  Arraata  Biyyoolessa  Oromiyaa Muddee 26 2022 URL via	neutral
or_test_01149	Qophii  Arraata  Biyyoolessa  Oromiyaa Muddee 26 2022 URL via	neutral
or_test_01150	Caasaan Mootummaa Bulchiinsa magaalaa Finfinnee dhalattoota saba Amaaraan dhuunfatamee jiraachuu fi Hojjettoota mootummaa bulchiinsa magaalattii keessaa harki jaatamni 60 dhalattoota Saba Amaaraa tahuu mootummaan beeksise URL URL	negative
or_test_01151	Beeksisa Qacarrii Abuukattoo Ittisaa Manneen Murtii Olaanaaf URL	positive
or_test_01152	Kaaba Oromiyaa Godina Walloo keessaatti qotee bulaan Oromoo ilmaan isaa asi buutee dhabamsiifamanii jiran waggaa 1 ol lakkoofsisanii waan jiraniif eessa akka jiran nuuf haa himan jechuun gaafii kaasaa jiru	neutral
or_test_01153	Kaayyoo tokkoof hiriirree xumura Awwaala diinota Keenyarratti Badhaadhina Itoophiyaa ni labsina URL	positive
or_test_01154	Keenya kan bade Saba kana keessaa kan baratan aadaa qaroomaf seenaa Oromoo ala kan alagaa  fayyina badhaadhinaaf jireenya mataa ykn anaaf qofa jedhu dagalfamanii walhubannaaf buaa waloo yoo hinyaadne Dafnee warra dandeetti addaa qaban eeguu jabeessuf qabuun meerre	negative
or_test_01155	Umrii Dheertuu wajjiin turaa Leenca addunyaa afaan qabachiise	negative
or_test_01156	Kaayyoo Fiinxaaleyyii Amaaraa Wallaga lafa Amaaraati Wallo lafa Amaaraati Shawaan lafa Amaaraati Oromoon biyya hin qabu Oromiyaa fi oromummaa wanti jedhamu hin jiru Baduu qabu kan jedhudha Kaayyoo kana fiixa baasuuf bakka hundatti Oromoo lafarraa fixaa jiru Oromoo Kai	neutral
or_test_01157	WBOn zoonii lixaa godina Bunnoo Beddellee ona Makkoo keessaa diina buqqisuun dhuunfateONMABO  Fulbaana 52022 Irree fi gaachanni uummata Oromoo WBOn tarkaanfii laalessaa waraana weerartuu bilxiginnaa irratti fudhachuu itti fufuun aanaa keessaa buqqise	neutral
or_test_01158	Jeedala tahee waggaa dhibba jiraachurra leenca tahee guyyaa takka aadee duuu wayya qabsaawaa Fincila Baalee Huseen Bunee URL	negative
or_test_01159	BAGAN ARGE HUNDUMAAWarra kaayyoo sharafudeemsa karaatti kuteewarra guyyaadhaan rafufaayidaadhaan bututeeTokko haqaaf badadatokko garaaf badadaguddaatu xiqqaaf sagadaeenyutu eenyu barbaadaAs deebii sabattihin milkooftu gonkumahin rigatin ormattiBAGAN ARGE HUNDUMAA URL	neutral
or_test_01160	Kaayyoo Fiinxaaleyyii Amaaraa Wallaga lafa Amaaraati Wallo lafa Amaaraati Shawaan lafa Amaaraati Oromoon biyya hin qabu Oromiyaa fi oromummaa wanti jedhamu hin jiru Baduu qabu kan jedhudha Kaayyoo kana fiixa baasuuf bakka hundatti Oromoo lafarraa fixaa jiru Oromoo Kai	neutral
or_test_01161	Haqaa dhugaaf bahee  Dhiigni kee haqaaqeeDhugaa sobni haguugeLafee kee ittii baqaqeeHawwii dhuunfakee mitiDursa lammiif Of baafte Cunqurfamaa hundaaf Irree cima kan laatteeW30 URL	neutral
or_test_01162	Oromoon Afoola Isaa keessatti Makmaaksa Abbootiin Irree Dhimma Itti bahan qaba GAAFFI ABB IRREE Sinbirroon tun duutu moo jirtuu dhaDeebii qaama waa murteessuu hin dandeenyee Yoo akka qabdetti keesse duutuu dha yoo gadi dhiifte jirtuu dha URL	neutral
or_test_01163	Gabaasa injifannoo wbo OromosStandWithOLA OromoVoice OromoLiberationArmy	neutral
or_test_01164	Gabaasa injifannoo wbo OromosStandWithOLA OromoVoice OromoLiberationArmy URL	neutral
or_test_01165	Oromoon Afoola Isaa keessatti Makmaaksa Abbootiin Irree Dhimma Itti bahan qaba GAAFFIU ABB IRREE Sinbirroon tun duutu moo jirtuu dhaDeebii qaama waa murteessuu hin dandeenyee Yoo akka qabdetti keesse duutuu dha yoo gadi dhiifte jirtuu dha URL	neutral
or_test_01166	Oromoon Afoola Isaa keessatti Makmaaksa Abbootiin Irree Dhimma Itti bahan qaba GAAFFI ABB IRREE Sinbirroon tun duutu moo jirtuu dhaDeebii qaama waa murteessuu hin dandeenyee Yoo akka qabdetti keesse duutuu dha yoo gadi dhiifte jirtuu dha URL	neutral
or_test_01167	Waee oromoo dubattuu sodattee filannoo Kenya irra hassaaa JM	negative
or_test_01168	Kibba Arabiyaa irra akka dhufan quba hin qaban moo	neutral
or_test_01169	Oromoon ennaa hunda moohuuf fiixa gahee qabsoonsaa gantootaan butama fashalaaha Kun hamma yoomiitti ittifufa Bilisummaan Oromoo akka sirriti mirkanaayu gantoota diinaaf tumsan ofirraa eeguun hedduu murteessaa dha OromoVoice OromosStandWithOLA	neutral
or_test_01170	IJOODUBBIIOftuulummaa ABUT hanga harka nagaaf diriire waraanuutti URL	positive
or_test_01171	Injifannoo gootichii warana bilisummaa oromoo haraa Godina buunnoo beddellee Aanaa makkootti injifannoo bonsaa galmeessee guutuuma guutuuti dhunfaatee dawwadhaOromosStandWithOLA OromoVoice URL	neutral
or_test_01172	Imala Milkiif Injifannoo Waqayyoon Nuuf GodhinnaImaltuun Hin Teessu Imalliis Garaa Fuula DuraattiSoddom Booroo URL	neutral
or_test_01173	Watch ODUU Hatattama injfannoo wbo fi wbon waraana kuma hedduu lolaf bobbasu kuno on YouTube URL	negative
or_test_01174	WBOfurtuun bilisummaatokkummaan argamtidhugaan gaadiamteWBO dhaan hiikamtiBakkalchi bilisummaaBiiftuun odarraan iftuhinshakkin gonkumaaWBOn male hindhuftuKorma roorro dideqaroo qara eebooAbdii Rabbii gadiiJabeeffadhu WBOJOIN URL URL	positive
or_test_01175	Maallaqni harawaa abbaan dhibba lamaa sunii kan abiyin fide sunii baraka hin qabuu namoonni hedduu yoo jedhan arga maal maallaqni garagarummaa qabaa	negative
or_test_01176	leenca  koo  barri  biyya  tana  bulchitu  dhufuuf  jiraa  obsi	neutral
or_test_01177	Kaayyoo koo irraa Abdii hin kutadhuu Abadan ani Gabrummaadhan hin Jiraadhu URL	neutral
or_test_01178	Abdu kaayyoo essaa jirtuu sabbononii oromo URL	neutral
or_test_01179	Oromoon lafa isaarrati kabaja dhabe Biyya isarratti nagaa dhabe Beekaa itoo qabuu walala taeHayyoota baayee itoo qabnu furmata dhabneMaloo waal dhageenya waal hubannaHayyoota dhaggeffannakallattii arfaniin waal dhaggeffanna abbotii keenya dhaggeffannawhy why why	positive
or_test_01180	Kanaaf ani isiniin jedha waaee jireenya keessanii maal akka nyaattan maal akka dhugdan hin yaaddainaa waaee qaama keetiis akka waan uffattuJireenyi nyaata caalaa qaamni immoo uffata caalaa mitii	neutral
or_test_01181	Imala Milkiif Injifannoo Waqayyoon Nuuf GodhinnaImaltuun Hin Teessu Imalliis Garaa Fuula DuraattiSoddom Booroo URL	negative
or_test_01182	Oromon warraaqsa qabso bilisummaa oromotiif godhu keessati gargaarsa saboottan Oromo hin taane tokkotti hin haajamuQabsoo bilisummadhaan goolabuuf oromon aka oromotti humna gahadhaa oli qaba Obbo Kumsaa Dirribaa dhalooni Qube siduuba jirra mirgaan galiOromoVoice OLA	positive
or_test_01183	TKaayyoo Fiinxaaleyyii Amaaraa Wallaga lafa Amaaraati Wallo lafa Amaaraati Shawaan lafa Amaaraati Oromoon biyya hin qabu Oromiyaa fi oromummaa wanti jedhamu hin jiru Baduu qabu kan jedhudha Kaayyoo kana fiixa baasuuf bakka hundatti Oromoo lafarraa fixaa jiru Oromoo Kai	neutral
or_test_01184	Imalli kaayyoo qaba Kaayyoon immoo galma qabaMilkeessi waaqa URL	positive
or_test_01185	Maanuwaalii Adeemsa Hojii Bulchiinsa Qabeenya Humna Namaa Manneen Hojii Mootummaa Naannoo Oromiyaa URL	neutral
or_test_01186	Addunyaan cimtee kan dhaabatte waan gaarii namoota kanbiroof godhamuunidha Maallaqa keenya beekumsa keenyaafi humna keenya lammiilee baayee isaan barbaachisuuf oolchuu caalaa waan ittiin jaalala biyyaaf qabnu ibsinu hin jiru URL	negative
or_test_01187	Tajaajila faayinaansii telebirr Malaa telebirr Indakiisee fi telebirr Saanduq waliin jireenya keessan fooyyessaaEthiotelecom telebirr URL	neutral
or_test_01188	Guyya799Ani Oromoof Qaalii dhaSeenaa Rirmi Hin NyaatuNafxanyaan Kalleessas Haraas Boruus Diinaa KeenyaIfa nu baasuuf jecha kan taatan aarsaa nurraa GALATOOMAAAtumtii Galatoomi Hacee kooJusticeForHacaaluuHundeessaOROMIYAANBIYYA URL	neutral
or_test_01189	WBOn Kibbaa bahaa CIBRAAN Jaal Naadhii Gammada Buttaan Heebaan arsii guyyaa 492022 shawaa bahaa anaa Adamii tulluu jiddoo kombolcha magalaa Oituu seenuudha Waajira Pooisii itti seenee Humna Achi qubatee Jiru 18 Hojiin ala Godhee AKM Compteraaf Document gara Garaa irra Boojie URL	negative
or_test_01190	Dhiga ofif jenne ha falmanu ummani oromo akasiti dhumataru humna dhabu beka garrii dhabu isati kan bekumsa qabu bekumsi isa garraa isara hin darbine kan dhumataru harrmee kee Obbolessa kee Obboletii kee abba kee Lafa samamne jene falmane ummata haadha iyyeessaa itti dhabne rabbi	neutral
or_test_01191	Gootichi Waraana  Bilisummaa Oromoo zoonii kibba bahaa haleellaa Ona Adaamii Tulluu Jiddoo Kombolchaa keessatti fudhateen qabeenya hedduu dhuunfate Jajjabee durattiOROMIYAN  BIYYA  URL	neutral
or_test_01192	Akkataa ummata yoo laaltu abiy mootummaa abshaala fi cimaa jechuu ni dandetta hedduu rakkisaadha seraa qofara dhaabate bulchu hin dandeettu gara laafu barbaada wonta hedduu irraa dabruu barbaada sossobu hunda of kessaa qaba biyya tanaa bulchuuf	negative
or_test_01193	Humni badii boolla qotatus biyyee irra dachaasuun amala gootataati	neutral
or_test_01194	Faqqadaan eenyu Waggaa 11 dura Faqqadaan eenyu waliin hojii tikaa hojjeechaa ture Yeroo sana hoggaanan tikaa eenyu ture Hara hooOromoo basaasuu irra gara saamuutti kan dhufe Faqqadaan eenyu Kaayyoo isaa maal Maalii maqaa qabsoon Oromoo saama URL	neutral
or_test_01195	Gootota birmadummaa biyyaaf aarsaa kanfaluun biyya badisa irra baraaraa jiran URL	neutral
or_test_01196	HNN TPLF Motummaa Itoopiyaa rratti Injifannoo akkamii galmeeysaa jira URL via	negative
or_test_01197	Qaammee 1 Guyyaa Tola OltummaaTokkoon keenya kaan keenyaaf madda gammachuu taana Namaaf tola ooluu caalaa maddi gammachuu hin jiru Humna beekumsa qabeenya qabnurraa gammachuu yaa uumnu Tola ooluun gammachuu uuma Gammachuun jaalalaa fi tokkummaa cimsa Tokkummaan buuura URL	negative
or_test_01198	Jaalatamuma fi beekamtin kenya yoo dabalee diinota kenya akka irraa oolu waan beekaanif gafa kana immoo humna isaanitti ol waan taatuf isaan internet fayyadamuu keetu fedhii hin qabani garu wonti hunduu akka isaani yaadan sani isaani hin tanee	positive
or_test_01199	Kaayyoo Fiinxaaleyyii Amaaraa Wallaga lafa Amaaraati Wallo lafa Amaaraati Shawaan lafa Amaaraati Oromoon biyya hin qabu Oromiyaa fi oromummaa wanti jedhamu hin jiru Baduu qabu kan jedhudha Kaayyoo kana fiixa baasuuf bakka hundatti Oromoo lafarraa fixaa jiru Oromoo Kai	positive
or_test_01200	Qaammee 1 Guyyaa Tola Oltummaa Tokkoon keenya kaan keenyaaf madda gammachuu taana Namaaf tola ooluu caalaa maddi gammachuu hin jiru Humnabeekumsa qabeenya qabnurraa gammachuu yaa uumnu Tola ooluun gammachuu uuma Gammachuun jaalalaa fi tokkummaa cimsa URL	neutral
or_test_01201	Hiika jaalala biyyaaf Dr ABIY AHMED Muummee biyya keenyaa URL	neutral
or_test_01202	Boorana Aanaa Miyoo ganda Dukkallee Barraaqaan roobsaa jiraKaayomsi badhaasooIlillii Oromoo OLA URL	neutral
or_test_01203	Wanta hin beekneen hin sodaachisin Sun humna kee isa guddaa tauu fi waan nama hundumaa irraa adda taee akka hojjettu mirkaneessuu dandaa Saaraa Bleekilii	neutral
or_test_01204	Buunnoo Beddellee Lola W3On kaleessaa godina Buunnoo Beddellee ona Makkootti geggeesseen warri lubbuun haftee fi humna dabalataf gara magaala Makkootti kan ergamte wal dabalachuun saa muraasa dura Aanaa Deggaa keessa qaxxaamuruun gara Aanaa Cooraatti imala jirti URL	negative
or_test_01205	Lubbu fi Jireenya koo Caala Eenyuummaa Saba kootitu anaf Qaaliidha	neutral
or_test_01206	GKaayyoo Fiinxaaleyyii Amaaraa Wallaga lafa Amaaraati Wallo lafa Amaaraati Shawaan lafa Amaaraati Oromoon biyya hin qabu Oromiyaa fi oromummaa wanti jedhamu hin jiru Baduu qabu kan jedhudha Kaayyoo kana fiixa baasuuf bakka hundatti Oromoo lafarraa fixaa jiru Oromoo Kai	neutral
or_test_01207	KENNAAComing Soon Artistii fi barsiistuu muuziqaa YYegile SirajSYegile Sirajmuuziqaa haaraa qalbii namaa hawwatuun dhufaa jirtiHara galgala Saaatii 100 irratti karaa BBarrikoo EntertainmentEBarrikoo Entertainmenteeggadhaa URL	negative
or_test_01208	Haa falmannuuDaandii Laggasee irraHiriirree kan fiignuYeroon qabnu ammaaSirnicha kan diignuKee naaf hin galleemMee maaluma taateeYeroo ilmi kee jooruuDhugaa kee siif baateeLubbuu deebii hin qabneOromiyaa f laateeMaaliif hin gargaartuu Tokkummaa dhaan kaatee	negative
or_test_01209	Mee dhaggeeffadha Daaimmaan karaa irra butee waan sirni Abiy gochaa ture fi itti jiru dhagaaa OromoVoice URL	neutral
or_test_01210	WBOn humna diinaa diigaa jira Kun hudi ergamtoota Abiyii fi Shimee turanOromiyaa Walaboomte arguuf jirraOromoVoice WeSupportOLA OromosStandWithOLA OLA WBO URL	neutral
or_test_01211	Watch ODUU Hatattama WBOn Injifannoo Boonsaa Jabaa Dhaamsa Dabarse Loltoonni Abiy Miliqan OMN Ethiopia on YouTube URL	negative
or_test_01212	ODUU Bojiamtaa Injifannoo WBO fi Midhaaa Waraanaa Bilxiginaa URL via	neutral
or_test_01213	Ajaaiba oromoon gowwadha jechuu kana dhugumaan of amansiisaniru fakkaata ijoo Safuu	neutral
or_test_01214	Siyasnii siif hafaa irra debiii barii	negative
or_test_01215	Sabni Keenya balaan dhimma safaricom waliin walqabatu irratti adeemsa jiru akka isaan biraan geenyu hawwii guddaan eegaa Jira Alliance for Fair Representation and Equal Opportunity AFREO dhimma kana itti dhiheenyan hordofaa jiraachuu keenya isiniif ibsuu barbaanna URL	negative
or_test_01216	Kaayyoo Fiinxaaleyyii Amaaraa Wallaga lafa Amaaraati Wallo lafa Amaaraati Shawaan lafa Amaaraati Oromoon biyya hin qabu Oromiyaa fi oromummaa wanti jedhamu hin jiru Baduu qabu kan jedhudha Kaayyoo kana fiixa baasuuf bakka hundatti Oromoo lafarraa fixaa jiru Oromoo	neutral
or_test_01217	Warra kajeellaa ganda isaanii irra fiigutu nu tuffachiise	neutral
or_test_01218	Galaaf hidhannoo baatteeLukaan deemta Amna dheeraaGaraadhaa hin qabdu nyaatteeDheebuudhaan dararamtaDukkana keessa teesseIfa of duratti agartaYaa gurbaa ilmaan Walloo URL	positive
or_test_01219	Galaaf hidhannoo baatteeLukaan deemta Amna dheeraaGaraadhaa hin qabdu nyaatteeDheebuudhaan dararamtaDukkana keessa teesseIfa of duratti agarta URL	positive
or_test_01220	Jabeessii Leenca keenya si dukaa jirra	neutral
or_test_01221	Gaaf nuti wal dhageenye wal abdanne kaayyoo haqaa irratti waliin cichine ilmo nama tahufu kabajaa waliif qabanne Jallataan  keenyas halagaanis homaa nun godhu Karaa qubni seente abootteen seenti jedhan mitiire Wal jabeessa OromoVoice OromosStandWithOLA OromiyaanBiyya	positive
or_test_01222	Buunnoo Beddellee Lola W3On kaleessaa godina Buunnoo Beddellee ona Makkootti geggeesseen warri lubbuun haftee fi humna dabalataf gara magaala Makkootti kan ergamte wal dabalachuun saa muraasa dura Aanaa Deggaa keessa qaxxaamuruun gara Aanaa Cooraatti imala jirti URL	negative
or_test_01223	Kaayyoo kee fi galma kee bakkaan gahuuf yoo dandeesse fiiguu dadhabdu tiradhu dadhabdu foqoqi malee abdii hin kutiin	negative
or_test_01224	Kaayyoo Fiinxaaleyyii Amaaraa Wallaga lafa Amaaraati Wallo lafa Amaaraati Shawaan lafa Amaaraati Oromoon biyya hin qabu Oromiyaa fi oromummaa wanti jedhamu hin jiru Baduu qabu kan jedhudha Kaayyoo kana fiixan baasuuf bakka hundatti Oromoo lafarraa fixaa jiru Oromoo Kai	neutral
or_test_01225	OduuInjifannoo Diroonota Affaar  Diroononni Affaar meeshaa Juuntichi itti fayyadamuu wallaaltee gangalchaa turte Kilaashiidhaan haleelanii boojianiiruInjiffannoon Kan Itoophiyaati URL	positive
or_test_01226	Bale Gasera Imaala badhaadhina irra jirra URL	neutral
or_test_01227	Kennaa Gottotaa Rayyaa Ittisaa Biyyattiif tasiifamee Long Live Ethiopia URL	neutral
or_test_01228	Deliver me O LORD from my enemies I have fled to thee for refuge Psalms 14310Ati Waaqayyoo kooti egaa fedha kee gochuu nabarsiisHafuurri kee inn gaariin lafa walqixxee irra ana haagaggeessu	negative
or_test_01229	Yeroon isinii woliin marii goonu dura turre hardha garu hin dandaamuu maaliif yoo jenne rakkoo fi qormaata hedduu fi hanga lubbuu ittii dhabuu kan gahe waan taeef dura garu carraa kun akka nu jala hin dabrine ati bakka kana hin taatu osoo jettanii yeroo sanitti  ture	neutral
or_test_01230	Guyya800Ani Oromoof Qaalii dhaSeenaa Rirmi Hin NyaatuNafxanyaan Kalleessas Haraas Boruus Diinaa KeenyaIfa nu baasuuf jecha kan taatan aarsaa nurraa GALATOOMAAAtumtii Galatoomi Hacee kooJusticeForHacaaluuHundeessaOROMIYAANBIYYA URL	positive
or_test_01231	Waaqa qaroo fagootti argu siif kenneef galanni haa tau Nuuno kanuma argite irra deebinee ilaaluu dadhabnee kosii keessa utuu naannofnuu citoon dhumaa jirra	neutral
or_test_01232	Jaalala horachuuf gaarummaa hojjachuun nurra mala kana beeknee daandii jalalaa irra haa deemnu URL	neutral
or_test_01233	Siyaasi Qabeenyi lafaaf daangaanshee Gaarriif laggeen Gandaaf Taayitaan hunduu in darbu JAALALA qofaatu dhaabatee hafa URL	neutral
or_test_01234	Imalli oromia walabaa ijaaruu akkuma itti fufetti jira ni goolabamas jajjabee duratti OromoLiberationArmy OromoVoice URL	neutral
or_test_01235	Oromoon ennaa hunda moohuuf fiixa gahee qabsoonsaa gantootaan butama fashalaaha Kun hamma yoomiitti ittifufa Bilisummaan Oromoo akka sirriti mirkanaayu gantoota diinaaf tumsan ofirraa eeguun hedduu murteessaa dha OromoVoice OromosStandWithOLA	neutral
or_test_01236	Oromoon ennaa hunda moohuuf fiixa gahee qabsoonsaa gantootaan butama fashalaaha Kun hamma yoomiitti ittifufa Bilisummaan Oromoo akka sirriti mirkanaayu gantoota diinaaf tumsan ofirraa eeguun hedduu murteessaa dha OromoVoice OromosStandWithOLA	neutral
or_test_01237	Oromoon ennaa hunda moohuuf fiixa gahee qabsoonsaa gantootaan butama fashalaaha Kun hamma yoomiitti ittifufa Bilisummaan Oromoo akka sirriti mirkanaayu gantoota diinaaf tumsan ofirraa eeguun hedduu murteessaa dha OromoVoice OromosStandWithOLA	negative
or_test_01238	Oromoon ennaa hunda moohuuf fiixa gahee qabsoonsaa gantootaan butama fashalaaha Kun hamma yoomiitti ittifufa Bilisummaan Oromoo akka sirriti mirkanaayu gantoota diinaaf tumsan ofirraa eeguun hedduu murteessaa dha OromoVoice OromosStandWithOLA	negative
or_test_01239	Keenya dhiira miti dubartiinu birmadumma biyyaatiif Of duuba hin ilaaltu Woyyaaneen Kanaan booda Humna hin qabdu Tauu baannan beekkumsa hedduu kan qaban JiraHirmaadha mootummaa qofa hin eeggannu likkii ishii itti garsiisuun Nurraa eeggama	neutral
or_test_01240	Faannoo warri jedhaman leenjii gahaa fudhachuun nama hojii biraaf bobbae fakkaachuun bakkaa bakkatti sochou jaarsoliin humna hin qabne qeeetii hin baqanne qeumatti ajjeefaman  AgamsaMassacre BulluqMassacre URL	positive
or_test_01241	Lafti Oomisha Kennuu Dandeettu Karaa Guutuu Taeen Oomisha Akka Kennituuf Xiyyeeffannoon Hojjatamaa Jiraachuu Waajjirri Qonnaa fi Qabeenya Uumamaa Godina Arsii Lixaa Beeksise URL URL	positive
or_test_01242	Korma Dhugaan Booratu Biyyeen Ija hin BuutuKorma Biyyaa DrAbbichuu Kiyyaa URL	positive
or_test_01243	DrHedduu namatti tolaa Umrii nuuf dheeradhaa	positive
or_test_01244	Dodolaan Magaalaa jaalalaa Bareedduuf jireenya dhala namaatiif mijattuu uumuudha URL	neutral
or_test_01245	Oomishtummaa keenya dachaan daballee dinagdeen of ijaaruu qabna URL	negative
or_test_01246	Ijaaramuun rakkoo miti Hanguma Humna isaanitti walijaaranii uummata biyyaa rakkoo irraa baraarun dirqama Rakkinni garuu namitittiin yaada kana kaaste waggaa guutuu waaee Tigray malee kan Oromoo irraa badaa hin haasoftu Oromoo tauu isheen shake	negative
or_test_01247	Humni shororkeessaan FANO ajjeechaa Oromoo irradeddeebiee waan mieeffateef duguuggaan sanyii Oromoo Agamsarratti tae Oromiyaa mara keessatti babalachuuf deema Yaa Oromoo tokkummaan kai Waliif birmadhu Oromiyaa guutuu keessatti lammii kee tiksi OromoVoice OLA	neutral
or_test_01248	Oromoon ummata mootumaa hin qabneef diinaan marsameexaxamee jiru waan taeef QAWWEESAA gonkuma obboleessaabbaailmasaaf WBO yoo taeyyuu abbaa fedhetti kennuu hinqabu Warra WBO fakkaatee Faannoof hojjetu quba qabaadha Diina fira fakkaatu ofirraa tiksa OromoVoice OLA	neutral
or_test_01249	Ilmaan Oromoo humna tikaa humna qilleensaa humna poolisii humna waraanaa kan fakkaatu keessa jirtan hundi dhaabbadhaa yaadaa Waan gochaa jirtan xiinxalaa Qawwee keessan sirna Oromoo ajjeesutti naannessaa WBOtti makamaa WBO cimsa OromoVoice OLA	negative
or_test_01250	Furmaanni gabruummaa waggaa 150 nurratti feamee tokuummaan WBO jabeessuu WBO miliyoonan ijaaruu fi hidhachiisuun Oromiyaa handhuurashii Finfiinnee faana bilisoomsuun abbaa biyyummaa saba Oromoo Oromiyaarratti mirkaneesuudha Oromoo kai Qabsaawi WBO cimsi OromoVoice OLA	negative
or_test_01251	FKaayyoo Fiinxaaleyyii Amaaraa Wallaga lafa Amaaraati Wallo lafa Amaaraati Shawaan lafa Amaaraati Oromoon biyya hin qabu Oromiyaa fi oromummaa wanti jedhamu hin jiru Baduu qabu kan jedhudha Kaayyoo kana fiixa baasuuf bakka hundatti Oromoo lafarraa fixaa jiru Oromoo Kai	neutral
or_test_01252	Dhumaatiin Agamsa Amuruutti tae mootummaa nama nyaataa Abiy Ahmed Shimelis Abdiisa fi fiinxaaleyyii Amaaratiin kan qindaaye tauun ifa galaadha Oromoon marti tooftaa diinaa kanarratti dammaquudhaan sagalee tokkoon diina dura dhaabbachuu qaba IUOF OromoVoice OLA	negative
or_test_01253	Yeroo hedduu lawuza nyaata yoo deemuu na arguu ganamaa ganamaa	neutral
or_test_01254	OROMOO Hubadhaa Dacheen Oromiyaa ummati Oromoo irra jiraatu kutaa garagaraa qabatus Nu hundi Oromoodha Gaaf addan nu hirani sanyii keenya dagugaan callisuu hin qabnu AbiyMustGo FanoIsTerroristGroup AgamsaMassacre OromoVoiceOromolivesmatter Oromiashallbefree URL	neutral
or_test_01255	AMMEE     Irree fi Gaachanni Uummata Oromoo WBOn Zooni Kibbaa Koonyaa Gujii LixaaCibiraan Gumaa Baasi Tuulaa Surroo Aanaa Galaana Ganda Waaccuu fi Barritti Keessatti Diina Oliif Gadi Gussee Urgufaa Ooleera	positive
or_test_01256	Oromoon Galaana Irra dhangalaanaEebbifamtoota Zoonii Giddu GaleessaaFunyaan finffinnee jala URL	neutral
or_test_01257	Leenca oromoo nuuf jiraadhu waggaa dhibbaa	positive
or_test_01258	Oromoon Afoola Isaa keessatti Makmaaksa Abbootiin Irree Dhimma Itti bahan qaba GAAFFI ABB IRREE Sinbirroon tun duutu moo jirtuu dhaDeebii qaama waa murteessuu hin dandeenyee Yoo akka qabdetti keesse duutuu dha yoo gadi dhiifte jirtuu dha URL	neutral
or_test_01259	Imala Milkiif Injifannoo Waqayyoon Nuuf GodhinnaImaltuun Hin Teessu Imalliis Garaa Fuula DuraattiSoddom Booroo URL	negative
or_test_01260	Piroofeesar Mararaa GuddinaaHawaasni addunyaa yerootti sirnaan fayyadamuun Itoophiyaatti nagaa buusutu irra ture jedhan URL	neutral
or_test_01261	PPn akka itti hawwaasa miidiyaa hawaasa irra ittiin burjajjeessitu beektu Kumni osoo beelaaa jiruAkkasitti siyaasaa rakasaa hojjetuOromoVoice URL	neutral
or_test_01262	ToomaasTuheeliif irra deebiin taphachuuf carroomuukootti hedduun gammade Obaamiyaangi Irra deebiin walarganii daqiiqaa 59 booda Toomaas Tuheel hojii irraa ariamaniMaddi  URL	negative
or_test_01263	yeroon kun yeroo waraanni bilisummaa Oromoo hunda caalaa humna horate Oromiyaa itti bilisoomsuudha kanafuu Qeerroo fi qarreen Oromiyaa yeroon itti WBO deeggarsa gootaniifi biraa dhaabatan amma  OromosStandWithOLA kophee1wbo1f oneshoes4onewbo aniswbodha URL	neutral
or_test_01264	Ilmaan Oromoo humna tikaa humna qilleensaa humna poolisii humna waraanaa kan fakkaatu keessa jirtan hundi dhaabbadhaa yaadaa Waan gochaa jirtan xiinxalaa Qawwee keessan sirna Oromoo ajjeesutti naannessaa WBOtti makamaa WBO cimsa OromoVoice OLA URL	negative
or_test_01265	Furmaanni gabruummaa waggaa 150 nurratti feamee tokuummaan WBO jabeessuu WBO miliyoonan ijaaruu fi hidhachiisuun Oromiyaa handhuurashii Finfiinnee faana bilisoomsuun abbaa biyyummaa saba Oromoo Oromiyaarratti mirkaneesuudha Oromoo kai Qabsaawi WBO cimsi OromoVoice OLA URL	negative
or_test_01266	Kaayyoo Fiinxaaleyyii Amaaraa Wallaga lafa Amaaraati Wallo lafa Amaaraati Shawaan lafa Amaaraati Oromoon biyya hin qabu Oromiyaa fi oromummaa wanti jedhamu hin jiru Baduu qabu kan jedhudha Kaayyoo kana fiixa baasuuf bakka hundatti Oromoo lafarraa fixaa jiru Oromoo Kai	neutral
or_test_01267	Oromoon uummata mootummaa hin qabneef diinaan marsameexaxamee jiru waan taeef QAWWEESAA gonkuma obboleessaabbaailmasaaf WBO yoo taeyyuu abbaa fedhetti kennuu hinqabu Warra WBO fakkaatee Faannoof hojjetu quba qabaadha Diina fira fakkaatu ofirraa tiksa OromoVoice OLA	neutral
or_test_01268	Abshir siif deebisa garu twitter campaign kenya irratti hirmaadhu ummata kenyaaf sagale tahi Saaa 24 space irra Jirra dhihadhu	negative
or_test_01269	Hoogganaan dhimmootii gargaarsa namoomaa kan tokkummaa mootummootaa jalqaba waggaa dhuftuu irra beela Somaaliyaa keessaa ittisuuf yoo xiqqaate doolaara biliyoona tokko kan gargaarsa hatattamaaf oolu akka barbaachisu tilmaamaniiru URL	positive
or_test_01270	Ilman Oromoo Miseensoota Poolisii Humna Addaa moonaa diina ganun Godina Gujii Baha Aanaa Waadaaratti Gooticha Waraana Bilisummaa Oromootti harka kennataniidha URL	neutral
or_test_01271	Of dagataan biyya dhaba bari jabanni kan jabaatiIrree jabeeffatan hiree murteeffatu URL	neutral
or_test_01272	The peoples LeaderAbbichuu jabaa Hayyuun lafa bade wolaalee Ummanni hayyuu dhale utubee qabate URL	negative
or_test_01273	Furmaanni gabruummaa waggaa 150 nurratti feamee tokuummaan WBO jabeessuu WBO miliyoonan ijaaruu fi hidhachiisuun Oromiyaa handhuurashii Finfiinnee faana bilisoomsuun abbaa biyyummaa saba Oromoo Oromiyaarratti mirkaneesuudha Oromoo kai Qabsaawi WBO cimsi OromoVoice OLA URL	positive
or_test_01274	Kaayyoo Fiinxaaleyyii Amaaraa Wallaga lafa Amaaraati Wallo lafa Amaaraati Shawaan lafa Amaaraati Oromoon biyya hin qabu Oromiyaa fi oromummaa wanti jedhamu hin jiru Baduu qabu kan jedhudha Kaayyoo kana fiixa baasuuf bakka hundatti Oromoo lafarraa fixaa jiruOromoo Kai	positive
or_test_01275	Ijjii mummee keenna laaltee ija Aduu laaltee haa tau mallattoon injifannoo fuularraa mulata URL	positive
or_test_01276	Weellisaa Mohaammed Daliil sirbaa haaraa mata duree Lammiilee Itoophiyaa jedhuun sirba jaalala biyyaafi kabaja Gooticha Raayyaa Ittisa Biyyaa ibsu qabatee dhufeeraRIB qallabuuLeenci hin bulu agabuuURL	positive
or_test_01277	NAGEENYABuuura waa hundaati Qabeenya hundaa oliitiIfa xiqqaa guddaatiKan hiyyeessaa fi dureessaatiKANAAF HUNDUU HAA TIKFANNUBAKKA NAGAA OOLAA URL	positive
or_test_01278	NAGEENYABuuura waa hundaati Qabeenya hundaa oliitiIfa xiqqaa guddaatiKan hiyyeessaa fi dureessaatiKANAAF HUNDUU HAA TIKFANNUBAKKA NAGAA OOLAA	negative
or_test_01279	QAAMMEE 03132014NAGEENYANAGEENYANAGEENYABuuura waa hundaati Qabeenya hundaa oliitiIfa xiqqaa guddaatiKan hiyyeessaa fi dureessaatiKANAAF HUNDUU HAA TIKFANNU URL	negative
or_test_01280	Miidhaa Suukaneessaa Waayyaanneen Daaimman irra geessifteen gadda cimaa keessa seenuudhaan ogeessa seeraa ETV irratti imimmaan lolaasee booyen argeNama gaddisiisaWanti Waayyaaneen biyya irratti raawwatte kan himamee dhumu mitiEthiopia	positive
or_test_01281	Guyya801Ani Oromoof Qaalii dhaSeenaa Rirmi Hin NyaatuNafxanyaan Kalleessas Haraas Boruus Diinaa KeenyaIfa nu baasuuf jecha kan taatan aarsaa nurraa GALATOOMAAAtumtii Galatoomi Hacee kooJusticeForHacaaluuHundeessaOROMIYAANBIYYA URL	negative
or_test_01282	Nagayaa fi Jaalala Dhala Namaa Hundaaf URL	neutral
or_test_01283	Oromoon ummata mootumaa hin qabneef diinaan marsameexaxamee jiru waan taeef QAWWEESAA gonkuma obboleessaabbaailmasaaf WBO yoo taeyyuu abbaa fedhetti kennuu hinqabu Warra WBO fakkaatee Faannoof hojjetu quba qabaadha Diina fira fakkaatu ofirraa tiksa	positive
or_test_01284	Jaarraa 21ffaa kanaan booda namoota yaada gaarii qabaniif ifa yoo tau namoota yaada gadhee qabaniif immoo dukkana URL	neutral
or_test_01285	QAAMMEE 03132014NAGEENYANAGEENYANAGEENYABuuura waa hundaati Qabeenya hundaa oliitiIfa xiqqaa guddaatiKan hiyyeessaa fi dureessaatiKANAAF HUNDUU HAA TIKFANNUBAKKA NAGAA OOLAA URL	neutral
or_test_01286	Kabajamoo Hojiin hojjetamaa jiru gaariidha Kuni biyya mataa olqabachiisuuf tattaaffii godhamaa jiru Eebbifamaa Humna nagaa uummata keenyaa booressaa Oromoon akka hiixatee abjuukeessan kana hin milkeessineef salphina nutti fiduuf nu goolu kanatti furmaati maaf dhibee	positive
or_test_01287	Dhaabbata Biyyoota Gamtoomaniitti Komishiniin dhimma baqattootaa UNHCR jijjiiramni qilleensaa fi waraanni biyyoota Afrikaa namoota hedduu akka baqatan taasise jedhe URL	positive
or_test_01288	Nageenyi daandii guddinaa fi badhaadhina hawaasaaf fiduuf itti fudhannudha Nagaa fi waldandauu yoo hin qabaanne jabina siyaasaa tasgabbii dinagdee fi guddina aadaa galmaan gahuun hin dandaamu URL	negative
or_test_01289	Nageenyi daandii guddinaa fi badhaadhina hawaasaaf fiduuf itti fudhannudha Nagaa fi waldandauu yoo hin qabaanne jabina siyaasaa tasgabbii dinagdee fi guddina aadaa galmaan gahuun hin dandaamu URL	positive
or_test_01290	weraratu xophiya 2 Cibraa Odaa adoollattibharka Kennataan qawwee fi hidhannoo waliinGuyyaa haraa aanaa  ganda  daarreessuun meeshaalee hedduu bojiuun hedduu duaaf madoon adabeera URL	positive
or_test_01291	NAGEENYABuuura waa hundaati Qabeenya hundaa oliitiIfa xiqqaa guddaatiKan hiyyeessaa fi dureessaatiKANAAF HUNDUU HAA TIKFANNUBAKKA NAGAA OOLAA URL	positive
or_test_01292	Barachuu fedhan barachuu qaban garuu humni hinjiru Humna qabnuun haabarsiifnuu Namni tokko barataa tokkoof URL	negative
or_test_01293	Oomishni qamadii sadarkaa gaarii irra jira Kanaafuu deeggarsa alaa eeggachuu fi nutiyyu alergii cimsuuf mia alaa gara biyya keessaa galuuf gatii ni tasgabeessa	neutral
or_test_01294	Mootummoota Abisinya fi warreen humna Amiroota Adal wajjiin iddoo kanatti yeroo hedduu walwaraanani jiranKeessatu iddoo sadeettan tulluu waaqaa Keesaa Lola tulluu cuqqaalaa Qabachuuf Waraani Abissiniya kan Atse gelawdiosin hoganamufi HUMNA Amir nuur jiddutti	positive
or_test_01295	Deebiin isaa dantaa loowan isii jacha yoonIssini jae hin ajaibduuKana jachuun lafa bishani barbaadaKeessatu haro Albuuda boojii qabdu loon isara Nadha baasuuf Haro gaanfa Africa keessati argamtuHedduu isii yeroo San dhunfate turte	negative
or_test_01296	Hedduu namatti tola  Jajjabaadhaa Ispoortiin faayaadhaispoortiin misoomaispoortiin fayyaadhaispoortiin nageenyaispoortiinjaalala	neutral
or_test_01297	Humni shororkeessaan FANO ajjeechaa Oromoo irradeddeebiee waan mieeffateef duguuggaan sanyii Oromoo Agamsarratti tae Oromiyaa mara keessatti babalachuuf deema Yaa Oromoo tokkummaan kai Waliif birmadhu Oromiyaa guutuu keessatti lammii kee tiksi OromoVoice OLA	negative
or_test_01298	Cibiraa Odaa Adoolaa injifannoo Galmeesse URL	positive
or_test_01299	Ilman Oromoo Miseensoota Poolisii Humna Addaa moonaa diina ganun Godina Gujii Baha Aanaa Waadaaratti Gooticha Waraana Bilisummaa Oromootti harka kennataniidha URL	negative
or_test_01300	Deeggarsa hawaasni keenya kan biyya Australia Magaalaa Melborn fi Perth jiraatan hawaasa keenya kan balaa hongeetin GHarargee keessati miidhama jiraniif taasisan waan guddaadha Hedduu Galatooma URL	negative
or_test_01301	ODUU Hatattama WBOn konkolaata oralii 3 barbadeessu fi waraana hedduu b URL via	neutral
or_test_01302	Wollagaa Horroo Guduruu Magaala Agamsaatti Oromoo 100 ol worri ajjeese Faannoon Amaara quphatootuma Wollagga keessa turaniif ka Amaararaa dhufan tauun ifa taera Uummanni Oromoo ibda bobaa jalati qabate deemaara jechoo Worra kana Oromiyaa keessaa buqqisutu fala Itti yaada	positive
or_test_01303	Breaking    Magaalaan Addigrat Guutumaan guututti toannoo humna Qindaaa Waraanaa Itiyoophiyaa Jala Ooltee jirti      Itt Muddi  URL	neutral
or_test_01304	Arfase Gammada hedduu si dinqisifadha hojiin ati hojjattu hundi isaa bayye nama bonsa jabaadhu Haadha OROMOO	positive
or_test_01305	Guyyaan Nageenyaa Magaalaa Hawaasatti sirnoota gara garaan kabajamePirezidantiin Mootummaa Naannoo Sidamaa obbo Dastaa Ledamoo gatin nageenyaa lubbuu  Godina Arsii Lixaa obbo Ahmad Hajjii Saganta kabaja guyya nageenyaa kana irratti argamuudhaan yaada kennaniin yadaa kenaniru URL	positive
or_test_01306	Gootota Humna addaa Oromiyaa Godina Shawaa Bahaatti Hojii Nageenyaa eegsisaa jiran URL	neutral
or_test_01307	Haacaaluu Hundeessaagoota amboo keessaa Waaeen kee galgalaafganama yoom nu dhiisaaLeenca Onneen gaaraa Onnataa dhiiraaSeenaan kee yeroo hunda Onnee keenya keessa turaaAyiiAti duutullee Seenaa Tuullattee jirtaaSeenaa keetiin yeroo Mara yaadatamtaaAkkami wal URL	positive
or_test_01308	Galaaf hidhannoo baatteeLukaan deemta Amna dheeraaGaraadhaa hin qabdu nyaatteeDheebuudhaan dararamtaDukkana keessa teesseIfa of duratti agarta URL	positive
or_test_01309	Yaa oromo tiyya waan godhuu qabnu  walii galtee jabaa qabaachuu	neutral
or_test_01310	Kabajaa fi jaalala abbaa gadaatiin itoophiyaa olqabde nuboonsite ulfaadhu haadha biyyaa	neutral
or_test_01311	Oduu AmmaaONMABO  Fulbaana  92022 Irree fi gaachanni uummata  Oromoo  ganama haraa godina Bunnoo Beddellee  ona Dephoo magaalaa Tuulamaa keessaa fi godina baha Wallaggaa ona Ukkee keessatti  diina adabaa jiraGuutuu gabaasa kanaa odeeffannoo guutuun walitti deebinaIUOf	neutral
or_test_01312	Godinni Arsii Lixaa Deeggarsa Raayyaa Ittisa biyyaaf korma374 taasiseRIBGodina Arsii lixaatti Deeggarsa Raayyaa Ittisa biyyaa RIB kormaafkormatumala jechuudhaan korma374 Qarshii 28050000tti tilmaamu taasise URL URL	negative
or_test_01313	Inglifa irra gara afaan amarignatti hiikani	neutral
or_test_01314	Guyya802Ani Oromoof Qaalii dhaSeenaa Rirmi Hin NyaatuNafxanyaan Kalleessas Haraas Boruus Diinaa KeenyaIfa nu baasuuf jecha kan taatan aarsaa nurraa GALATOOMAAAtumtii Galatoomi Hacee kooJusticeForHacaaluuHundeessaOROMIYAANBIYYA URL	neutral
or_test_01315	Dhugaan ibsaa jireenya nama tti dhugaf jiraanee  dhugaaf duunaa jennee manaa baanee dhugaa barbachaa bosona keessa jooraa  URL	negative
or_test_01316	Intala bareedduu tajaajila akkamii naaf kennuu dandeessu	positive
or_test_01317	09092022Waraanni Biltsiginnaa  konkolaataa guddaa Tasaabiin tokko karaa kumsaa amma saaa 530 irratti gara giddatti gadi baatee jirti Qerroon tsigeeHaroo folaa fi saasiggaa of eggannoo godhaa wbo eeruu kennaa	neutral
or_test_01318	Wonta hedduu babalessani yeroo sanitti wonti akkanaa ni dhufa jedhani hin yanee turre garu gocha tokkoo hardhara tate yommuu gootu mira qofaan murteessu osoo hin tanee fulduraale tilmaamuun barbachisaadha	neutral
or_test_01319	Oduu AmmaaONMABO  Fulbaana  92022 Irree fi gaachanni uummata  Oromoo  ganama haraa godina Bunnoo Beddellee  ona Dephoo magaalaa Tuulamaa keessaa fi godina baha Wallaggaa ona Ukkee keessatti  diina adabaa jiraGuutuu gabaasa kanaa odeeffannoo guutuun walitti deebinaIUOf	negative
or_test_01320	lixa oromiyaa bakkoota gara garaatti irree fi gaachanni ummata oromoo mandhee diinaa diigaa ooleerabuunnoo baddalleen harka WBO jira yaroo ammaa jajjabee duratti   URL	neutral
or_test_01321	Poolisootni humna addaa Oromiyaa 2  sirna bilxiginnaa ganuun godina Gujii bahaa keessatti WBOtti harka kennatan    URL	neutral
or_test_01322	Yooyyaa Yooyyaa Yooyyaa Turti yeroo dheera booda walitti deebinee jirraa rakkoo connectionnetwork rakkoo hedduu keessa dabarree as deebineeran hiriyoota koo  URL	neutral
or_test_01323	Injifannoo birgeedichaaMagaalan ukkee dhuunfatameera OromosStandWithOLA URL	neutral
or_test_01324	Oduu Ammaa Irree fi gaachanni uummata  Oromoo  ganama haraa godina Bunnoo Beddellee  ona Dephoo magaalaa Tuulamaa keessaa fi godina baha Wallaggaa ona Ukkee keessatti  diina adabaa jiraGuutuu gabaasa kanaa odeeffannoo guutuun walitti deebinaInjifannoon Uummata Oromoof URL	neutral
or_test_01325	Oduu Ammee Irree fi gaachanni uummata  Oromoo  ganama haraa godina Bunnoo Beddellee  ona Dephoo magaalaa Tuulamaa keessaa fi godina baha Wallaggaa ona Ukkee keessatti  diina adabaa jiraGuutuu gabaasa kanaa odeeffannoo guutuun walitti deebinaInjifannoon Uummata Oromoof URL	negative
or_test_01326	Oduu AmmaaONMABO  Fulbaana  92022 Irree fi gaachanni uummata  Oromoo  ganama haraa godina Bunnoo Beddellee  ona Dephoo magaalaa Tuulamaa keessaa fi godina baha Wallaggaa ona Ukkee keessatti  diina adabaa jiraGuutuu gabaasa kanaa odeeffannoo guutuun walitti deebina URL	neutral
or_test_01327	Aanaa Guutoo Giddaa magaalaa Ukkeerraa hafuurri hamaan humna Haqaatiin rukkutameeraQuba walqabaadhaa OromosStandWithOLA OromoVoice OromosStandWithOLAkophee1wbo1f oneshoes4onewbo aniswbodha URL	neutral
or_test_01328	3 yoo itti rukkutte rasaasaan si rukkutuu dandaa kana dandamachuun gaee dhaloota kanaati kana taasisuuf ammoo WBOnis tae hoggansi sagantaa fi karoora qabaachuu qaba hamma ijolleen WBO ofiin jedhan Oromoo qabsaaniif ajjeessaa eenyuun bilisoomsuuf yaadu	neutral
or_test_01329	Oduu Ammaa Irree fi gaachanni uummata  Oromoo  ganama haraa godina Bunnoo Beddellee  ona Dephoo magaalaa Tuulamaa keessaa fi godina baha Wallaggaa ona Ukkee keessatti  diina adabaa jiraGuutuu gabaasa kanaa odeeffannoo guutuun walitti deebinaInjifannoon Uummata Oromoof	neutral
or_test_01330	Alaabaan kooGammachiftu qalbiiHaalala offiti nama harkiftimallatoo bilisummaa Oromootifaajjii falmatoota ABO jalqabaati kaayyoo jaallan qabsoo gamanati URL	neutral
or_test_01331	Oduu Ammee Irree fi gaachanni uummata  Oromoo  ganama haraa godina Bunnoo Beddellee  ona Dephoo magaalaa Tuulamaa keessaa fi godina baha Wallaggaa ona Ukkee keessatti  diina adabaa jiraGuutuu gabaasa kanaa odeeffannoo guutuun walitti deebinaInjifannoon Uummata Oromoof	neutral
or_test_01332	Abbaan Biyyaa lolaa jiradhiinarraa kaasuun dhukkeeYoo feete WBO ilaaliDeemuun magaalaa ukkeeDadhabe utuu hin jedhinWareegama itti baaseeFaajjii Abbaa irree buuseeFaajjii Oromoo ol kaaseeBilisa baasaa jiraAanaa hanga magaalaaWBO jabeessuun ammaCimnee isa durii caalaa URL	negative
or_test_01333	Ilmi nama addunyaa tana keessatti akka nama imala karaa irra deemu tokkoo qofa	positive
or_test_01334	Juntaan irree RIB tiinKan duydaa cite yoo tahuShaneen baaraga kanaanMuddamtee walnyachaa jirti	neutral
or_test_01335	Goota hanga jedhu gahuufi sodaa diinaaf jecha kan Kaayyoo isaarraa hin maqneKol Gammachuu Ayyaana URL	neutral
or_test_01336	Oduu AmmaaONMABO  Fulbaana  92022 Irree fi gaachanni uummata  Oromoo  ganama haraa godina Bunnoo Beddellee  ona Dephoo magaalaa Tuulamaa keessaa fi godina baha Wallaggaa ona Ukkee keessatti  diina adabaa jiraGuutuu gabaasa kanaa odeeffannoo guutuun walitti deebinaI U Of URL	negative
or_test_01337	Giiftiin biyyaa Briteen Elizaabet II Kamisa kaleessaa duaan boqataniiru Bara jireenya isaanitti biyyoota Afrikaa yeroo daawwatan suuraawwan kaan keessaa ammi tokko kinoo QueenElizabethURL	positive
or_test_01338	OBN Fedhii biyya diiguu fi jeequu diinota keenyaa qabsoo qindaaeen fashaleessuun Itiyoophiyaan karoora misoomaa abdii taan dhugoomsuuf hojjechaa jirti jedhan Itaamaajoor Shuumiin Waliigalaa Raayyaa Ittisa Biyyaa Fiildi Maarshaal Birhaanuu Juulaan URL	negative
or_test_01339	Imala kaayyoo gaarrii fedheeyyuu hin ittisuittii fufa    URL	negative
or_test_01340	Abiyyi fi Ajajaa Humna qillensa ItoophiyaaBJeneral YilmaaMardaasaa jidduu Atakaroo cimaatu jira jedha Odeessi keessoo badhoo	neutral
or_test_01341	Dhumaatiin Agamsa Amuruutti tae mootummaa nama nyaataa Abiy Ahmed Shimelis Abdiisa fi fiinxaaleyyii Amaaratiin kan qindaaye tauun ifa galaadha Oromoon marti tooftaa diinaa kanarratti dammaquudhaan sagalee tokkoon diina dura dhaabbachuu qaba IUOF OromoVoice OLA	neutral
or_test_01342	INJIFANNOO WBO Oduu Hatattamaa Amma nu gahe Guyyaa Haraa URL via	negative
or_test_01343	Injifannoo WBOntiifi Dhaamsa Jaal Sanyiin Eebba Q subscribii goochuun jabeesaa URL via	positive
or_test_01344	ONMABO Fulbaana 82022 Irree fi gaachanni uummata Oromoo  WBOn gabrummaa uummata Oromoo irra bubbule xumura itti gochuuf tarkaanfii humna cunqursaa irratti fudhatu jabeessuun duaa fi madoon adabee jira	neutral
or_test_01345	Yoo jabaatte ormillee jabina kee gabaasa URL	negative
or_test_01346	GootittiiKeenyaEthiopia Miseensa Humna Qilleensa Itoophiyaa kan taate Kaappiteen Asteer Tolosaa jedhamti Kaappiteen Asteer Tolosaa Jeettii ZU27 jedhamuun beekamu balaliistii Long liveNICE URL	negative
or_test_01347	Dhumaatiin Agamsa Amuruutti tae mootummaa nama nyaataa Abiy Ahmed Shimelis Abdiisa fi fiinxaaleyyii Amaaratiin kan qindaaye tauun ifa galaadha Oromoon marti tooftaa diinaa kanarratti dammaquudhaan sagalee tokkoon diina dura dhaabbachuu qaba IUOF OromoVoice OLA	negative
or_test_01348	Dhumaatiin Agamsa Amuruutti tae mootummaa nama nyaataa Abiy Ahmed Shimelis Abdiisa fi fiinxaaleyyii Amaaratiin kan qindaaye tauun ifa galaadha Oromoon marti tooftaa diinaa kanarratti dammaquudhaan sagalee tokkoon diina dura dhaabbachuu qaba IUOF OromoVoice OLA	neutral
or_test_01349	Humni shororkeessaan FANO ajjeechaa Oromoo irradeddeebiee waan mieeffateef duguuggaan sanyii Oromoo Agamsarratti tae Oromiyaa mara keessatti babalachuuf deema Yaa Oromoo tokkummaan kai Waliif birmadhu Oromiyaa guutuu keessatti lammii kee tiksi OromoVoice OLA	positive
or_test_01350	Furmaanni gabruummaa waggaa 150 nurratti feamee tokuummaan WBO jabeessuu WBO miliyoonan ijaaruu fi hidhachiisuun Oromiyaa handhuurashii Finfiinnee faana bilisoomsuun abbaa biyyummaa saba Oromoo Oromiyaarratti mirkaneesuudha Oromoo kai Qabsaawi WBO cimsi OromoVoice OLA	negative
or_test_01351	Qaammeen 5 TokkummaaMaddi jabina keenyaa tokkummaa keenya URL	positive
or_test_01352	Guyya803Ani Oromoof Qaalii dhaSeenaa Rirmi Hin NyaatuNafxanyaan Kalleessas Haraas Boruus Diinaa KeenyaIfa nu baasuuf jecha kan taatan aarsaa nurraa GALATOOMAAAtumtii Galatoomi Hacee kooJusticeForHacaaluuHundeessaOROMIYAANBIYYA URL	neutral
or_test_01353	Dhugaadha jaalle Jabaadhu leenca Oromoo	negative
or_test_01354	Tokkummaan Humna jabaa Aggaammii diinaa keessaafi alaan qolachuuf gargaarudhaTokkummaan humna waloo injiifannoof nama qopheessudha Tokkummaa haa qabaannu URL	positive
or_test_01355	Arsii Baha ona Zuwaay  Dugdaa magaalaa Caffee Jilaa gootichi Waraana Bilisummaa Oromoo  toateIrree fi gaachanni uummata Oromoo WBOn tarkaanfii Oromiyaa mara keessatti waraana bilxiginnaa irratti fudhatu jabeessee itti fufee jirajajjabee duratti	positive
or_test_01356	Qaammeen 5 TokkummaaMaddi jabina keenyaa tokkummaa keenya URL	negative
or_test_01357	Qaammeen 5 TokkummaaMaddi jabina keenyaa tokkummaa keenya Birmadummaa biyyaa eegudhaaf tokkummaan saboota  sablammootaafi ummattoota Itoophiyaa shoora bakka buummaa hin qabne taphateera Ammas biyyi teenya qormaatilee hedduu ceuun tokkummaa ishee eeguudhaan imalaa jirti URL	negative
or_test_01358	Qaammee 5 guyyaa TokkummaaTokkummaan humna Tokkummaan jaalala Tokkoomuun injifachuudha walqoqooduu fi faffacauun injifatamuudha Salphacuudha Xiqqaachuudha Diiggamuudha Kanaaf tokko taanee tabba jaalalaa ardaa badhaadhinaatti haa ceenuu	negative
or_test_01359	Qaammee 5 guyyaa TokkummaaTokkummaan humna Tokkummaan jaalala Tokkoomuun injifachuudha wolqaooduu fi faffacauun injifatamuudha Salphacuudha Xiqqaachuudha Diiggamuudha Kanaaf tokko taanee tabba jaalalaa ardaa badhaadhinaatti haa ceenuu URL	positive
or_test_01360	Qaammee 5 guyyaa TokkummaaTokkummaan humna Tokkummaan jaalala Tokkoomuun injifachuudha wolqaooduu fi faffacauun injifatamuudha Salphacuudha Xiqqaachuudha Diiggamuudha Kanaaf tokko taanee tabba jaalalaa ardaa badhaadhinaatti haa ceenuu URL	neutral
or_test_01361	Qaammeen 5 TokkummaaMaddi jabina keenyaa tokkummaa keenya URL	positive
or_test_01362	Gootummaa fi Injifannoo WBO afaan Diinaarraa dhagaaa  URL	neutral
or_test_01363	Bagaa walumaan geenye warra baraa hedduu nu haa godhuu barrii kan  ciminaamilkaaina fi badhaadhina  hundaa ittiin fiixan baanuu nu haa tahuu	positive
or_test_01364	Dachee teenya magariisa laliftuu tana irra teenye Biyya ormaa hin kajeellu	neutral
or_test_01365	Dhugaadha tokkummaan humna Waliin WALIIF	positive
or_test_01366	Daldaltootni naannoo kenya komii dhiyeeffacha jiru mallaqaa rayyaa ittisa biyyatif jedhani hanguma ofii barbaadan nurrati qabaatu yeroo hunda nuti deddeebiuun nu rakkisu komii kenya mootummaan nu dhagauu qaba nuti humna qabnuu kan jedhudha mootummaan dhagauu qabaa	neutral
or_test_01367	Baga bara haaraa geessanbara haaraa kanati biyyaa keenyaf tasgabbii jiruu keenyaf qananii siyaasaa keenyaaf injifannoo Oromummaaf walqixxummaan hawwii kiyyaa URL	negative
or_test_01368	Iddoo jirrutti cimnee tajaajila Kennuu qabna	positive
or_test_01369	Qaammee 5 guyyaa TokkummaaTokkummaan humna Tokkummaan jaalala Tokkoomuun injifachuudha walqoqooduu fi faffacauun injifatamuudha Salphacuudha Xiqqaachuudha Diiggamuudha Kanaaf tokko taanee tabba jaalalaa ardaa badhaadhinaatti haa ceenuu URL	positive
or_test_01370	Qaammeen 5 GuyyaaTokkummaaMaddi jabina keenyaa tokkummaa keenya URL	neutral
or_test_01371	Qaammeen 5 GuyyaaTokkummaaDuukam Qaammee 052014Maddi jabina keenyaa tokkummaa keenya URL	negative
or_test_01372	kunuunsa isaa dawwateeraAkkasumas Aanaa Wondo Ganda Maddootti biqiltuu Bara kana Ashaaraa Magariisan dhabbatee ilaaleera	neutral
or_test_01373	09092022Waraanni Biltsiginnaa  konkolaataa guddaa Tasaabiin tokko karaa kumsaa amma saaa 530 irratti gara giddatti gadi baatee jirti Qerroon tsigeeHaroo folaa fi saasiggaa of eggannoo godhaa wbo eeruu kennaaw	neutral
or_test_01374	Isiin warri maatii keessan wajjin jirtaan kabaja kaa	negative
or_test_01375	Jaalala dhugaa Sabaa qofaa gubate Haccee yaa sanyii taateeTokkicha si facaaftee kumaatamaan biqilteeSeenaa dhugaa himteeOfti hortee diinaa kuma X3Kayyoon kan keeYoom dhumaa Kaeen seenaa kee himaa x2Seenaan dhoqqootee Hin haafuu nutu qootteeBaasaa boolla x4 URL	neutral
or_test_01376	Watch ODUU Hatattama WBO fi TPLF Lola Ittii fufanii jiru injifannoo wbo on YouTube URL Oduu ciciimtuu wayee moannaa WBO Mirgaan galaa	positive
or_test_01377	Namootni hedduu lafuma kaate namaa tokkoo tokkoo waan jibbitu itti isaan waan hin argineef garu jechoonni namootni suniin darbatan kan si cabsuu fi akka ati lafa hin kanne kan si godhanitu jirra akkuma san gochallen	negative
or_test_01378	HeppyNewyear Bara haaraya 2015 bara bilisummaa Bara injifannoo waahundaanuu itti gonfannu rabbiin haagodhu Bara tokkumaan oromoo itti daraare firii isaa garru nuuf haagodhu URL	neutral
or_test_01379	Hin wixirfatiin sichi namni habaqqee akka keessanii dhagahu hin jiru iyyi keessan gurra irra nu hin yaau	negative
or_test_01380	Dhamsaa Hatataama Injifannoo Waraanaa Bilisumaa Oromoo Imalaa Garaa Finf URL via	neutral
or_test_01381	Godina Booranaa onoota hedduu keessatti uummata hongeen miidhame deggersa raayyaa Ittisa Impaayeraa Itoophiyaa taasisaa jechuun dirqisiisaa jiraachuun barame  Qeerroo Bilisummaa Oromoo URL	neutral
or_test_01382	Biyyi Humna badiin diigamu hin jiruBiyya ofii eeggachuuf halkanii guyyaa hojjetama jira URL	negative
or_test_01383	Miidhama Oromoo irra gahaa jiru Saamamuu duuu Fi qeee isaa irraa buqqauu Ijoolleen Oromoo Abbaaf haadha malee hafaa jirti kana ka birmaddummaa isin nuuf fiddan	negative
or_test_01384	Ummata nyaatee hn quufnetti waaee quufaf badhaadhina oddeessun kun gaarii miti garuu ummata keenya godinaalee hedduu keessa beelaaf dheebuun dararamaa jiraaniif yoo geenyeef hojiin keenya hedduu dansaadha osoo kun kanaan jiruu lafa abbaa qabeenya irratti kan oomishame agarsisun	negative
or_test_01385	Qaammee 5 guyyaa TokkummaaTokkummaan humna Tokkummaan jaalala Tokkoomuun injifachuudha wolqaooduu fi faffacauun injifatamuudha Salphacuudha Xiqqaachuudha Diiggamuudha Kanaaf tokko taanee tabba jaalalaa ardaa badhaadhinaatti haa ceenuu URL	negative
or_test_01386	Asi irra afaan bana ola yaa bada harroota gandaaf qabsoofitu faradoo woyyaannee	neutral
or_test_01387	yaada Sirritti Tokkummaan Humna  Humna Yoo Walii Taane Tabbii Nuti Hin Ceenu Hin Jiru Kanaaf Sabaaf Sablammiin Bakka Kamiyyuu Damqnee Diinaa Keenya Mataa Gad Qabachiisuu Qabna  Wayyaneen TPLF Diinaa Biyya Kanaati	neutral
or_test_01388	Oduu Fulbaana 102022 WBOn Bunnoo Baddellee bakka hedduu dhunfachuufi  URL via	neutral
or_test_01389	Oduu Fulbaana 92022 Injifannoo WBOntiifi Dhaamsa Jaal Sanyiin Eebba Q URL via	negative
or_test_01390	Ijoolleen Qaxaleewwan kuun biyaa waraan golgooloofttee Yemaan keessa taaanii Diyaaspooraa Oromoo Aurooppaa fi Ameerikaa harka dachaan caalanii WBO gargaaruun saanii ajaiibaWarra kaayyoo galatii keessan guddaa URL	neutral
or_test_01391	WBO  jaabadhu Oromo kai loli Xoobiya gmabiromifatu baaleyisi Dhamsaa Hatataama Injifannoo Waraanaa Bilisumaa Oromoo Imalaa Garaa Finf URL via	negative
or_test_01392	Rakkoon Madda Furmaatati kanaf kaayyoo keenya irraati wareegamnaaJecha	neutral
or_test_01393	Qaammee 5 guyyaa TokkummaaTokkummaan humna Tokkummaan jaalala Tokkoomuun injifachuudha wolqaooduu fi faffacauun injifatamuudha Salphacuudha Xiqqaachuudha Diiggamuudha Kanaaf tokko taanee tabba jaalalaa ardaa badhaadhinaatti haa ceenuu	positive
or_test_01394	Waan sammuu keenya amansiifne jiraanna Hindandau jenne taanaan sammuun keenya nandandaa yaada jedhu hin yaadatu Kanaafuu NANDANDAA jennee sammuu keenya amansiisuu qabna           WAATAAHUMNA MULATAA	neutral
or_test_01395	Baga Bara 2015 geettan Barrii haaranKan NagaaKan Jaalala Kan GammachuuKan Milkii fiKan Badhaadhina isanii haa tauAyyaana Gaarii  URL	neutral
or_test_01396	Oromoo galaanaa irra dhangalanaa wbo URL	positive
or_test_01397	7 Nagaan Waaqayyoo inni hubannaa namaa hundumaa irra caalus karaa Kristos Yesus garaa keessanii fi yaada keessan in eega	negative
or_test_01398	Kennaa Aanaan Shaashamannee Gooticha RIB tiif gumaache	neutral
or_test_01399	Kaayyoo Fiinxaaleyyii Amaaraa Wallaga lafa Amaaraati Wallo lafa Amaaraati Shawaan lafa Amaaraati Oromoon biyya hin qabu Oromiyaa fi oromummaa wanti jedhamu hin jiru Baduu qabu kan jedhudha Kaayyoo kana fiixa baasuuf bakka hundatti Oromoo lafarraa fixaa jiru Oromoo Ka	negative
or_test_01400	Maatii wareegdmtootaaf kennaa ayyaana bara haaraa taasifneerra URL	negative
or_test_01401	Dilbata InjifannooZoonii Kibbaatti Cibraan Mata Gafarsaa Godina Boorana Aanaa Areeroo ganda Halluu keessaa Weeraruu guutummaatti dhabama tolchuun dhuunfate jiraMeeshaalee Waraana garagaraas dhuunfachuun moonaa qabsoo Bilisummaa Oromoof oolcheera	negative
or_test_01402	Guyya804Ani Oromoof Qaalii dhaSeenaa Rirmi Hin NyaatuNafxanyaan Kalleessas Haraas Boruus Diinaa KeenyaIfa nu baasuuf jecha kan taatan aarsaa nurraa GALATOOMAAAtumtii Galatoomi Hacee kooJusticeForHacaaluuHundeessaOROMIYAANBIYYA URL	negative
or_test_01403	Tokkummaan humna Tokkummaan jaalala Tokkoomuun injifachuudha wolqaooduu fi faffacauun injifatamuudha Salphacuudha Xiqqaachuudha Diiggamuudha Kanaaf tokko taanee tabba jaalalaa ardaa badhaadhinaatti haa ceenuu	neutral
or_test_01404	Ilmaan Oromoo humna tikaa humna qilleensaa humna poolisii humna waraanaa kan fakkaatu keessa jirtan hundi dhaabbadhaa yaadaa Waan gochaa jirtan xiinxalaa Qawwee keessan sirna Oromoo ajjeesutti naannessaa WBOtti makamaa WBO cimsa	neutral
or_test_01405	Listening to Danbalii Qabsoo Garbii Bultoo Falma Gabruma Kaayyoo Gammachuu Qamar usmaan and Seenessaa Burqaa URL	positive
or_test_01406	Tokkummaan humna Faffacauun of salphisuudha	neutral
or_test_01407	Baga dukkana gannaa irraa ifa birraatti baane Birraa oofkaltii fi milkii hunda keenyaaf yaa tahu	neutral
or_test_01408	Filp4 67  Waan hundumaattikadhataa fi himataan galataa wajjin wanti isnbarbaachisuWaaqayyoduratti akka beekamu godhaa maleewaanumatokkotti yaaddoo hinqabaatinaaNagaanWaaqayyoo inni hubannaa namaa hundumaa irra caaluskaraaKristos Yesusgaraa keessanii fiyaadakeessanineega	neutral
or_test_01409	OfEeggannooMagaaloota Gaachanni Oromoo toataa jiru keessatti Uummanni keenya  Leencota keenya sodaattanii akka hin rifanne isin hubachiisaa Suurraa gootummaatu irraa balaqqeessaa malee Waraanni keenya kabaja inni lubbuu namaaf qabu isin iyyuu ni beektu URL	positive
or_test_01410	DubbiiIjooTibbanaaPirezedaantiin Kooriyaa Kaabaa KimJong Un tibbana dubbii ijoo jala sararanii dubbataniin akkas Jedhan Nageenyi kan dhufuu dandau tolaan osoo hin taane humnaan tauu isaattin amana JedhanPirezedaantichi Akkuma jedhan Biyyi isaanii kabaja qabdi URL	neutral
or_test_01411	Baga bara 2015 nagaan dhaqabdani uummati Xoophiyaa cufti Barichi bara eebba jaalala milkaaina fi tokkumma isiniif ha tau URL	positive
or_test_01412	Injifannoo Magaalaan Abargallee guutummaatti toannoo Gooticha Raayyaa ittisaa jala galtee jirti	neutral
or_test_01413	Kormaaf korma kennuun waan  gaariidhaDhiigaas RIB keenyaaf ni kennina URL	neutral
or_test_01414	Warra Dur Durii Osoo hin taane Kaayyoo Qulqulluu Durii irra Deemuutu Oromoo Bilisoomsee Oromiyaa Walaboomsa Konkolaachisaan Qabsoo Harka ABOWBO jira	neutral
or_test_01415	WBO wabii Sabaa Irra marsii gogombisiUleen mukaa botoroodhaAbbaan biyyaa Oromoodha URL	negative
or_test_01416	Namni abboommii Yesuus hubatee Abbaa Keenya isa erge keessa jiraatu jireenya bara baraa qaba gara firdii hin dhufu garuu dua keessaa gara jireenyaatti darbeera iccitii fi humni mootummaa Waaqayyoos ni kennamaaf	neutral
or_test_01417	Fano AmharaterroristerHumni fano Ahamara humna weerartuu fi humna saamicha qabeenya lafaa  fi  ajjeechaa lubbuu qulqulloota irratti raawwataa jiruudha Qeee qulqulloota ibiddaan yaroo daaraa godhu  ilaalaFano Ahamara is terroriste URL	neutral
or_test_01418	Ummani hin dubisinne bilisoomu hindandau Duroomus hin dandauakka alaga tti duroomuu ni dandesuuwaaqayyo irriba kana irra isin hakaasu URL	negative
or_test_01419	Innaaliillahi waiinnaa ileeyhii raajiuun Baayyee nama gaddisiisa onnee fi qalbii nu cabee Obboleettii teenya Rabbiin Caffee jannata keessa haa qubsiisuu Maatiifi firoottan Oromoota isii beektan hunda Rabbiin sabriifi jajjabinaa fi Obsaa  issiinifi haa kennuu URL	positive
or_test_01420	Guyya805Ani Oromoof Qaalii dhaSeenaa Rirmi Hin NyaatuNafxanyaan Kalleessas Haraas Boruus Diinaa KeenyaIfa nu baasuuf jecha kan taatan aarsaa nurraa GALATOOMAAAtumtii Galatoomi Hacee kooJusticeForHacaaluuHundeessaOROMIYAANBIYYA URL	neutral
or_test_01421	Team Waldaa Araara Waaqayyoo Addunyaa Waaqayyoo isin haa eebbisu Isin warra Waaqayyoo saba isaa akka gargaaraniif bara kana keessatti dibee kaaseedhaHedduu carroomtani Baga Waaqayyoo isin gargaare URL	neutral
or_test_01422	William Ruto filamuun karoora Ameerkaa fi Europe harkatti fashalse hanga isa dubbisanii karaa ifiin fedhanitti deebifataniitti bifa araaraatiin yeroo bitachuu deemaan mootummaan Ethiopia harka tokkoon araaraa haasawaa harka tokkoon dafee jara balleeysuudha Galatoomaa Ambassador	negative
or_test_01423	Barattii Bara yartuuNurra darbe martuuBarri moofaan lufeeBarri haaraan dhufeBarri moofan suniJabaa akka dhagaaBarri haaraan kuniHaa tahu kan Nagaa Yosan Getahun Likisa	neutral
or_test_01424	Qeesonni Amantii Orthodox shororkaa uummata Oromoo irratti tauf leenjii waraanaa bakka taabotni bu jedhanitti kennaa jiruYaa sabaa wantota taa jiran hubadhaa URL	neutral
or_test_01425	Jireenya atii jiraata jirtuun salfachuu qaban ani wonti ittiin salfadhu hin jirru garu worri kijibaa baatan akki an itti jirru surawan kiyyaa ni dubbatu uffata kiyyaa hin laalina wonta dubba jirru laalaa	neutral
or_test_01426	Jaalala akkanaa isiniif haa kennuSweet love URL	neutral
or_test_01427	Diinni saaatii analoogii irra kaaeera Odeeffannoo babalisaa	negative
or_test_01428	Alhamdulillaahi Galata Isaati Karabbiin Jaarasa Khana kha Nurraa Naqe Hidhaa Hubadhu Jaarsi Khun Oromoo muslimaa FI Khaan Waliin Dhawuun Ummata Islaamaa Irraa Masjiida Meeqa Jiysisee Ummata Hedduu Khafarsiiseera Oromoo hundaauu ilmaan adamii mitii ilmaana ibilis jadhe Oromo	neutral
or_test_01429	InjifannooBulchaan A Qarsaa Maallimaa Matii Isa Waliin Magaala Leemman GadhiseeraOROMIYAAN BIYYA	neutral
or_test_01430	Haasaafi gorsa jabaa qaxaleen Oromoo Jl Boruu Haroo Limmuu irratti  uummata naannicha waliin tolche dhaggeeffadhaaOromoLiberationArmy oromosstandwithola OromoVoice URL	neutral
or_test_01431	Nageenya biyyaa itti fufiinsaan mirkaneessuuf jecha humni karaa seeraan alaatiin hidhate hidhannoo hiikkachuun dirqama TPLF kana booda humna waraanaa gurmeesse qabatee umurii dheereffachuuf eeyyama argachuu hin qabu	neutral
or_test_01432	Raayyaan Ittisa Biyyaa birmadummaa biyyaa mirkaneessuuf dirqama waan qabuuf mariidhaan duratti naannoo Tigraay toannoo mootummaa feederaalaa jala galchuutu irra jiraata Biyya mootummaa qabdu keessatti mootummaa biraa uumuun heera biyyaa faallessuudha	neutral
or_test_01433	Raayyaan Ittisa Biyyaa birmadummaa biyyaa mirkaneessuuf dirqama waan qabuuf mariidhaan duratti naannoo Tigraay toannoo mootummaa feederaalaa jala galchuutu irra jiraata Biyya mootummaa qabdu keessatti mootummaa biraa uumuun heera biyyaa faallessuudha URL	neutral
or_test_01434	Nageenya biyyaa itti fufiinsaan mirkaneessuuf jecha humni karaa seeraan alaatiin hidhate hidhannoo hiikkachuun dirqama TPLF kana booda humna waraanaa gurmeesse qabatee umurii dheereffachuuf eeyyama argachuu hin qabu Hidhatanii mariin nageenya yaaduun buaa hin qabu URL	negative
or_test_01435	Haattuu fi gantuun irra deddeebiin biyyaa diiguuf karoorfattuu wajjiin dubbiin hin barbaachisu URL	neutral
or_test_01436	Ilmaan Oromoo humna tikaa humna qilleensaa humna poolisii humna waraanaa kan fakkaatu keessa jirtan hundi dhaabbadhaa yaadaa Waan gochaa jirtan xiinxalaa Qawwee keessan sirna Oromoo ajjeesutti naannessaa WBOtti makamaa WBO cimsa OromoVoice OLA	negative
or_test_01437	Jireenya kessatti Milkaaiina oofii uumuu URL	negative
or_test_01438	Dabballeen OPDO fi Baxaaxinaa mareen Djibouti sun kijiba waan jedhu oofaa jiru Redwaan fi Ximootiyoos Djibouti deemanii gudii tahaani galan Baxaaxinni sana dhoksuuf kuftee kahaa jirti TDF gama diplomacy injifannoo jabduu galmeefatee jira	positive
or_test_01439	Lixa shaggar Ona Abunaa Gbaratiif kaahisii keessatti tarkaanfii kaampii diinaa 6 irratti fudhatameen injifannoo cululuqaan argamee jiraAmmaan tana helekoptarri waraanaa 2 kaachisii magaalaa culluxxee qubattee jirti tarii madoof reeffa hogganootaa fuuti shakkii jedhutu jira URL	positive
or_test_01440	what would this place been if it wasnt for you Thank you so much You are the leader of your word Galatoomii Abbaa Nagaa koo Humna qilleenssaa umrii arraagessaa rabbiin siif haa keennuu URL	negative
or_test_01441	Waan gaarii dalaguun haaraa jireenya biyyaa lafatiif kan boru waqayoo biratti kan kafaluu rabbi dha	negative
or_test_01442	Dhumaatiin Agamsa Amuruutti tae mootummaa nama nyaataa Abiy Ahmed Shimelis Abdiisa fi fiinxaaleyyii Amaaratiin kan qindaaye tauun ifa galaadha Oromoon marti tooftaa diinaa kanarratti dammaquudhaan sagalee tokkoon diina  dura dhaabbachuu qaba IUOF OromoVoice OLA	neutral
or_test_01443	GonderGonderIlmi hiyyeessaa barcuma Abbaa Irree tiksuufgaafa wareegama hin malleef kaffalubaayyee nama gaddisiisaBubbeeSalaalee URL	neutral
or_test_01444	Murataa fi kutataa namaa baga bara haaraan si gahe	negative
or_test_01445	Raayyaan Ittisa Biyyaa birmadummaa biyyaa mirkaneessuuf dirqama waan qabuuf mariidhaan duratti naannoo Tigraay toannoo mootummaa feederaalaa jala galchuutu irra jiraata Biyya mootummaa qabdu keessatti mootummaa biraa uumuun heera biyyaa faallessuudha URL	negative
or_test_01446	Warra Koofiyyaa DiimaaNageenyi waaraa kan argamu irree Gootawwan Itoophiyaan  qabduuni dhaJaarsummaa fi Araarri abadan Juuntaa fi Shiftaaf hin barbaachisuHunda isaayyuu Arginneerra Gumaa waliin araaramuun hirmii dhaShoroorkeessituu kamiifuu Diridirii osoo hin taane URL	negative
or_test_01447	Oromoon ummata mootumaa hin qabneef diinaan marsamee jiru waan taeef QAWWEESAA gonkuma obboleessaabbaailmasaaf WBO yoo taeyyuu abbaa fedhetti kennuu hinqabu Warra WBO fakkaatee Faannoof hojjetu quba qabadha Diina fira fakkaatu ofirraa tiksa OromoVoice OromosStandWithOLA	neutral
or_test_01448	Oromoon ummata mootumaa hin qabneef diinaan marsameexaxamee jiru waan taeef QAWWEESAA gonkuma obboleessaabbaailmasaaf WBO yoo taeyyuu abbaa fedhetti kennuu hinqabu Warra WBO fakkaatee Faannoof hojjetu quba qabaadha Diina fira fakkaatu ofirraa tiksaaOromoVoice OLA	neutral
or_test_01449	Kabajamoo wanti Mootummaan goyyoonfamuu hin qabne juntaan kufuuf gaafa gantantaru araara qabata isinuu jetttan humni shororkaan kun waan araaraa dubbachuun dura humna seeraan ala ijaaree gaanfa Afrikaa itti jeeqaa jiru kana waraana lafa keeeyisisee Mootummatti harka kennachudha	neutral
or_test_01450	Waraanni bilisummaa Oromoo WBOn kaayyoo fi akekkaa qabsoo galman gahuuf qabsoo godhaa jiraaWBO FORCE	neutral
or_test_01451	Watch Oduu Fulbaana 132022 Injifannoo WBO guyyaa arratiifi Qoosaa Qondaalonni PP TPLF qoosaa jiran omn on YouTube URL	neutral
or_test_01452	Irreechi Oromoo falaasama galateeffannaa ykn dhugeeffannaa Oromoon addunyaa kana keessatti ittiin humna Waaqaa ibsu jireenya lafa kanaa raaju dhoksaa ykn iccitii jiruufi jireenyaa labata itti aanuuf ittiin ibsudhaIQQO URL	neutral
or_test_01453	WBO yaaddessa Dhiiraakaleessa fi Hari  keenya gonkumaa tokko miti Dammaqinsaanis humna Waraanaatiinis yaaddessaa jirra malee yaaddaaa hin jirruJaal naatoo lammii URL	neutral
or_test_01454	Imala badhaadhinaa milkeessuuf gama hundaan hojjetamaa jiraMootummaan Naannoo Oromiyaa Wabii miidhaan nyaataa mirkaneessuu Oomisha alaa galuu biyya keessatti oomishuun bakka buusuual ergee dabaluufi carraa hojii uumuu milkeessuuf tarkaanfiiwwan hedduu fudhachaa jira URL	negative
or_test_01455	Imala badhaadhinaa milkeessuuf gama hundaan hojjetamaa jiraMootummaan Naannoo Oromiyaa Wabii miidhaan nyaataa mirkaneessuu Oomisha alaa galuu biyya keessatti oomishuun bakka buusuual ergee dabaluufi carraa hojii uumuu milkeessuuf tarkaanfiiwwan hedduu fudhachaa jira URL	negative
or_test_01456	Imala badhaadhinaa milkeessuuf gama hundaan hojjetamaa jiraMootummaan Naannoo Oromiyaa Wabii miidhaan nyaataa mirkaneessuu Oomisha alaa galuu biyya keessatti oomishuun bakka buusuual ergee dabaluufi carraa hojii uumuu milkeessuuf tarkaanfiiwwan hedduu fudhachaa jira URL	neutral
or_test_01457	Dhumaatiin Agamsa Amuruutti tae mootummaa nama nyaataa Abiy Ahmed Shimelis Abdiisa fi fiinxaaleyyii Amaaratiin kan qindaaye tauun ifa galaadha Oromoon marti tooftaa diinaa kanarratti dammaquudhaan sagalee tokkoon diina dura dhaabbachuu qaba IUOF OromoVoice OLA	negative
or_test_01458	Humni shororkeessaan FANO ajjeechaa Oromoo irradeddeebiee waan mieeffateef duguuggaan sanyii Oromoo Agamsarratti tae Oromiyaa mara keessatti babalachuuf deema Yaa Oromoo tokkummaan kai Waliif birmadhu Oromiyaa guutuu keessatti lammii kee tiksi OromoVoice OLA	neutral
or_test_01459	Furmaanni gabruummaa waggaa 150 nurratti feamee tokuummaan WBO jabeessuu WBO miliyoonan ijaaruu fi hidhachiisuun Oromiyaa handhuurashii Finfiinnee faana bilisoomsuun abbaa biyyummaa saba Oromoo Oromiyaarratti mirkaneesuudha Oromoo kai Qabsaawi WBO cimsi OromoVoice OLA	negative
or_test_01460	Oromoon ummata mootumaa hin qabneef diinaan marsameexaxamee jiru waan taeef QAWWEESAA gonkuma obboleessaabbaailmasaaf WBO yoo taeyyuu abbaa fedhetti kennuu hinqabu Warra WBO fakkaatee Faannoof hojjetu quba qabaadha Diina fira fakkaatu ofirraa tiksa OromoVoice OLA	neutral
or_test_01461	Imala badhaadhinaa milkeessuuf gama hundaan hojjetamaa jiraMootummaan Naannoo Oromiyaa Wabii miidhaan nyaataa mirkaneessuu Oomisha alaa galuu biyya keessatti oomishuun bakka buusuual ergee dabaluufi carraa hojii uumuu milkeessuuf tarkaanfiiwwan hedduu fudhachaa jira URL	neutral
or_test_01462	SOBDUU intalaa essa baate Amma hiriiba irra kaate fakaata Debii raffi	positive
or_test_01463	Imala badhaadhinaa milkeessuuf gama hundaan hojjetamaa jiraMootummaan Naannoo Oromiyaa Wabii miidhaan nyaataa mirkaneessuu Oomisha alaa galuu biyya keessatti oomishuun bakka buusuual ergee dabaluufi carraa hojii uumuu milkeessuuf tarkaanfiiwwan hedduu fudhachaa jira URL URL	positive
or_test_01464	Imala badhaadhinaa milkeessuuf gama hundaan hojjetamaa jiraMootummaan Naannoo Oromiyaa Wabii miidhaan nyaataa mirkaneessuu Oomisha alaa galuu biyya keessatti oomishuun bakka buusuual ergee dabaluufi carraa hojii uumuu milkeessuuf tarkaanfiiwwan hedduu fudhachaa jira URL	positive
or_test_01465	Wan dhaggaha jiruf argaa juru hedduu nu gamachissa jira Ethiopian ni moti oromian ni lalisti	neutral
or_test_01466	Imala Badhaadhinaa galmaan gahuuf oomisha fi oomishituma keenya dabaluuf hojiin hojjatama jiru abdii guddaa nuuf kennaa	negative
or_test_01467	Kaniisni gurmuu hinqabnee damma hin argattu Kosiirra naanaaa akkuma tisiisaa kosii irratti duuti JaallanHaaxiqaatuuhaagudatuu gurmuu haqa Oromoo Oroommummaaf Oromiyaaf dalaguuf qusanaaf kabaja qabaachuu qabnaOtherwise you become the enemy of yourself	neutral
or_test_01468	Oduu Fulbaana 132022 Poolisootni Humna Addaa WBOti harka kennachu itt URL via	neutral
or_test_01469	Injifannoo Addaa Tokkummaan Oromoo Amma Booda Qabsoo Afaan Qawwee Qofaanijaafannoni kaa umaata oroomooti	neutral
or_test_01470	Walaansoo amantii isa gaarii sana jabeessii qabi Jireenya bara baraas harka kee keessa galfadhu Isaaf waamamtee dhugabaatuu baayee duratti amantii kee baeessa gootee beeksifteetta   1Xim 612	positive
or_test_01471	Dhalchaa bade irraa hin deebiaan jedhe OromoonFreeJawarMohammed FreeBekleGarba Freedoom Justice Peace	neutral
or_test_01472	Naaf muladhuu Faajjii kooMee eelaa cabaa kooKuula keetin erbadhuuMiidhama kan keeSabbataan jabeefadhuuBoru dhabbachuu kee yaadeMadaa koo haraa obsuuMoo ciniinnadhee caba kooSoba jedhee dhoksuuAkkam laa obsii keeMiidhama waggaa dhibbaaSitu qaraaf qaroodha URL	negative
or_test_01473	Osoo ardiin kun garagalee si deebiee argachuu dhabuu kootu na guba bar sanyii koo URL	negative
or_test_01474	Akka aadaa Oromootti gaafa manni ijaarramu abbaan manni ijaarramuuf iddo itti ijaarramu eerga adda baafatee agarsiise booda utubaa ofiif dhabbata Utubaa kee dhaabi natti agarsiisi sana booda mana feete san siifan ijaara	negative
or_test_01475	Abjuu ilmaan nafxanyaa kana fakkaata URL	negative
or_test_01476	Kan dirree salphaadha tabba bahii fardaanDiina maaf himannaa nutuu walqoodne gandaan Adiin gurraacha maaf jettaa osoon ani arguuHaaga yoomittii obsuu silaa barri hin darbuuQaqqaalii meeqa dhabnee bara darbaa dhufaaSila waa hin furruu adunyaan fiige nurraa cufaa	negative
or_test_01477	WBOn zoonii Lixaa Oromiyaa diina haleellaa jiraGodina Qeellam Wallaggaa Ona Laaloo Qileetti waraana bilxiginnaa waxala jira URL	neutral
or_test_01478	Siyaasaa biyyoota guddatanii namni soqee lubbuu hayyuu keenyaa galaafate booda ofiif of galaafata Abadan akkatti hin hafu URL	negative
or_test_01479	Muumeen ministera duraani ykn presidentin bilxigginna ofii isaa cabuu akka bareen oromoos cabsetin cabaa jechuun dhagahamee	negative
or_test_01480	Ibsa Komishinarii poolisii magaalaa Finfinnee guyyaa hara baaseeAkka komishinarii kanatti namni Ayyaana Irreessa fi Masqalaa deemuu dirqama baajii qabachuun qaba beeksiseera  URL	negative
or_test_01481	Ummaan keenyaa nii dhumaa mallee irreechaa irraa haabsuu hin dandaamuu URL	negative
or_test_01482	Ibsa Eejjannoo Qeerroo Oromiyaa guutuu Oromiyaa keessa jiran irraa kannameHaala Oromiyaa keessa jirtu irratti marii Cimaa erga gaggeesine booda Ibsa eejjannoo Ariifachiisaa baafneerra1 Aangoo Abiy fuulbana 30 xumurama Osoo fuulbanni 30 gahe Biyyatiin hin diigamne Hidhamtoota	neutral
or_test_01483	Wanti hunumtuu bilisummaa boodaGarbummaa jibbineet bosona galleBadhoo Dachaasaa	neutral
or_test_01484	121212 darbe biyyi nagaadha jedhu warri nagaa isaanii dhugoomsuuf jecha ajjeesuu filatan	neutral
or_test_01485	Amboo keesaa lolaa qaata shaggar gahee mataaniAbbaan yoo duees ilmii jira hin baduu maqaanni URL	neutral
or_test_01486	Dubbiin akkas tureNamoonni DD gara Najjoo dhufan uffaata hodhu jedhama baayeen isaanniisaa booda dubaartonni isaan bira deemu uffaata hodhachuufisaa booda achitti maalan sitti himareeSourceNama DD naf himee	neutral
or_test_01487	Oromiyaan durumayyuu magariisan kan badhaateedha ati dhabuu dhiiftus uummanni keenya dursee dhabeera	neutral
or_test_01488	Tokko kolfaaTokko horfaaKana nu baasiiAti yaa oofa URL	positive
or_test_01489	Platform kanarra namoonni jiran anallee na ajaaibu	positive
or_test_01490	Is love is accident Balaa namatyi buusa jechuudha	neutral
or_test_01491	Sirreefamtootni  mana  sirreessaa keessa jiran dhukkuba koronaa ittisuuf  kan  oolu  golgaa funyaanii  omishaa  jiru  Kun  fakkenya  gaaridha ittaa fufu URL	neutral
or_test_01492	Yeroo labsii muddamaa kana waan gochuu qabnuMirgaafi dirqama keenya baanee Dhibee koronaa waali yaa ittisnu URL	negative
or_test_01493	Dhukkuba koronaatiin  wal  qabatee    qaama  labsii  yeroo muddamaa  cabse yoo argitan  lakk  6044 eeruu nuuf keennaa URL	negative
or_test_01494	Manni nyaata fi kaaffeewwan tajaajila yoo keennan teesso tokkorra yoo baayate nama sadi tajaala akka keennan  Tajaajilamtonnis  walirraa fageenya jidduu isanii  eegun dirqama URL	neutral
or_test_01495	Abbaa Hiyyeessa Dinquu Dayyaasaa irratti aggaammii ajjeechaa URL URL	negative
or_test_01496	Abbaa Hiyyeessa Dinquu Dayyaasaa irratti aggaammii ajjeechaa URL URL	negative
or_test_01497	Wanti nama dhibu garuu xalayaa doorsisaa kana kan barreessan hoggaantoonni ENA waaj OMN dhufanii nu waliin haala ittiin karaa qajeelloo taeen hojjachuu dandaanirrattiifii fedhi guddaa qaban ilaalchisee marii walhubannoo qabu erga godhanii jiuma tokkoon booda tauu isaati 3	negative
or_test_01498	mootummaa olaanoo biyyattii kanneen akka waaj MM fii dh tika biyyoolessaatifis GG akka tau godhamee kunis nu doorsisuuf akka godhame ifa taasisaOMN daran doorsisuudhaan ijaaf gurra ummataa taee itti fufuu akka hin dandeenye danquu kaayyoon isaanii Itti hilkaahan garuu 2	negative
or_test_01499	Tana Quba qabaadhaaAbbaan Taayitaa Tamsaasa Itoophiyaa Ethiopian Broadcast Authority ykn EBA OMN doorsisuudhaaf xalayaa akeekkachiisaa tokko barreessee jira Xalayaan dhiibbaa siyaasaa OMN irratti godhuudhaaf akka barreeffame ifaan irraa mulatu kun waajjiraalee 1	negative
or_test_01500	Hanga Oromiyaan Bilisoomtuutti Gaanfi Afrikaa Dhukkuba Vaayirasii Habashootaa irraa hin fayyu	neutral
or_test_01501	Wanti ati magaala hararitti karoorsite siif milkaeera Bagaa gammadde Ittuma fufii gooticha badii	neutral
or_test_01502	At gara tokko gortee deeggaruun rakkoo hin qabu Yoo gara tokko gortee arrabsoo facaafte an si hin fedhu I believe in togetherness I hate divide and rule policy maker like Birhanu M Lenjiso and Taye danda URL	neutral
or_test_01503	Dokotar Abiyyidhaf akkuma akkuma Bekkamuu Nutii qerron Arsii komandii postiin wollaga irra kauu qaba daimaan afaan Him Beekene akkasu nama Gudda wae siiyas him bekenedha kan dhumaa Jiruu kanafuu kauu Qaba fillanoo kessaniif Ile	negative
or_test_01504	Injifannoodhaaf Woreegamni sabni kafale Karaa Saayinsawaan masakamuun barbaachisaa dha Woreegamni kanaan dura kafalle akka nutti hin deebineef  injifannoo argame tiksuu fi kunuunsuun dirqama dhalootaati	positive
or_test_01505	Please V8 tokko natti gad dhiisu hin dagatin kkkkk ajaaiba	neutral
or_test_01506	Nama OMN fi JAWAARitti buee daarawe malee kan milkaawe hanga hara arginee hin beeknu kan dhufuus natti hin fakkaatu nafxanyaan wal geesse Taayyeen goota jettee si faarsa jirti Erga qeeqa fira keetirra faaruu alagaa filatte itti jabaadhu siin jenna   dhuma kee ilaalla	negative
or_test_01507	Yaa jawaar keenna akka ati fuldara mm taatu abdii qaba kuni immoo waggaa shanan itti aanaan booda akka taatu shakkii hin qabu ammaaf garuu kan si barbaachiisu aangoo osoo hin taane biyya kana daandii qabsiisuudha sababni isaa Wal qabnee badaa jira waan taeef	neutral
or_test_01508	Kana an warra seelii isaanii irra torban darbe falmii siyaasaa cimaa erga goone booda dhumaratti option isaan qaban waraana kaasu akka tae natti himaniiru	neutral
or_test_01509	Ajaaiba Wal ajjeesuun oromoof alagaa dha Isa ganda Amaaraatti deebisaa Mootii vs Niitii	neutral
or_test_01510	Qeeqa Jawwaar Ethnofederalist gara Abiyitti Ethiofederalist darbate keessaaYeroo murteessaa kanatti DrAbiy darboo gamble taphachuu  fi wanta balaa fidu akkasii akka dhaabu akeekkachiisaJijjiiramuu EPDRF   gara EPP irraa Amaara qofatu fayyadama jedha1	negative
or_test_01511	Erga baqsanii booda   1Dhimma lafaa akkam godhu Land to the teller URL	positive
or_test_01512	ODPn paartii qeenxee jaarutti deemnaan dantaa saba keenyaafi wabii uumuufi sirna federaalizimii qabsoo ummatootaan jaarame tiiksuun mala biraa dhahuun dirqama JM	neutral
or_test_01513	Raacitiin kan bara Abbaa torbee fi gaafa Abiy fi Laamma Dambi Dolloo deeman booda ummatni resistance gene haa uumu jedhanii dhiisan natti fkt	neutral
or_test_01514	JSM badhaasa kanaaf shoora guddaa taphateeraBaga Gammaddejechuu isaa akkam feenadiina qaanessuuf	neutral
or_test_01515	What Aboo ajaaibaBar an kaleessa  eeysatti butame jedheen isin gaafachuuf tureyks dalagaatu ukkaamse jedheen dhiiseEdaa inni maqaa jijjiirratee taphachaa jiraKkkkk	neutral
or_test_01516	MAQAA FI  ILMOOLEE 1HarreeBukurii2QamaleeCaroo 3XaddeeXuubii4KurupheeSaphoo5BooyyeeQoqalaaURL URL	neutral
or_test_01517	BaarooTumsaa 1960oota keessa Qajeelfama qabsoo kalaqe akkasitti ibsee tureNutioromootnitooftaa barbaachisu kamiinuu aangoo mootummmaa qabachuun dirqamaKana gochuuf kutaalee hawaasa keenyaa hunda karaa iccitii taeen gurmeessu qabna1	neutral
or_test_01518	San booda garaachi si qulqullaae jedhankkk	negative
or_test_01519	Ajaaiba Biyyattiin miilla tokkoon dhaabbatti ka	negative
or_test_01520	Ati gara lixaa deemte hin beektu jechuudha  Araada nama qabsiisa utuu bartee	neutral
or_test_01521	Sagaggalummaan Siyaasaa mootummaa  Xoophiyaa kun naaf hin galuu Uummanni  Oromoo godina Baalee jiran beelaan  dhumaa jiru	neutral
or_test_01522	Kana wal ijaarre utuu MNO irratti dhiibbaa goone maleeakkasumatti ilaaluun gaarii natti hin fktu Keenya erga namtichi boqoteenama jagneessu	neutral
or_test_01523	OromoonBilisummaafLoluuDhiiseeWalabummaaIsaaEeggachuuSecureQaba Rogeeyyiileen Oromoo humnoota cunqursoo alagaa ammaan dura mooaman haalata loluu irratti ammayyuu waan argaman fakkaatuDhugaattisadarkaan qabsoo bilisummaa kun taeera1	positive
or_test_01524	Waggaa 158 booda Gadaan godina Guraagee magaalaa Walqixeetti deebiee dhaabateeraIrreessaas irreeffatameera URL	neutral
or_test_01525	Godina Harargee Bahaa Aanaa Miidhagaa tolaa sababa roobni hin roobiniif ummatni keenya haala beela hammataa keessa waan jiraniif rabbits kadhacha waan dandeettii teessaniin dirmadha URL	positive
or_test_01526	Lolaan gogiinsa mancaiinsi lafaa dhala dhabuu biyyee faalama bishaanii fi biyyeen bishaanii rakkoolee naannoo daangaa ceanii kan GERD biyyoota bishaan Abbayyaa hundaaf furudha  GERD4Hunda COP27 URL Afaan Oromoo fi Jechoota Dinqisiiso Afaan Oromoo	negative
or_test_01527	Boycott Safaricom PLCOromoon hundu yakka dhaloota dhalootatti darbu kana NO jechuun dirqama isaatiBoycottSafaricomPLCBoycottSafaricomInEthiopiaBoycottSafaricomInOromiaNoExpansionInOromiaSafarikoomLagadhaaBoycottSafaricomPLCSafaricomStopdiscrimination	neutral
or_test_01528	Hoonge BeelaaNama gargaaruuf nama tahuun qofti gahadha Baalee Bahaa akka kaleessa hin jirtu beelaan dhumaa jirti rahmanni rabbi dhabamurraa kan kae uummanni Baalee Bahaa aanonni gammoojjii buqqaaa jiran yaa uummata waliif haa birmannuu URL	neutral
or_test_01529	Ummanni nu harkaatti galaanaan dhumaa URL	positive
or_test_01530	Jira hamaan koo haa baduu Yeroo dhiyootti walagarra	neutral
or_test_01531	Jslqabaa daldalaa alaabaa taa dhabuu seenaa bocaa alabaa taanaa beekuueguumaa jetaanii Oromoo fi Fireewwuu Maashoo Gideeyii Malii wolitii jalDaawwuudii Firewwuu qabsoo oromoo guufuu ittii tauun haayyootaa oromo ficiisisuun berkamaAlaabaani Tunii Fi Shanneeni mali	neutral
or_test_01532	sagantaa galateeffannaa saaa l booda jalqaba URL	neutral
or_test_01533	EthiopainOromia Why teachers are disrespected nowWhy government not focus on teachersmirgi fi faayidaan barsiisaa yommuu qixa sirrii taheen hojii irra kan hin oollee yoo tahee barsiisaan tokkummaadhaan falmachuun dirqama isaati URL	neutral
or_test_01534	Jaal Wabii koo sirhan bade mitii Soomanatu na bachiisee dhifama jirtuu isin Jajjaboo itti muddaa Rabbiin isin waliin jiraa	neutral
or_test_01535	Hamaajii jechuun diina jechuu dha	positive
or_test_01536	Dubbin kun dhukkuba lafee taateem dhiiroo URL	neutral
or_test_01537	ijabanaa eeybifnee ija banachaa oolle Dammaquun dirqama filannoo hin qabneedhaijabanaa  URL	negative
or_test_01538	Ani Sabboonaa ilma Oromooti kan jettan maruuummata Oromootiif aantummaa qaba kan jettan hunduu siyaasaa mufii kessaa bayaa koottaa dirqama tajaajila lammummaa bayaa	positive
or_test_01539	Ija Banaan harka hogganaa Kollejjii fayyaa fi walaansaa Yunivarsitii Haramaayaa obbo Filaa Ahmad gayee jira Guyyaa muraasa booda eeybifamee hawaasa bira ni gaya  Harer Harerge Ethiopia URL	negative
or_test_01540	Kan ololtus ololi kee bara hin qabuutiosoo ati badii WBO eegduu WBOn oromiyaa dhuunfateera URL	negative
or_test_01541	Wayyoo Ana Haa nyaatuUummanni keenya Baalee sababa balaa hongeetiin midhamaa jiraachuutu himama Oromoon waan qabuun waliif dirmatee akkuma kaleessaa rakkoo keessa harka qabee wal baasuu qaba Uummata keenya Baaleef waan qabnuun haa dirmaannu URL	negative
or_test_01542	AbiyItoophiyaaffurmaata Osoo hin taaneYaaddoodhaLidatuuAyyaaloo OMN irratti Abiyi Aangoo akka riistii ofitti ilaalee 4Kiiloo taaee biyya diiguu fi dhala namaa wal nyaachisuu dhiisee aangoo gadi lakkisuu qabaDhugaan jirus kanuma	negative
or_test_01543	Jarri Duula Minilik jennan nutis kaane Fincila Duula Minilik jechuun kan nu oofu alagaa fakkeessa Nuti Duula Laggasa Wagii hoo jenne goota keenya farsine hamilee jabeessine hoo Ormi Kan ofii haa leellisu Nuti keenya leellifna Ekeraan Minilik nu oofu hin qabu	negative
or_test_01544	Biyyuma keenyarratti keessummaa taanee adamsamuuBiyyuma keenyarratti shakkamaa taanee hidhamuuBiyyuma keenyarratti akka alagaa biyya diiguf dhuftetti ija diinatiin ilaalamuuBiyyuma keenyarratti dirreerratti ajjeefamnee gatamuuAkkanatti waliin deemun ni dandaamaaree	positive
or_test_01545	Kan nutti roorrisan nu hidhaan nu ajjeesan sababni isaa kanuma Galma aadaa seena fi Oromumma kan tae qotee bulaa Oromoo biyyarra buqqisani biyyasa kan ofii godhachuuf Waan falmannuf kan bira hin jiru kanuma Diina waliin Kan nu saamus cubbu kana hojjateera Biyya dhabne	negative
or_test_01546	Baga Gqmmaddan Baga Gammanne Lammiin hunduu Leenci Osoo Geetaachoo fi fakkaattonni isaa Baduu deema jettuun jara balleessee galaa jira URL	neutral
or_test_01547	Wal hubachuu fi hubachiisuun dirqama warra hubateeti	negative
or_test_01548	Juuntaan diina Itoophiyaati gadhee harma haadha ciinintu kan lammisheef hin quuqamne oduu malee gochaan kan hin jirre March4Ethiopia EthiopiaPrevails	negative
or_test_01549	Qubicha akkasittan ol dhaaba jedheen  na dide bar Safuu dandeettii namaa	negative
or_test_01550	Juuntaan ijoolee Keenyaa kan lola irratti harkaa keenatan ergaa boojiiee  jia shan booda ajjeesuun hardha maatii keenyatti himamee Gareen kun baayee seera loltumaa hundaa caabsuun gochaa fudhamtam hin qabnee ilmaan keenyaa irratti rawaatee	negative
or_test_01551	Orotplf warra ofi hin geenye Jala adeemtuu URL	positive
or_test_01552	Oraalii meeshaa gurguddo hidhatte sinirraan darba ooltu maalif hin lollee Moo ishee laaftee baqattu jirtu dandeessu Akkuma tahettu biyya ofii eegachuun  waraan kamiyyu haa tau hidhatee ofirraan dabarsuu dhabuu biyya ofii eegatuf mishaadha  But analysis cost amp benefit	positive
or_test_01553	First go to school and learn how to write Afaan Oromoo if you are Oromo Kanarraa Afaan kan kee kan ajaau kana nurraa adaba qabsiifadhu boo Harree haadharaauu	neutral
or_test_01554	Ammaan Booda Oromoo fi Oromiyaa lagaan qoqqooduun hin dandahamu URL	neutral
or_test_01555	Rakkoolee gurguddoon nuti akka namaatti ittin dararamaa jirruu hedduun isaanii namootaaf dursa kennuu ykn gargaruu dadhabuu keenya irraa madda	neutral
or_test_01556	Nuti asitti gosummaa fi naannummaan wallola Garuu franjiidhaf nuti Afrikuma Haala kanaan yoo itti fufne waggoota 25n booda Franjiin deebitee nu koloneeffattiratProofesar P L O Lumumba URL	neutral
or_test_01557	Iyya isa dhibamaa ni dhagessaLafa dheebuu saba kee ni gessaHomtinuu sitti hin ulfaatuSi eegna waanuma hundaattuuoromo Oromia	positive
or_test_01558	Ajaaiba hojii dhala namaaYeroo dhalannu ni gammadu yeroo doonu ni boohu garuu jireenya fiixee lamman kana jidduu jiru ni irraanfatu	neutral
or_test_01559	Yaroo Ammaa tana barattuunni Diina islaam duaaii Ajaaibaarra jirra Namuu bakkuma jirtanitti Ammiin Jedhaa Rabbiin yaadaafii muraada keysan isiniif haa guutu	neutral
or_test_01560	Obboleessikoo hara shawwadamuusaa Kan bare erga waraabbessi darbeen boodaMaalooosoo caallisteemmoo gaarii tureem bar	negative
or_test_01561	Yaa waaqayyoo mee nutii Araaramii mee nuto sii yaakkineera Cubbuu keenyaa Nuf dhiisii mee Daachee keenyaati Araaramii abaarsa nuraa kasii maalo	neutral
or_test_01562	Firdii jaalisuun garii miti Kanumaa keessa immo Namni buddeen cabaa  tokkof jedhee balleessa hojeeta   macaafa fkn2821	positive
or_test_01563	Senaa Biyyaa Kamiyuu Kessaattii Gochii Tplf Ummataa Itoophiya Irrattii Rawwachaa turee Hin Jiru Ammasaa Gochaa Ykn Badii ykn Badii Jetee Himtuu Osoo Tain Jechoota Shororkesistoota Kanan duraa turan kessaattillee rammaduf nama rakkisaTPLFDinaa Ummataa Utoophiyati URL	negative
or_test_01564	Hireen jibbamtootaa amma booda gara duubati malee yoomuu hin tarkaanffattu Waraanni Bilisummaa Oromoo haras borus isa kan daanga OROMIYAA tiiksuu	neutral
or_test_01565	Kaabajamoo fi jaalatamoon sabni OROMOO deemsa karaa dheera dacheef samii gidduu akka bofa safaa qorumsi nama hiddu obsuudhan bua baii heddu dandeessani baga nagaan geessan  2014 bari kuni kan nagaa kan jaalalaa kan gamachuu kan billissuummaa nuf hatau	neutral
or_test_01566	Diinni Ummata oromoo eenyuu akka tahe ummanni oromootu ni beeka itti himuu malee barsiisu hin barbaachisu kan kun diina keessani nun jedhuu sun eenyuu ture  kan isin diina keessani nun jettan kun hoo eenyuu ture  hanga nuti diina keenya jennuunitti turaa mee	positive
or_test_01567	Hala qonna biyyatti ammayawwa gochuuf osoo olii fi gada jechaa jiruukuun immo hannaa fi angoof sabaa fi lammilee biyyatti gurgurachuuf dadhabaa jira Kanaaf nuti lammileen biyyatti tokko taane wal dhagahuun baayee barbaachisadha URL	positive
or_test_01568	Utuu diina koo narratti raajuu olii naa dhufee Luba na baase URL	neutral
or_test_01569	Hedduun nama badummaa fi hammeenya siif qabatulle ani oromummaa keetiifi namummaa ati saba keetif qabdu qofti nama boonsa diina biyyaa kana keeyisati nu arabsuu caalaa siyii biyyaa amvaafi fiiddee achitti enyuumma saba keetiin boonuun kee qofti gahaadhago	negative
or_test_01570	Hedduun nama badummaa fi hammeenya siif qabatulle ani oromummaa keetiifi namummaa ati saba keetif qabdu qofti nama boonsa diina biyyaa kana keeyisati nu arabsuu caalaa siyii biyyaa amvaafi fiiddee achitti enyuumma saba keetiin boonuun kee qofti gahaadhago	negative
or_test_01571	mootummaan turkii pr ardooganmootummaa itoophiyaatin gargaarsa waraanatin goodhafi jeecha jiraturkii adduunyaan nuraa dhoorkaa URL	negative
or_test_01572	duurisarraasboorus amaari diina ilmaan oromooti URL	neutral
or_test_01573	diini guddaan ilmaan oromoo nafxanyaadhkaan bara 150 oil gabroomseammaalee oromuuma lafaraa dhabaamsiisu barbaaduwaan nafxanyaa hin  taahin diina dhaabataa hin  qabnuu URL	positive
or_test_01574	suuran ilmaan oromoo asiin gaadi tuunyuniivarsiiti naanno amaarati dhaagan caafaqaani gaataniiakkaanan opdon birmaadumaa amaara  egsiisuf ilmaan oromoo nafxanyaaf bobaaftee opdon diina ilmaan oromooti URL	negative
or_test_01575	Seeqachuunkeeti      diinakeetiboqonnaadhooggachiisaa  Ethiopia URL	negative
or_test_01576	Galatoomaa galatoomaa Anii mal jaee himaaOolmaan isiin nuf oltaan Rahaa fi gammachuu lubbu Kaan qabuu ilmii nama hunduuDhiiftani akkana mudatuuKun kan tahee nuf jachatureHammaf hamtuun keessan ha baduuLencota koGotoota koHayyoota koFreeoromopolticalpersan URL	neutral
or_test_01577	Maraattuu Fi Sooressi Akka Argetti Haasawa Dubbiin USA Sababa gaha maker gara UN dhiibbaa itoophiyaaratti godhaa jirtu tuniis mallattuma kanaatiWayyaanee Gods seentee fi duute dua oolchuun abadan hin yaadamtuu muramte	neutral
or_test_01578	Tolaan yoo diden Humnaanis taanaan dhimma hiree ofii ofiin murteessuurratti tokko taanee haa kaanu Yoo kun hin taane fillannoo booda heera mootummaa fooyyeessu maqaa jedhuun Artikilii naannooleen hiree ofii ofiin murteessuu dandau jedhu keeysaa baasuudhaaf deemu Itti yaadaa	neutral
or_test_01579	JetteKun mammaaksa keenya taee hanga haraa itti fayyadamnaYogguu jireenyi duniyaa kanaa bitaa nutti galtuLife in Johannesburg is dangerous  jette Misgeen jenna	neutral
or_test_01580	Misge  Gaaf tokko barattoonni k12 waan fedhan irratti Essay akka barreessaniif assignment kenniteefSan booda barataan Kennesaa Lawwee jedhamu waaee gangsters of Johannesburg  katabee dhiyeesseMisgeen erga dhaggeeffattee boodaLife in Johannesburg is dangerous	neutral
or_test_01581	Kanin jedhudubbii Addisuutu akkas olkae moo Aarii Lammaa fi Xayibaan irraa jijiiramuutu ummata akkas dallansiise	neutral
or_test_01582	Bar Shimallis IA tauun isaanamni bakka Lammaa kaaamu biraan jiraachuu agarsiisa jedhamaa jiraTarii ODF fo ODF makamuu booda	neutral
or_test_01583	tokkuman  oromo dhaba  cimaadhan  hoganamu  buan  isaa  kan  kanafi  timme  lamma  jenaa URL	negative
or_test_01584	dhugaa haasauuf wanti amma university Ethiopia keessa jiran keessatti adeemsifamaa jiru isa dadhabbii uummata oromootti bishaan naquuf murtaayeedhahara barattoota oromoo fi amaaraa walitti buusuudhaaf kan adeemsifamaa jiru shira biyya kana diiguu barbaadu tauu utuma beekanii	positive
or_test_01585	Waliin bareedduu ilmaan abbaa gadaa tokko tahuun diinaaf balaa guddaa irra aanuun kessan shakkii hin qabuu jajabadhaa gala imimmaan hadha oromoo harcaaa turee deebistanii ittichitu URL	neutral
or_test_01586	Karaa caphxeen haa yaatuu malee hanga yoomiiti diina gabbarraa	negative
or_test_01587	Walnyaachuu irra tokkummaan diina keenya haa nyaannu	neutral
or_test_01588	BALAA TASA MUDATE kana jechuun maal jechuudhaa Akkamitti Hoolaan Tiksee osoo qabduu Sardiidni Dammaqsaa Dhiifamni namahin Araarsu	neutral
or_test_01589	mottumaa abba irre ethiopia ajjechaa nuraa dhabuu qabaa master planis nuraa dhabuu qabaa	positive
or_test_01590	yaa oromia haraas siif bariu dide garuu guyan sun amma gatii jira yoom sidaganee biyaa ormaa oso tenyuu lammii wali URL	neutral
or_test_01591	Jarjaraan qalbiin qabuu hirribaa kaee mugaaObsaan bara eeggatee aanan goromsaa shugaaFakkeenya bifaa malee daaraaf daakuun firaa reeKanniisaan osoo hin hiddamin damma nyaachuun jiraa reeAmmayuu deemaan jira hin xumurre deemsa kooRaafamtee nan raasinii obsi yaa garaa koo URL	negative
or_test_01592	Gadaan biyya ijaara malee biyya hin diigu	negative
or_test_01593	Buufatni fayyaa Magaalaa mioo buufata fayyaa haadhoo bara 2003 irraa eegalee hojii tajaajila kenniinsa fayyaa Hawaasa aanichaatiif kennuu kan eegale yoo tahu haalli ijaarsi isaa bilookii lama qofadhaakkasumas Dallaa dabalatee placenta pitsincinetara kan hin qabne tahuu isaati	neutral
or_test_01594	akka kabineen somalee xiqoo tana sodatan tanatu gudaa odp wajira fudhe hidhaa pawara hin qaban yaro tanatii sila pawarii isantu silaqaba amoo partii irkatuu tana sodatanii ummata oromoo tif wataka godhufi hin jiran	negative
or_test_01595	Addiisuu keenyaa leencaa koo diree dawwa tana obidiyoo muktar kadiir malee odp hin jirtuu nuraa jijiraa namnii anatuu kantiba tahaa jachuun hundii isanii kabiineen gadda keessatii namutuu casaa jarachu malee ummaata oromootif dalaguti jiranii debii dargagesa hogaansaf ciimaa kan	neutral
or_test_01596	Jawar mahamad SAlAAlE galmii walhanqiinnan moorama keessatiwalitti gadi naqannee waan garaafi gaaraa walitti himne mootummaaan komiifi gorsa ummataa kana dhagayee hatattaman akka furu abdii qaba keessattuu hattoota godinicha URL	neutral
or_test_01597	Qees Gebre Tsadikgt Qees Tolasaa yeroo tahu Abbaan Torbee shap akka hin goone kaa	positive
or_test_01598	Nutti hin dhukaasinaNuufis hin dhukaasina URL	neutral
or_test_01599	Gamatti ilaalaa biiftuu walabummaaWalqabannee ceena galaana gabrummaa URL	neutral
or_test_01600	Dhugumatti Jawar Mohammed nama kutannoonummata oromootiif qabsaau tahuu Isaa waggawaggaan nutti argisiisaa JiraJawar Mohammed nama dantaa ummataa qofaaf bitamunama dantaa Garaa isaafii angoo barbaachisammuu Isaa keessa hin jirre kutataa ilma sabaa URL	neutral
or_test_01601	Isa mitii ammas akka seenaa keessatti bara dukkanaa jedhamu sanatti deebiuu caalaa Kan nama gubu hin jiruUmmata baroota hanga kana cunqursaa jala turee amma ifni barii baateefitti deebisanii uffata gaddaa uffisuun kun maaliin akka yaadamu nuuf hin galu	negative
or_test_01602	Kun qaanii fi yeelloo baatamuu hin dandaamnee URL Kan na aarsu jidduutti ummatni jeeqamuu fi miidhamuu isaati maleewalirraa haa galchitu	neutral
or_test_01603	Lama hin jiru jedhe Shirii Kubii	neutral
or_test_01604	Kos kosiin wayiimmoo Oromummaa namarraa fuutee namaaf deebisuu barbaadde Obboleessa koo Oromoon isuma Oromoo hin taanettuu Oromummaa uffisee hammachaa ture Akka keetti Oromoon warra ganda kee duwwaadha Gandeen biyya hin ijaartu	neutral
or_test_01605	Docmarii keessan dhimma ceumsaa bittineessitanii nuu caallesitan jaalladheera    Garuu Isin hayyootni maaliif  roadmap dhimma Oromiyaa fi Oromoo jiru ifaa nuuf hin gootan  Means Indepence OR Union	negative
or_test_01606	mooataan hin bouu Your false news	negative
or_test_01607	Qabsoon Qeerrro harka warra faallaa seenee laata  OMN	negative
or_test_01608	Dogoggora bulchiinsa ODP torban kanaaLammaa fi Xayibaa aangoo irraa jijjiiruugtUmmatni ni aare Addisuun falmaa seenaa kaasuugtUmmatni ni mufate gtXiinxalaSabboonummmaa oromoo irratti haleellaan aggaamamegtUmmatni abdii kutannaa hiriiraan ibsachuu	neutral
or_test_01609	Barbadu Ixoophiyaa jiiga maale Siidan Anoole Hin jiiguIxoophiyaa Ijaaruf ka minilik Harma fi harka mure maale jibba hawasa Hin qabuu Afaan maaltu kana dubbataIts hate speechZero mindsNi dubbifama Kitaabni tasfaye Gabraabi URL	negative
or_test_01610	Tisse looni jedhiin yaaa qondaala koo kun namaa mitii habuutaadha malee kan yoo gogee dhuufu wantii isaa furmaata argatuu qaba kufaati biyya kanaafi gabrumma oromotif sabaaba kan tae isaafi fakkaatotaa isaati duraayu ammas worra isaa jala taae isa dhageefatu saniin nu ajaiberaa	neutral
or_test_01611	Kan Dambi Dollootti taaa jiruuf aangawoota natti hin fktu taatotni    Hattootaa fi qabsaaota adda nuu baasa malee	neutral
or_test_01612	Goota Sanyii goota sii miti gaadidduu kee hin qabdu Wayyaaneen URL	neutral
or_test_01613	TaajjabbiiOMN fiOBS  siidaa BJ Taaddasaa Birruu qaaman deemani  maaliif hin gabaasne URL	negative
or_test_01614	Akka miseensa ODPtti hin dandauu	neutral
or_test_01615	Haalli amma lixa oromiyaa keessatti mulatu gadi fageessanii ilaaluu barbaachisa URL	neutral
or_test_01616	Institutions federaalaa fi Fi nfinneetti keessatti jijjiiramni rearrangement hanga hin taasifamnetti jarri raacitii hedduu qabdi achi keessaIsaaniin waa gochuuf yaalu ni maltiAbiyLammichoon waljijjiiruun	positive
or_test_01617	Itti fufinuti hirmaachu hin dandeenye utuu dharraanu	neutral
or_test_01618	Ni taa jennaan harree qalleehin tau jennaan harree gannee harree vs harree	neutral
or_test_01619	Tajaala keessaniif galata qabduTwitter irrattis update nu gochuu hin dagatinaa	neutral
or_test_01620	Keessan kottu jechuun   Yeroo hin gubin	neutral
or_test_01621	Kun ittigaafatamummaa dargaggoota baratanii kan akka keessaniiti Ummata irraa dhuftanitti yogguu deebitan  1Hafuura sabboonummmaa oromoo tamsaasuu qabduGidiraa ummata keenyaa geeddaruu kan dandeenyu 2 Walii keenya waldandauu fi tokkummaa saba oromoo deebisnee dhaabuun	neutral
or_test_01622	Boqqolloo irraa wanti hin hojjatmne jira jetteetiBuddeenaMaraaMarqaaDaabbooQixxaaMooqakkk   Kun hundi boqqolloo asheeta irraa haala addaan hojjatamu	neutral
or_test_01623	Hin machaahin vs hin dhuginii	neutral
or_test_01624	Namootni hin beekne gaafa nyaatan si kofalchiisubishaan okkotee tokko fixu	neutral
or_test_01625	Kaan brand name irratti wal lolu Kun hojmanee barii itti kenname hin daganneI genuinely love him	neutral
or_test_01626	Jijjiiramnu dhufullee Gaaffiin uummanni keenya gaafachaa ture hin tuqamne Lammaa Magarsaa URL	negative
or_test_01627	Ofiin barbaada hin jettuu Roobe	neutral
or_test_01628	Finfinnee mititanuma Federaalaa iyyuu shakki	negative
or_test_01629	Barana eegee taane kanma gaddisiisa	neutral
or_test_01630	Miti NamaWaaquma jiraataa iyyuu Dubbii isaatiin qoruu mirga qabnaBiblical God is democraticKanaaffree will uumamaan nuuf kenne	neutral
or_test_01631	Maarre aabbebara sana oromoota Tuulamaa yogguu gowwomsan sanJalqaba Qeesiitu dhufalafa fudhata xaafii qotuuffira isaa fidata Gurbattii qawuxii qeesicha hin jaallanne tokkotu turtefi gaafa namtichi dhufu aka wra kni lfa kaate hin simattuni aarti	negative
or_test_01632	Guyyaan dua kee yoomiiAni siifan dua Ooli Jedhe Azmaariin tokko jedhe  oromo ethiopia africa art music	negative
or_test_01633	Ammasagantaalee keenya hojiitti hiikuufwalabummaa shaakaluuf Sadarkaa gufuu tokkollee  bakka hin qabne irra jirraHumni haala kamiin nu dura dhaabbatee sochii keenya ittisuu dandau yoo jiraate Paartii Oromoo bulchaa jiruODP dha 2	neutral
or_test_01634	Hararitti hin qamaatu taananAboo tun amaarticha dhiis ofirraa  jedhu	negative
or_test_01635	Bar dhaabbii hin qabdu akka bishaan gabatee irraati	negative
or_test_01636	AfaanOromoo afaanhojiinaannoo  Oromiyaa hin tureBurraayyuu Finfinnee  jala jirti barreeffameIam shame on OPDO URL	neutral
or_test_01637	NAFXANYAAN  UUMMATAA  Xoophiyaa  waliin waliigalee jirachuu miti waaqa isaa uumee waliin illee walii galuu hin dandeenyee Getechew Reda	neutral
or_test_01638	Alaabaan Oromoo eenyummaa  OromoottiKanaafuu  guyyaa Irreessaa  qabachuu  hin qabdanin  jechuun OPDO URL	neutral
or_test_01639	Irreessi Irree  OromootiJala bultii fiigicha ayyaana Irreesaa HoraaFinfinnee URL	neutral
or_test_01640	Yeroo dammaqiinsi ummataa akkas fiixee tuqetti fi  hoggantoota fi xiinxaltoota siyaasaa ciccimoo qabnu kanatti siyaasahawaasdiinagdee sabichaaf Strategy barbaachisan hin diriirsamu taanaan abdii nma kutachiisa	negative
or_test_01641	Ykn Paartii cimtuu hin uumneYkn waraana cimaa hin diriirsineYkn saba hin diinagdessifne	neutral
or_test_01642	1991 ABUT irra kan gahe tauu hin oolu	neutral
or_test_01643	Maaikalaawii CufameeraMani hidhaa Maaikalaawii  cufneera harka nuu rukkutaan gatii hin qabuWarra nama fannisan seeraatti dhiyeessuu	neutral
or_test_01644	Faaxema wajjin halkan guutuu haasahuuf hin tain kaa	neutral
or_test_01645	Fiction of homogeneity        Seera uumamaa hin cabsuuree	neutral
or_test_01646	paartii walitti makamuu irraa faayidan nuuti argannu tokko hin jiru Barattootni keenya du aa ajjeffamaa jiru kanaaf dhimma paartii osoon taane dhimma bilisummaa ofii labsachuutu nu baasa URL	neutral
or_test_01647	Namni gosuma afuuri jira jean 1 Nama wallaalaa kan beekaatti ofbeeku2 Nama Wallaala wallaala isaa beeku3 Nama Beekaa Beekaa tau issaa hin beeyne4 Nama Beekaa Beekaa tau issaa kan beeku akkasiiti siifgalamii kan oliitin fuudhatti kan bobaa derbujirtta akkaan silaalu	negative
or_test_01648	Jechuun gara foolisii oromiyaatti galchanii Seeraqabeessa gochuuf hin turree	negative
or_test_01649	maali akka Rissaadha duumesaa ol baate gadi jette nulaalujirta Bifa saayinsaawatattin deebissuuf Hanjemaate dhiisi gabui akka ummata due reefka immiyye Etio jette nutti bobaastetti dhoorki yoo dhoorku baattee siifi amuun keetiswaliin qilee buutan nageetti URL	negative
or_test_01650	Bar jarri meeshaa barbaachisu galfatanii jirulola malee wanta biraa karoorfatanii hin jiran	neutral
or_test_01651	7Ajandichi ajandaa dhaaba siyaasaa tokko qofa mitiMNA ni dhuunfata8Leeccalloo Oromiyaa humnaan weeraranii qabachuun fedhii dhokataa isaaniiti9Biyyattiin ni diigamti sodaa jedhu hin qabanhumnaan cunqursanii bulchuun ni dandaama jedhu URL	negative
or_test_01652	1Gaaffiin Oromoo tokkollee akka hin deebineef jarri halkanii fi guyyaa qabsaaa jiru2Siyaasni Oromoo hundee yoo gadfageeffate sodaa waan qabaniif kichuutti akka cituuf warraaqaa jiru3Falmii bilisaa siyaasaatiin akka hin injifanne beeku	neutral
or_test_01653	Osoon sii arigee Dr waa tokkoo siif himaa maal godhaa sii ariguuf natti sadarkaan kiyyaa achii hin gauu	neutral
or_test_01654	Yeroo kana wallagga keessa jiraachuu caalaa kan nama hubu hin jiru URL	neutral
or_test_01655	Jaamtu jaamti malee saree ija hin dhiqan Jedhe sabani koo	neutral
or_test_01656	Akka gaaridha Alhamdulillah maali Facebook kee maaf cufamu issaa waan sitti gabaase hin jiru URL	negative
or_test_01657	Jawwe press conference irraa yroo bahan of haa eeggatani  dubbii jajjabduu jara boquu gadi cabsu waan dubbataniif	neutral
or_test_01658	Goota jawarin gadi dhise hin deemuu jedhe kanadha URL	neutral
or_test_01659	Kun hojii gowwaa jecha hin qabneAn gruu carraa kanatti fayyadamneesiyaasa oromiyaa head up godhamuu qaban jedha	negative
or_test_01660	Dhuguma Abiyyi dantaa Oromoo fi ummatoota Itoophiyaaf kabachiisuu fedha utuu taeekan siyaasaan fi muuxannoon isa caalan Leencoo fi Lammaaakkasuma Jawwaar waliin mariatee karoorsuu qaba tureSelfambitionSheexanaaf iyyuu hin taane	negative
or_test_01661	Abiyyi  LammaaLeencoo fi Jawwaar waliin utuu hin idaamiineenyutti nu idauu fedha	negative
or_test_01662	Dhiis dubbiikun ifaa dha Siyaasa fi mala habashaan Jawwaar irratti maltu albahuu hin qabu	neutral
or_test_01663	DrAbiy utuu federaalizimii sabummaa ODP barbadeessee Federaalizimii Itoophummaa EPP hin uumin1Olaantummaa Amaarummaa kana irratti hojjachuu qaba2Oromummaa Itoophummaa keesaatti akka nucleus godhee baqsuu qaba3Poolisii afaanii qabatamaatti diriirsuu qabaetc	neutral
or_test_01664	Garuu akka qajeelfamaattiXoophiyaa egereen ishee oromiyaan durfamtuun akka Itoophiyaa bara durii olaantummaa Amaaraa waan hin jiraanneef Oromoon ni miidhama jechuun rakkisaa dhaMulata kanaan hayyootni oromoo qabsoo hubamuu irraa gara walabummaa injifannootti sochouu qabu3	neutral
or_test_01665	Filannoo itti aanu irratti dantaan sabaafi nageenyi biyyaa akka hin miidhamneefis dhaabbileen siyaasaa Oromoo saffisaan agoobara takka jalatti deebiuun walitti baquunis tumsa tolfachuun tarsiimoo filannoofi bulchiinsaa bocachuun humna filannaa tahuun bahuu qabuJM	negative
or_test_01666	Gaagaama siyaasaafi xaxama heeraa mudatuu malu keessatti Oromiyaan jeequmsatti akka hin seenneefi cehuumsi akka hin gufanneef qaama furmaataa tauuf ammumaan qophaayuu qabu JM	neutral
or_test_01667	Gaafileen Oromoon qabatee kae kan eenyummaaabbaa biyyummaa Afaaniifi diinaggee deebianii jiruu Yoo deebiuu baatan gurmaaina dhuunfaatiindeebisuu dandeenyaa Ana natti hin fakkaatu JM	neutral
or_test_01668	Kun dhugaa dhawarri habashaa Wallaga fottoquu fedha jechuun oduu dharaa facaasaa turteUmmata kaan bira hubannoo sirrii fi gahaan hin jiru	neutral
or_test_01669	Dhimma ilaalcha jaarmiyaa siyaasaatiin utuu hin tainrakkoo ummata irra gahaa jiru buuureffachuun	neutral
or_test_01670	Utuu addatti dirrree waraanaa irratti fuulaan walquunnamanii waa tokkoamma qamisii ummataa jala dhokatanii ummata fixu	neutral
or_test_01671	Isa mitiiummatni qabsoo oromoo irratti baroota dheeraan dura buuura buusee fi sabboonummaa ijaaree asiin gahebara wayyaanes xiyyeeffannaa addaatiin siyaasaa fi diinagdeen hubamaa tureHaras biiftuun gaariin hin baaneefgadadoo fi diriirfama keessa jiraachuun isaa si aarsa	neutral
or_test_01672	Bar itti fufee presidential system load godhaSuuta suuta Geographic federalism apply gochuun isaa hin ooltu Presidential system too godheakka dhuunfaatti injifachuu ni URL need of representative democracy of ODP	neutral
or_test_01673	Itti aanaan  kantiibaamagaalaaFinfinnee  IngTakkalaaUumaaaangooirraa kauuf jedhaninamoonnibaayeen toora  Feesbuukiin gadda taa jiru	neutral
or_test_01674	Lama hin jiru jedhe Shirii Kubiifamous one URL	neutral
or_test_01675	Magaalaan Fiichee ejjennoo kee baruu barbaadu Dhaabbata isa kamtu nuu mala isa jedhu beekuu hin dandeenye	negative
or_test_01676	Kana hin baranneBarataan ofisaafMaaf paartiin dhaabbanne	positive
or_test_01677	Jala bultii  sagantaa marii ABO fi uummataa AmbooAmbooOromiyaa  URL	neutral
or_test_01678	Xoophiyaaf naan fiigaa  jedhe hawwee  hin beekuyoo biyyi Oromiyaa  bilisaa bahate malee URL	positive
or_test_01679	Gatiin qubeef kanfalame laayyoo waan hin taaneef	neutral
or_test_01680	Afaan Oromoo qubeessuu irratti hirina guddaatu natti muldhataLet me know if you need tutor	neutral
or_test_01681	Anii yeroo kanattii nan gamada sababnii mall setaan yoo umanii nagaa argatee nagaan olee galuu kana callaa humtuu hin jiruu waan taeef	negative
or_test_01682	Oromiiyan biyya jeequmsaa Maa taste jettu anii akka kotii nama dhiiguman is a oromoo hin taiintu heddumatee jecha wolchanson dhigaan oromoofi hin taini giddutii adeemu dhabbachuu qaba	positive
or_test_01683	Akkasuma biyya gotaa  hedduu horattedha taus seen a ishii ballesanii sena hin tanen wamuu oromiiyan biyya if danddete bulutudha maaf saaba Biratii irikatuu jeetu kunii dadhabbii agarsiisa if has ilaallu	negative
or_test_01684	Ethiopia jedhamatu tunii motumma hin qabadii jettu garuu isini oromoon maal jechuu setu saa abban gaafa dhahe oromii IJA ballesa kanafuu Abiyyin oromoo too jibbe sabanii biira oromoo IJA ballesa  dokotar abiyyin maal jettu isiin	neutral
or_test_01685	JAWAR MOHAMMEDisa xiqqaadha kunisIjji Booyyee fi Karkarroo si hin arkin abbaa kiyya Naaf guddadhu  Deder Harerge Ethiopia URL	neutral
or_test_01686	Hanga feete burraaqi siif hin milkauGuyyaa barrii siif dhiyu jira gaafa sana ceerte manatti deebita	neutral
or_test_01687	Wanta ofii kee twitter fi fb irraatti maxxansitu qofa osoo hin tain kan namnii biroo maxxansu hordofi siif bua qabakeessattu kan Obboo Tayyee Dandaa Areedo  ilmaa macca fi tuulama Biyyoo goota Salaale	neutral
or_test_01688	Mali amma yonatti warri kadiree dhaka issa hin gurgurane Maloo injoo kaddiren Abiyi lafa Oromo gurgurtte fixem Mali filanoni boru otto tadhe	positive
or_test_01689	Calanqoo fi Aanoleef  qonnaan bultoota Baaleefi warra Tuulamaatiif Gumaa baasna duula jedhu dhagayuun keenyaa waan tokko Ani gumaa osoo hin taane  saba hunda waliin nagayaan jiraachuun fedha Atiis yoo sibaase gumaa baasi Garuu akkamiin gumaa baasuuf akka karoorfate strategy	neutral
or_test_01690	Try this lyricsGaaela Gooftaan EebbisuuBubbee fi qilleensi hin raasuu	negative
or_test_01691	Jaaloo ati garaa nama nyaachisuu kana hin dhiiftuu	neutral
or_test_01692	Anii keessaa hin jiruu  is probably the funniest line to me in Oromiffaa	negative
or_test_01693	Kalaas Hin milkooftanBBC News Afaan Oromoo  Milkeessaa Miidhagaa PhD Karoora dhokataafi ijaarsa seeraa alaan Finfinneefi Amaara waltuqsiisuuf hojjetamaa jira URL	neutral
or_test_01694	Murtoon isaa barfateera Maaliif Sabahimalee akka keenyaa like facebook Twitterkanaanis tau ejjennoosaa hin ibsatu Nutimmoo silaa share amp retweet gochuun miila tokkoon dhaabna ture	positive
or_test_01695	Wadalli Harree ishee dhaltuu Waraabessarraa hin buusisu jedhan Ani isuma mataasaaf na yaaddessa Nutihoo itti barreerra	negative
or_test_01696	Yoo kophee dhabne  miilla  keenya irraatti  Brand kophee barreeffachuu hin dadhabnu  URL	neutral
or_test_01697	Baga jala bultii kabaja Ayyaana Amajjii  1 geenye geessan  URL	negative
or_test_01698	Birhanu M Lenjiso amma sarara diimaa kuttee jirta Datan ati analyse goote fi conclusionn ati keettee bakka biraatii mitii PP keessaayyuu si ariisisa Ummataa oromoo kan mirga namoomaatiif masgiida gubateef mormuun Bullies sihii jedhu caala Bullyn hin jiruSuch arrogance URL	neutral
or_test_01699	Maaliif jecha ajjeesuLubbuu kabajamtuuIsii rabbiin fileeIlma namaaf laatuIsii lama hin tainTan deebitee hin dhufneDhimma baasuuf dhiisuuRabbiif maa hin dhiifneIlma namaa dhiisiiHin duin bineensiRakkattee isa deesseHarmeen maaliif boossiMilk	neutral
or_test_01700	Raagduun kanshee hin beektuu kan namaa raagdi URL	neutral
or_test_01701	ltltDanuu nama dinqaaTeenyee waan fannifneeGadi buusuu dadhabneKaanee ijaajjinee                                gtgtObbo Abbaa MalaaHabteGiyorgis Diinagdee	neutral
or_test_01702	Dhugaan hin dhoakatti malee hin baddu	neutral
or_test_01703	Ati yoo lola feete deem loli malee social mediarraa maal dalayda Nuti  wayita addunyaan fagaattetti qawweedhaan aangoo qabachuutti hin amannu	negative
or_test_01704	Seericha google godhi ni argatta Kana beekuun garuu nama hin dhibu	positive
or_test_01705	Qaamni hidhannoo fi uffata hidhannoo qabu kamiyyuu Ummatatti makamuu seerri waraana addunyaa ni dhorkasababni isaa bakka waraanni jiru lollo waan jiraatuuf ummanni akka hin miidhamneefi Teenya garuu yookiin hin loltu yookiin hin dhiistu ummatatti makamuudhan ummata ficcisiisti	neutral
or_test_01706	Boqqolloo muka tokkoNi qorqu moo hin falfaluuMaal abbaa ishee falfaluuQorqanii muka gatuuYoo biyya ormaa dhaqaniiNi kolfu moo hin dallanuMaal abbaa isheef dallanuKolfanii biyyaa baruu URL	positive
or_test_01707	Namuu gara dandeyuun ummata kenya wallagaa fi gujiitif sagalee tahu qabna kessaafu yeroo dhukkubni korona akkanatti hammate keessatti informationni isaan hin qaqqabu kanaafu internetiin fi silkiin ha banamu URL	neutral
or_test_01708	Dhiichisa kanarraa hin seessu	neutral
or_test_01709	hin taatu Kanaafuu duula Hashtags tau fala biraa barbaannee Jaal Abdiif sagalee haa taanu Mala malaa	neutral
or_test_01710	isin caalaa hin beeku Garuu qalbiin gadi nan teessu Gameeyyii Hangafoota  Qabsaaoota Bilisummaa Oromoo Kan akka Jaal Nadhii Gammadaa AG Dabbasaa Guyyooharammoo Jaal Abdii Raggaasaa dhabuun	neutral
or_test_01711	Si yaadachuu Ani hin dhiisuuItti aanseeBooya hin dhiisuuWould you mind adding little lyrics from Harkafuunee	neutral
or_test_01712	Oduu burjajesitaan  bankiin oromiyaa bankii adunyaan hin beknee waan taheef Warra birri gudaa qabdaan bafata banki Eth CBE kenyaa galfadhaa jedhu kun akkami dhiroo	neutral
or_test_01713	OMN doorsisoo siyaasaa akkanaatiif hin jilbiiffatu Inumaayyuu oogummaa hamileefii raawwiidalaggii duraanuu ittiin beekkamu daran cimsee kan itti fufu taa	neutral
or_test_01714	Jarana Nama Hin Hifachiisinaa ykn Hin Nuffisiisinaa Booddeen Kanaati Namarraa Of Qusadhaa URL	neutral
or_test_01715	Ergaa koronaa balaafamaan kun dhufe mana bahee hin beeku URL	negative
or_test_01716	Ambookoo Ambaa lafaa eenyuu walirraa hafaa jedhikaa	neutral
or_test_01717	Hin duunee hardhalle hin jiraaWaaqattuu na woliin jiraa  NekEmte Welega Ethiopia URL	neutral
or_test_01718	BBC News Afaan Oromoo  Miniyaapoolis Poolisoonni afur dua nama gurraachaa sababa taan ariaman URL	neutral
or_test_01719	Awwaay GalaaneeAwwaayi Galaa saamunaahinrafu maalan rafaagaraa namuraahin raafu maalan rafaagaraa naamuraa URL	neutral
or_test_01720	Namni akka simormu qarshii kumaatama hedduun sitti qaxaranii Facebook fi Twitter irra akka yaada kee morman godhamaa jira fakkaataa Atuu kana hin beettaa jedhee amana Jiraadhu abbaa qeerroo	neutral
or_test_01721	Tae dhaladhus mucaa hiyyesaTaeen dua Sooresa URL	neutral
or_test_01722	Harumayyuu miila dheereffachuuf  gadi baheen Neediin nadhaanee facemask koo faayidaa ala taasise	neutral
or_test_01723	Hin sodatin sabaa akka hin finne beyna itti futi nama jaalalaamp	neutral
or_test_01724	Nutimmoo Amazon hin qabnu Garuu DhangaaGumaata kana dhamdhamuu feena	negative
or_test_01725	Paartii siyaasaa dargaggoota keeysaawuu shamarran haalaan hirmaachisu hundeessuun barbaachisaadha Paartii siyaasaa fakkeessaa fi shiraan osoo hin taane beekumsaan sochoosu	positive
or_test_01726	Paartileen siyaasaaa amma jiran hundi dantaa aanfootiif malee dantaa ummataatiif akk bakka hin qabne karaa hedduu madaaluun ni dandaaama Yeroo takka takka sobaniit ummata maqaa kaasu Siyaasi dulloomaan kun dhaloot haraa hundaaf liqimfamaas hin jiru Yaada gaarii kaaste	negative
or_test_01727	OROMIYAA diignee  Xoophiyaa  hin ijaaruu URL	positive
or_test_01728	Biyyeen sitti haa salphattuHaaccee koo dua walirra hin dhowwan egaGumaan kee hin haftuRest in peace my Hero             URL	neutral
or_test_01729	Ayii jedhe hacaaluun Osoo qamar yusuf gaafas qarshi hamma haasayu san qabaatee jaartoleen isa wajji gaaeela diigdee hundi turte suni hundi sila dureeyyii hin taatu turtee Galgalaan salphachuudha kuni	negative
or_test_01730	Hin kuftuhin jigduYoomilleeOromiyaa shall be free URL	neutral
or_test_01731	Eenyummaan kee lafee dugdaa keetiEenyummaa kee hin beektu taanaan piilaastikaa qilleensaa irraa deemun garagaarummaa hin qabuu URL	neutral
or_test_01732	Aalamuddin Ammas Albuuda Oromiyaa keessa akka saamuf MIDROC  akka banamuuEeyyama Sooressa Oromoon qabdu Obboo Dinquu irraatti immoo Ololla ofuunAbadan hin tauWeStandWithHim URL	neutral
or_test_01733	Abbaan qabeenyaa OromooobboDinquu Dayyaasaa Gibira kaffaluu dhiisuu fi kaffaluu  ragaan armaan gadi ni agarsiisa URL	neutral
or_test_01734	Yaa Goofta kiyyaAbay Xaayyee iyyuu isaan tajaaba	neutral
or_test_01735	Remix Hoolaa gabaa keessa baasumAreedashe qabaniitoKolfaan muudi natti qabattemNarratti hin baru seeteto	negative
or_test_01736	Ni dandeessa Garuu seenaa kaleessa haraa akka irraa deebitte kaastu sif hin hayyaamnu Obboolleesso	neutral
or_test_01737	Ciminnii fi Guddinni qabsoo yaalii wal irraa hin cinneen qofa argaamaNapoleonHillDhiigni gootota  sanyii muka bilisummaati	negative
or_test_01738	Nama haadha mana Abbaan warraan jala dueetti galluu	neutral
or_test_01739	Gowwaa jaalatefi harreen dheebootee takkaLamanu waan quufaan itti hin fakkaatu URL	neutral
or_test_01740	Nutti taate madaa yoomillee hin qoorre URL	negative
or_test_01741	nama taate dogoggoraanis tau beeka nama yoo miite gaabbin ykn miirri sheena  ykn jeequmsi sammuu yoo sitti dhagahame ati foolii namumma ni qabda yoo akka nama waan tokko hin raawwatiniiti  boqonnaa sammuu qabaatte  namummaarra gad buutetta  siif beeyladaan tokkuma	negative
or_test_01742	Waaqa dhugaa dhugaa oromoo gadheen awwaalte ifatti nuuf baasi gantuu dhiiga keenyaa aangoo qabattee deebitee dhiiga keenya dhangalaaftu nurratti hin dhiisin  Nurraa kaasi ni dandeessaa kaasi waaqi	positive
or_test_01743	Haalli Fayyaa Jawar Hammaataa Deemaa jiraJawar ammas haala hamaa keessa jira Eda galgala gaggabee Gara kutaa ShamsudinTaha geessanii bishaan mataatti buusaa buleDubbiin Doctor Dhuunfaan haa yaalamu jedhee mannni murtii murteessees Pooliisiin Hojii irraa oolchuu dhorkera	neutral
or_test_01744	Nafxanyaan jala deemuu dhiistee osoo ol fuutee mataatti baatteeyyuu si hin amantuu hin dadhabin yaa Ashaagiree numa si wayyaa as deebii Qalbii jijjiiradhu dafii	neutral
or_test_01745	Kan Bara Kan Bara HegareeBarri Hareyni Hijra 1442 ArraJia Muharam kun Kan Zaalmi itti Buqqau Duaaii GodhaaYaa Allah NugargaariiZaalima Kan Akka Firaona fi isa fakkatu jia kana Ati Ummatarra kaafte Yaa Hayyu Yaa Qayyum  WSLLahu ALhi WSLMAmiiiin URL	neutral
or_test_01746	Jawar Mohammed  hanga ammaatti  yaala hin arganne	neutral
or_test_01747	Jawar akka yalamu mani murtii  heeyyame jenne daggachuun nura hin jirra tu  Mani sirreessaa yeroo bayyee ajaja mana murti hin raawwachiisu	neutral
or_test_01748	Haras Jawar fayyaa fi humna hin qabneen mana murtiiti dhiyaachuuf dirqameera	neutral
or_test_01749	Yaaa Takalaa Umaa dubiin hin tanee ammaa	neutral
or_test_01750	Adeemsi yakka qorannaa Jawaar faa irratti deemsifamaa jiru kan bara 1930oota keessa sirni NAZi HITLERiin geggeeffamu Reichstagitti raawateen wal fakkaata  Hayyuu seeraa Awol Kassim Allo	neutral
or_test_01751	Baddaa loomiin hurrumaGaangeen hin dhaltuu dhalte jedhaniiKan jiruuf barri darbeeKan duetti aduun dhiite jedhaniiSeenaa ofii himannu maleeOrmi nuu hin himu ni dua maleeMaaloomaaloomaalooOromoProtests HaacaaluuHundeessaa URL	neutral
or_test_01752	Miilaa fi mataa kee jidduu garaa garummaa jiru dhiphisuuf jedhee Onnee kee sana dagachuufiis jechoota kana dhageeffachuufiis hin dandeenye Hundaafuu hamtuukees hammaachuukees hin fadhu Keeyritti URL	neutral
or_test_01753	Yaa Dr Akkamitti walgayii buaa qabeessa Jetta Qabsaaotii Oromooni qabdu hundii Mana hidhaa osoo jiranuu Lakki nama osoo hin taane Waaquma si uume qofa sodaadhu seenaani si gaafataaThere will never be fruitful discussion nd competitive political parties	negative
or_test_01754	Hagoobara ukkaamsaa interneetii  jala banne baga wal agarree	negative
or_test_01755	Arra Waggaa 8 itti Geenye Twitter Fayyadamuun Hayyee kuniis Gaariidha Alhamdulillah Hayyee Yaadannoo Bartoota Kanaati Kessaafuu Umma Tiyya Akkasuma Dua Haacaaluu Qaroo Teenya OROMO Maraa Bifaan Midhagaa fi Billise Tiyya HundaafInshaAllah Rabbii Wajji URL	negative
or_test_01756	Yaa oromoo gabrumma takka gabromtee hin beknee gabromuuf demnaa Yoo cal janne walirrati ilaaleOromoon warabessan kan nyaatame motumma abiyi fi minilik kessa wan takka hin argiin arguu tenyaa numa ilaala	positive
or_test_01757	Obbo shimalis mata oromo gadii qabacistan homa hin jennu senani isin haa gafatu	positive
or_test_01758	Afaanumman jetuu issiin kaayyoon keessan oromiyaa diguudha malle ijaaruu hin bekktan URL	neutral
or_test_01759	Waaqni guraachi guddichi garaa garbaa tokichi maqaan dhibbaa dukkana bara darbe keessaa nu baase bara kan akka agarruuf nu taasise galanni guddaan isaaf haa tau Bari kun Oromoota hundaaf milki gaari haa fidu Ireecha Gaari URL	negative
or_test_01760	Baga jala bultii ayyaana irreessa bara 2013 ittiin nu gahe ittiin isiin gahe ummata oromoo maraaf kan barana kan bara hedduu nuuf ha godhu barrii golgamaan kun in darbafor all happy festival	negative
or_test_01761	haceen waan hin jedhin jiramoo haceee	neutral
or_test_01762	Osoo limit namaa eyyama gaafatamee dalachuu Taye Bara kana keessa namni tole jedhee dhalatu hin jiru URL	positive
or_test_01763	Harreen Dhuftanii  hin dagatinaaBooraa Siidaa Dabalee irraa bahee abbaa farda fakkaate Minilik URL	negative
or_test_01764	Haqani ummaata oromo akkaanat dabde hin haaftuu URL	positive
or_test_01765	Jawaar biyya ijaara malee biyya hin diigu URL	neutral
or_test_01766	Taye dandaa        taye hin dandau URL	neutral
or_test_01767	Hawwi namoota muraasa tahee hafa malee yomiyyu sirnaa darbetti hin debinuu jaal lamma magarsaa	neutral
or_test_01768	Uuuuuuuuuuuuuuuuuu silaa namuuu  masmaa kiyya hin qabu fataan jedhabboo endewum vocalin hojjadha qooy	negative
or_test_01769	must goFulbanaa 30 boda motumma nuf tahuu kardiin filachuu dadhabnuu median filachuu hin dadhabnuu	negative
or_test_01770	Iyaaseen iyyoodhaKan foolii shittoodha Si yaadeen barooda Si yaadeerakaa iyyaase luleeIyyaa si yaadaan bule URL	neutral
or_test_01771	DrShuggux Galataa otoo mana hidhaa bilxiginnaa hin seeniin  fi erga seenaanii  URL	neutral
or_test_01772	Abjuun Nafxanyaa kana tahu ibsaan malee waan isaanif hin milkahu	neutral
or_test_01773	Taakkee Jabaadhu olola gadi galoo hin dhagaiin ati dhugumaan nama Hojiiti Dhiira akka keetii baayeetu sodaata sodaan ammoo waca fida Kanaaf fuulduratti deemi	neutral
or_test_01774	Hin barihu seetee qaetti haajaa baateeQaanii tee beekkadhugaafa achii bariite	negative
or_test_01775	Obbo getachaa radaa dalbalatee qonodaltotaa issanii walii guyyaa hardhaa tona jala galanii jiruuinjifannoo kan sabaa baladhatii	positive
or_test_01776	Fuula duratti deemnaUlee dhugaa qabanneeWal hin gannu irbuudhaIrbuu dhiigaa kakanneeQottoo alagaan hin cittuHiddi Oromummaa keenyaJabaadhaa wal jabeessaaBakka yaadne ni geenya	neutral
or_test_01777	Dhagaha yaa ummata oromoo ummata bilxiginna kan sammun fayya hin qabne fi abjomaan jala inuma hin demnu didnuu immo gabrumma waggan hin bekamne jala galu kenyaFree all political prisoners URL	positive
or_test_01778	Harki harka hin nyaatu yoo haramu tae malee URL	neutral
or_test_01779	Jaamuu osoo hin taanee tauu sodaadhu yeroo hunda	neutral
or_test_01780	Yaa rabbi nuf baasi hidhamtotaa siyaasaa kenyaa hunda tokko hin hambisiin URL	neutral
or_test_01781	OromooEssa jirta oromoMalif usta oromoHin dhagahamuu oromoMaf caljatte oromoNin dhagaya nan jadhi oromoSi yaaden jira oromooSi dhebodheen jira oromoIsiin arguuf hawwen jira oromo URL	neutral
or_test_01782	Waaee mana waaqeffanaa ilaalcha keessa galchaa qormaata guddaa nutti aateettiilafa mootummaan qaburraa waldootaaf maa hin lane	neutral
or_test_01783	Waan biyyaarratti namanii tokkoo dubaatii hin jedhuu URL	neutral
or_test_01784	Lubbuun Haacaaluun Oromoof Qaaliidha Bishaan hidha Abbayyaa miti lubbuu Atileetota akka Fayyisaa hedduuyyu bakka hin buutu URL	negative
or_test_01785	Waan humnaan nurraa fudhatamee humnumaan deeffanna malee kadhannaan hin argannuuJaarraa Abbaagadaa URL	negative
or_test_01786	Hidha laga abbayaa irraa wanti duubbatti nu deebisu hin jiru Jabaadhaa yaa uummata itoophiyaa Namni dubbii hin beekne akka fedhetti haa dubbatu Nuti hojii keenya hanga galmaan geenyutti in hojjenna URL	negative
or_test_01787	Trump nama marataa wan dubatufii tan dhisuu hin beekneedhaa nama siyasaas hin beeknee fi seeraa iddil Addunyaa hin beekneedhaa	negative
or_test_01788	Mootummaan itiyoophiyaa hayyuu oromoo  beekaa oromoo Jawar Mohammed yoo mana hidhaatii gad hin dhiifne gaagaama biyyaatiif itti gaafatamaan biyya itiyoophiyaa jedhamtuu fi nama biyya sana bulchuudha  Gaaffii seenaa jalaa hin baatan URL	neutral
or_test_01789	AbiyAhmed nama nyaataa shororkeessaa hattuu akka sirna durii leellisu nurraa deemuu qaba URL	negative
or_test_01790	Nu hidhuu dandau Nu ajjesu dandauGaru qabso of dubaa debisuu hin dandaanjawar mahammad URL	neutral
or_test_01791	Hin fudhatin irraa dibaa  boru sii dhibaIttiiqaa Tafarii  URL	neutral
or_test_01792	Namichoo hin burjaajain waan dubbaattu iyyuu hin beektu	neutral
or_test_01793	Shanee fi ABO OLF KFO Hin barreen Haa bartu Oromoodha Martuu	neutral
or_test_01794	Ijoollee mettaa gamaMaal ijolleen wan fute hin galchinee2Sin dhiisuu naa dhiisin2Yoon si dhiise abbaakoo naa dhalchine         Cls keessaa taheen tokkof sirbaan oole haraI will mention that stalker next time if she dont give me any clue	neutral
or_test_01795	Faaya hin gatani akka badu ol kaayani oromo oromoproverbs mammaaksa tourism COVID19	neutral
or_test_01796	Godina Jimmaa Aanaa Limmuu kossaatti mariin nageenyaa fi haala yeroo irratti xiyyeeffate hoggantoota Oroomiyaa fi godinaatiin abbootii qabeenyaa Aanichaa waliin taasifame Mariin kun rakkoo nageenyaa namoota farra nageenya taaniin aanattii mudate furuuf kan kaayyeffate dha URL	positive
or_test_01797	JABAADHAA HARKA hin Kennan RABBIIN isini WAJJIN JIRAADhuma irratti MOOTUU URL	neutral
or_test_01798	Aadde Oroomiyaa Jaalatamtu biyyaaAabdin tiiyya sumaa Haalkaniifi guyyaaa Haalkaniifi guyyaaBeekkumsif guuddinniQabeeynifi barnoonniiBiyya ofiif yoo hin taaneMaali hikaan isaani yaa biyya tooMaali hiikaan isaani	neutral
or_test_01799	Hamma hangi beeku dabalaa dhufeen Hangi hin beekne heddu tauu isaa naaf galeAlbert Einstein URL	positive
or_test_01800	Ormi akka fedheeNi dhufas ni hafaaKan hin jijjiirramnee Uumaakoo si qofaa	neutral
or_test_01801	WorraGujiii Sabi Gujii jedhamu kun saba  seera gugurdaa ka namasaa Seera lafaa fi seera waaqa gadeen gadee Mukii fi Sareelleen Gujii Gurraacha Girjaa biratti seera mataa ifii qaddiAkkas jechuun mirgi dhala namaaHuman right fi ka Dimookiraasilleen kabajamadha URL	negative
or_test_01802	Hacee koo yoomuu si irraanfachuu hin dandau URL	negative
or_test_01803	Saba koo NadhagayiiSaba koo waldhagayiiSaba koo tokko tayiiSaba koo waliif tayiiTokkummaan ballo bayiiJabeeyfadhu irree kee Kunuunfadhu qomoo keeIjaari keeysoo keeBalleeysi dallaya jidduu keeHin cicciramin Hin qoqqoodaminHin gurguraminHin tahin qooda bineensaa	negative
or_test_01804	Sirni Gadaa bara mootummaa Abiy Ahmed  jiru Abbaa gadaa paartii badhaadhinaati yoo jedhe natti hin ulfaatu sababiin isaas bara sirni kun ummata Oromoo duguugaa jirutti callisuu jechuun sirnicha waliin tauudhaan Ummata oromoo duguugaa jira jechuudha URL	neutral
or_test_01805	Ofii hin beekneen bakka namni dhaabbatu malee bakka ofii dhaabbattu hin argitu URL	neutral
or_test_01806	Garaagarummaa dabballoota bilxiginnaafi hayyuu Oromoo gidduu jiru barruu armaan gadii dabballeen bilxiginnaa  barreessee kanarra hubachuun ni dandaama  URL	neutral
or_test_01807	Keessa hin beektuuKeessa qabattee namaa laattiSeenarraa baradhu bro sittiiHimuuf yeroo hin qabnuOromoon Gootummaa waliin dhalate malee waan guyyaa keessa qabate miti okay	neutral
or_test_01808	Sochiin Ambootti egalee Cinaqsaani hanga Beeggitti akka itti fufu shakkii hin qabatinaUmmata jabaatetu kabajamaaKGammachu AyyaanaJusticeForHachaluHundessa	neutral
or_test_01809	GaddaSuukaneessaa GADA SEENA Hin Qabne Guuyya Arraa Magaala ChenkoGhb Irraatti Dabbarsa JiraLubbuNamota 42 Fi Nama Midhan Ciman Irraa Gae 25 DhaGada Seena Hin Qabne Nuu Dabbarsa Jira MagaalaChelenko Irraatti Argaa Dhaaggeetti Dhuga URL	neutral
or_test_01810	Lafa Fardi hin jirre Harreetu garmaama jedha Oromoon	neutral
or_test_01811	Riqichan ragaa waamax2Riqicha Adwaa guddaa isa Finfinnee jiruu Namni seenaa yoo dabses lafti seenaa hin jijjiiruuEenyu akka isarra ceee Xaaliyaani unkuree  URL	neutral
or_test_01812	Anfaarroo Leenca malee Baalchan shaashii hin hidhanneeSaafaa loleetu moe Gabayyoon hin dhaadanneWarraa faagga afuftu nan farsitanii fedhaaWarraa gilgillii baatut saafaa lollefa jedhaKan dhiigaa itti kennineef bishaan bakka hin buutuMaqaa gabaattii baddes gabaatti deebifatuu URL	neutral
or_test_01813	Kana hundumaa na sossobuun sirra hin ture waliin galuu keenyaaf	neutral
or_test_01814	Breaking newsPireezidaantiin biyya Tigraay Dr Muluu Naggaa kana dhiyeenya Abiyyi Ahimed muude sababa waraanni Ertiraa lammiilee nagaa Tigraay fixa jiruuf akka Aangoo gadi dhiisuuf Xalayaa Waajjira MMti galfateera URL	neutral
or_test_01815	Qabsoo Oromoof jecha quba natti qabuu miti qawweellee yoo natti qaban daqiiqaa tokkoofuu hin libsadhuGoota onneen gaara Jawaar Mohaammad URL	neutral
or_test_01816	FederalistMemeOromoon Gumaa Hacaaluu hin nyaatu URL	neutral
or_test_01817	waa tokko yoo nurra gahe fi sababa isaatin biyyattiirratti rakkoon yoo gahe shanee shaabiyaa jedhanii sababa eerun hin tau Kan itti gaafatamu isin abbootii seeraafi mootummaadhaDhaddacha hara irratti jecha jawar dubbaate URL	negative
or_test_01818	Mana hidhaa irraa hanga as geenyutti Aggaammiin takka nurratti raawwatamee jennaan Shanee Shaabiyaa Wayyaanee jechuun hin dandaamuu Kan itti gaafatamu Mootummaa fi isini	neutral
or_test_01819	Mana hidhaa kana  akka gaariitti qabaakeessoo isaas qulqulleessaa mijataa taasisaa Gara fuulduraatti isin fayyaduu dandaa taa      Proof Mararaa Guddinaa Piroofesarichi ni raagu Jechi isaa lafee irra malee lafa hin buu URL	neutral
or_test_01820	Dubbiin Finxaaleyyii fi Haftee Asaminoo tsiggee iristii fi Histii dahoo godhachuun ummata keenya Walloo Kamiseerratti xiyyeefachuu kun Xiyyeefannaa Mootummaa Fediraalaa barbaada URL	negative
or_test_01821	Olaantummaan Seeraa jecharraa gochatti qaama Sagale guddiftuu biyya tanaa tohatee jiruu fi hin jirre hundaratti wal qixa hojiirra oolchuun aadeyfatamuu qaba	negative
or_test_01822	Qabiriin shek harar kana fakaat mee naminii Abaa fi hadha isaa yookin obolesa isaa yokin fara isaa qabirii kanaa hin qabinee nijaraa URL	neutral
or_test_01823	Namichi  qubee afaan Oromoo seeraan haalan barreessuu hin dandeenye Awel Abdi Abdo  mana maree naannoof dorgomaa tae dhiyaateera URL	neutral
or_test_01824	Kabajamoo kantibaa keenya ati hojii ummata fayyadu hojjechuuf guyyaa halka sochoota Garuu habashaan Afaan keenya barte aanaa irra teessee barumsa Afaan Oromoo Qabsoo meeqaan eegalame doomsuuf deenas Jirtuu fakeenya Bole bulbulaati mana barumsa Caffee bulbulaa Rakkoo hanna jira	neutral
or_test_01825	Soba dhugaarraa fagaateeEenyutu utuu midhaan hin nyaatin hangana turuu dandaa	neutral
or_test_01826	Na dagattee hin beektuInnichi na baate barruun kee haa ulfaatuFaarfannaa irra hin dabarreURL	negative
or_test_01827	Gowwaan Hambaa corteeHara buluu feetuGaafa lafti dhihuNi baria hin seetu Leta kenai URL	negative
or_test_01828	warqiin xuraawus giraamni isii hin hiratujireenya keessatti filannoo 2 qabda1 waan dabarsite yaadaa sheenawaa jiraachuu2 waan barbaadduf qabsaawuusirritti itti yaadii filadhu URL	neutral
or_test_01829	Oroomummaan enyuumaa kottii oromummaan itiyophiiyumaa dha Harcaatuun nafxaanya Hinaaffan Iyyiituus homaa hin fiduu URL	neutral
or_test_01830	Kolkolee hattuu dakkuu gandaa kessaa ergamtuu TPLF fi Abiin deemi galii hattichaa	neutral
or_test_01831	Gootota Oromoo warra Shinniggaatti Wareegama muraasa Seenaan isiini hin dagatu  URL	neutral
or_test_01832	Hin qabu fira Naman itti of GatuHin Soba namni Kan jedhe hin yaadatu URL	neutral
or_test_01833	Furmaani sabaafi sablammii Ethiopia keessa jiraatan maaliidha Humnaan walitti qabanii cafaqanii bulchuun ni taatiAbadan humnaan hin yaadinaa hin taatu  This time no slaves	neutral
or_test_01834	Nuyi dhugaa hubannee erga beeknee booddee jaallannee beekaa cubbuu yoo hojjenne aarsaan sababii cubbuutiif dhiaatu siachi hin jiru  Ibr 10 26 URL	neutral
or_test_01835	Nuyi dhugaa hubannee erga beeknee booddee jaallannee beekaa cubbuu yoo hojjenne aarsaan sababii cubbuutiif dhiaatu siachi hin jiru  Ibr 10 26 URL	neutral
or_test_01836	Covid19 haalaan hammaatee jira Mask keeyyachuu fi harka keessan sanitizer fayyadamuun qulqulleefachuu hin dagatinaa Fayyaan FaayaOromia landofdiversebeauty visitOromia OTC URL	neutral
or_test_01837	YaaGootakooAn Jaldeessa hin jaaladhu yaa goota kooObboleessa Booyye yaa gootakooAn Dabessa hin jaaladhu yaa goota kooObbolessa koolle yaa goota kooItti haleeli yoo siigame yaa qeerroo kooHH	negative
or_test_01838	Kufaatii hin sodaatin Wanti sodaatuu qabdu bakkuma takka taauun Waggaa dhufu akkuma haraa tauu sodaadhu	neutral
or_test_01839	Sirna qeenxee faarsuun hiree walabummaa keenya gufachiisuu hin dandauu kana beekuu qabna nuti ummanni Oromoo	neutral
or_test_01840	Ati Waraabetii Foon Qomaaxaatiin guddate fakkaattaKan biraa ati Siidii juuntaatauunkee gaaffii hinqabu sababiin isaas kalaqa Juuntaa kantae jecha Nafxanyaa fii Qurcii  jedhu ofkeesaa yaaftee hin quuftu waantaeef  Ati basaastuu dhala TPLF afaan oromoo bartedha	neutral
or_test_01841	Dhufeen sifudha gadi bahi na egii	negative
or_test_01842	Yeroo baayyee Oromoon amhaara waliin jiraachuu hin dandau Yaada jedhutu deddebia Maddi yaada kanaa sodaa Oromoon amhara waliin walqixa olaantummaa isaa kabachifatee bulchee buluu akka hin dandeenye calaqisiisa kun ammoo ilaalcha gad antummaa qabaachuu fakkaata	neutral
or_test_01843	Link kunootiSAGLII by  GammachuIlubbaaborhooyyeeIlubbaabor hooyyee Ilubbaabor fardi booraa Ajjeesan faachuma kooraIlubbaabor fardi koraa Ajjeesan faacha koora Koora malee hin yaabaniYaa kiiloole sirbii maleeURL	positive
or_test_01844	Wanti maqaa ABOn Shlixaa gindeberet keessatti adeemaa jiru maalidha  Mana manaan haga qarshii 200K qoteebulaa dirqiitti kanfalchiisaa Saamicha gochaa kan jiru eenyu OLAn harka keessaa hin qabu yoo tae garee kana saaxiluu fi irratti qabsauun maaf dadhabame	neutral
or_test_01845	Oromoon ummataa guddaa kan hin dhoksaan URL	neutral
or_test_01846	Oromoo ummata abbaa Gadaatiin bulaa garuu nama Ethiopia tuqu hin jaalaatu	negative
or_test_01847	Yaa walalaa walaliituu   Tibban sii yaade hin bariituu	negative
or_test_01848	Boruu hin beekneen qodaan bukoo ishee sagal	neutral
or_test_01849	aangoon opdo qaamadii mana kuusara hattuu malehaamilee wbo  arraabsiitu hinqaabdu URL	negative
or_test_01850	Isaan waliin walii galtee uumuun hin turre isaan bar warra gumaati	negative
or_test_01851	Ati addunyaa kanaaf barbaachisaadha Nama addunyaaf barbaachisu tau kee namatti osoo hin tain ofitti agarsiisu dandau qabdaAti ani addunyaa kanaaf nama barbaachisa miti jette kan of yaadduu taanan ofii keetif tae hawaasa keessa jiraattuuf waan gaari miti URL	negative
or_test_01852	abiyi angoora yoo  buuftee maletplf waraana dhaabuu hin qaabu URL	negative
or_test_01853	abiyifi nafxanyaan waalqixuuma sabaafi sablaamotaati hin  aamanaan URL	neutral
or_test_01854	waalmaari mootummaa pp tifi tplf jiiduti biyyaa soodaniti goodhamu deemaa dhaagayaama jiraoddoo hayyootan ilmaan oromoo hiidhaa jiiranu goonkumahu hin  miilkaawukaan humnaa qaabu qoofa kaan nagaaya buusu dandaahu loogiin hadhaabatuwaalqiixumma male URL	negative
or_test_01855	waalmaari jawar aalatii goodhamtu nuti ilmaan oromoo beekamtii hin keeninufi URL	negative
or_test_01856	meesha akkaana taana ABO tokkolee hin boojinee mee nugarsiisa URL	negative
or_test_01857	biiyti hayyuu keenyaa jawar mohammed  hin  feene caaphu dhiisi haadhuukoytu URL	negative
or_test_01858	nafxanyaan baaga ajjeesanfayyaa haadayanakkaa nama tokko oromootihiima diideen du aa hin  diidu URL	negative
or_test_01859	wayyaaneen wara  waraana ittiis itoophiyaa burkuuteysaani naano tigraay biliisomsaani lolaa naano isaaniti biyyaa birraa geysaan tanneen ciidin hamiile hin  qabnee boojihaamuf dhaaqanmaqa oromootu wara  dhaabamsiisu wara  caaraqiu URL	neutral
or_test_01860	itoophiyaan waan duteef waari afoosha tokko akka hin  hafnee gadii faageysineti firaa awwaala URL	negative
or_test_01861	pp nafxanyaadhanafxanyaan haqati hin  aamantuu oftuultuudha URL	positive
or_test_01862	oddoo tplf finfiine hin seeneyaa WBO humnaa qabdaanin finfiinee seenuf nudursaarabbiin isiin biira hadhaabatu URL	negative
or_test_01863	nafxanyaan haaqa hin  fudhaatukaan nafxanyaa haaqa fudhaachiisufkaan iffaaju akkaa nama dhaaga biishaan akkaa gadseenu barbaadu URL	positive
or_test_01864	Hordoftoota Amantii Muslimaa Hundinuu Baga Jala Bultii Ayyana Idaal Adaha Bara 1442 Ittin isin Gahee Baga geessan Ayyaana Gaarii	neutral
or_test_01865	biytii itoophiyaa jaaamtu haaga gaanfaa afriikati dhaabamtutigaafni afriika nagaaya hin  argaatunafxanyaan yeroo hundaa lolaan oroomiyaa keysaa jirataanaajandaa haaraya nubaasan URL	neutral
or_test_01866	Seenaa injifachuu malee injifatamuu hin qabnu NoMore EthiopiaPrevails URL	neutral
or_test_01867	Nuti warti ARSEE  waaqni Gurraachaa hunduma keenna walii  yaarau jenna malee abaaruu hin feenu Ykn ammoo garaa ballannee ofitti lakkoofsifna Mane n kabbaadiidha garuu kana bar Ayyaani Gurraachaa isa waliin yaatau	neutral
or_test_01868	Famous tauuf deemtam Verification hin barbaaddu	neutral
or_test_01869	Ani dhalata amboti hoji dhabne Finfine kessa Jira hidda male xannachi hin dhigu naa gargara 0914131132	negative
or_test_01870	American saalfii dhabdeetti Ethiopian sumale miti Sooria miti Liibiyaa miti Yameniin miti kan yeeloo hin beekne salphina  golgatii jedha oromoon	neutral
or_test_01871	Hidhaa haroomsa Guddichii Ethiopia  yeero jia tokko hin caalle kessatti Annissa humna Ibsa maddisiisuf jaame URL	neutral
or_test_01872	Hirirra Deeggarssa Raayyaa Ittisa Biyyaa fi Baalalleeffanaa juntaa fi Ergamitu waayyanee biyyaa keessa fi biyyaa waliin proopogaada soba gocha jira Uummatnii Magaala walisoo ergamituu fi sobduuf biyyaa keenyaa oso nutti jiru hin diigamuu jechuun hirriraa baalalleeffanaa irra URL	neutral
or_test_01873	Biyya abbuma biyyaaf dhiisaa Biyyi abbumaan tolti        waliif jirra  URL	negative
or_test_01874	Hogganaan waraana TPLF Konoreel  GutsishiGabree Lola Dassee irratti  toannoo jala oole  Itti muddi URL URL	negative
or_test_01875	Waan hin beekanii saree kana akaayii barsiisa jedhe Jaarsi jedhan	neutral
or_test_01876	Isaan ilmaannua oromooti  kuni dhirumma miti oromo beelwee baqate biyyatti galaa jiru loluun lugnummaa dha Shiftumma meeshaa irra hiikatuuf loltan malee Oromumma sabummaf hin mitii  Ragaa waliin enyu enyu akkataatan akka sin inhimnee WBOn ille sin hindhiisu Caffa	neutral
or_test_01877	Gadhummaa keessan agarre duraanis zamana dargii sinumaattu moosiise bilxiginnas isinumatu moosise amma yoo milkooftan angoo kennitaniifi bosonatti deebitu  Nuti ummanni Wollo Oromiyaa dachee barbaadu fii maqa keenyaan nagaddu osoo hin tain eenyummaa kenya qeebaltee barbadna	neutral
or_test_01878	Isa Dammakoo Nagaa BulteeIshee nagaahaa Natti Hin Dubbatin Kankoof kankee asumarratti raawwateIsa Dua Qofatu Addaan Nu Baasa Hin Jennee AtiIshee Dua Abaluuti Jennee  Kunoo Adaadaan Koo Duuteetti Lammata Bakkan Jiru Hin GahinOromo meme habesha	neutral
or_test_01879	Oromoo qulqulluu kan huuba hin qabne Sabboonadha kan waaqnii fi lafti beeke  deeggaruu qofa miti abaotatu na guddise	neutral
or_test_01880	Gudoo tiyya nu hin bitamnu alagaadhaaniinot alaa gandaanii	neutral
or_test_01881	Hallibaayee yoo sitti cimee waan darbu sitti hin fakkaatuMiti garuu kan dhabarredarbne waaqa qofaOftai be yourselfDDkA URL	neutral
or_test_01882	Waan keenya badhaana nenne malee kan hormaa barbaanna hin jeenne URL	neutral
or_test_01883	Kabajamo mumichaa biyyaa kenyaa  Dr Abiy Ahmed Anni Issin Irraa Bekkaa Taee ossoo hin tane gitaa lamumaa kotti bahuuf  halli biyyatti irraa jirtu kuni nuu yadise jira Lola kana yeroo gababa keessatti golabu qabduyoo achi illalu jarii tuni kara lafe duguda biyyatti cufi	neutral
or_test_01884	Kun ragaa guddaadha Yakka irraa wal oolchuuf  miidiyaan Ashaara  heeyyama hin jedhe Yoonatan Tasfayee  URL	neutral
or_test_01885	yoo simannaa qabanee bakki Nutti dhabamne hin jiraatu URL	neutral
or_test_01886	DhiirooBunni qursii hin qabneefiDubbiin qurxii hin qabne tokkuma jettaniiree	neutral
or_test_01887	Sanyiikoo Waan biraa hin jedhu	neutral
or_test_01888	Lencii  Seena Hin Banee Sena hin tortoree Hojjetee Lencaa Kiya URL	neutral
or_test_01889	Dhuguma jette fb Akka nutti hin Banamne nurraa itti himaa Tuweter barannaa arra laaluu malee eeysatti Akka barreeysinu hin beeynu	neutral
or_test_01890	CongratulationDr AbiyWaan tokko jechuun barbaadaWaaqayyo siin waan gaarii tokko akka jijjiru shakki hin qabu garuuNamoota hamoota garaagara gara hin taanetti si ofaan naannoo keeti fageessiWaaqayyo kee amadhadhu akka si gaggeesufKadhannako keessa jirta	neutral
or_test_01891	Inni guyyaa  kanaaf siqopheessuuf jedhee mudannoo hamaa hundumaa jalaa similiqsee sibaraaree haraan si gahe si wajjin jira Jabaadhu	neutral
or_test_01892	All the labour of man of man is for his mouth and yet the appitite is not filled or  itti daadhaabee hojjeechuun nama hindinuu qoonqoodhumaa isatiif kanumaa keesaayyuu fedhaa Isa oto hin guuttatiin hin haafu Lab 67	neutral
or_test_01893	I cried unto the lord with the my voice and the heard me out of his holy hill sehal or Ani sagaalee ko ol kaafadhee waaqayyoon Nan waamadha Ini immo tulluu Isa isaa qulqulluu irraa deebiin anaaf hin kenaa Far 34	positive
or_test_01894	Nammi 4tu Jiraa Jedhe beekaan tokko1 Kan hin beekne akka hin beeknes kan hin beekne2 Kan hin beekne akka hin beekne kan beeku3 Kan beeku akka beeku Kan hin beekne4 Kan beeku beekuusaas kan beekudhaJedhe tureWaanuma hundaafuu maadaalliin jiraachuusaa gaariidha	neutral
or_test_01895	For thou hast girded me with strength unto the battle thou hast subdue under me those that rose up against me Or ati lolaa sanaaf mudhii ko hidhaachifteettaa Warrii ana irraati kaaniis ana jaalati akkaa gombifaaman hin gotee Far 1839	neutral
or_test_01896	Yeroo hunduuma Waqaayyoo si wajjiin jira hin soodatiin	negative
or_test_01897	Dhaloonnii Kun Waqaayyoo maalif hin soodatuu	neutral
or_test_01898	Dirreen qabsoo keenyaa yoomuu sanyii Solomonin  hin dhuunfatamtuu  Kana akka tauuf immoo nutii imaana Wareegamtoota haqaa keenyaa irraa dhaabbannee irree tokkoon osoo duubatti hin deebinee itti fufiinsaan  imalchiisuu qabna	neutral
or_test_01899	Godina Harargee Bahaa Aanaa Cinaaksanitti Waraanni Shiftaa Abiyyi bobbaasee ittiin Uummata dararu dargaggoota qaama kamirraayyuu walaba taa kudhan 10bakka tokkotti Isin Shaneedha jechuun rashante haga ammaa namni lama bakka jiru hin beekamu	neutral
or_test_01900	Tplf aarsaa hamma kana eentu kafalchiiseWalii galii galteen tplf waliin godhame sin haga fuuldura deemame caala of duuba deebisuu ummata oromoo taati jennee amanna	neutral
or_test_01901	Baayee nama gammachisa walitti makamiinsa paartii sadarkaa biyyatti ani kanaan dura argee hin beekuu waan gaarii fuuldura keenya dhaloota boodatiif buuura tae taauun kan itti fuufsiisuudha umrii si haa dheeressuu Rabbiin guddaangalatomi URL	neutral
or_test_01902	New Tadele Roba Music Sample Afaan Oromoo lyricsYoo qabeenyaaf jettee biyya ormaas deemteMidhaan gooftaa malee akkamu siif hin toltu Nuu waliin dhaabbanne wal dhabnee mall taanaa  URL	positive
or_test_01903	Nama bara barri gadheessuufi bara molatu itti hin dhagahamu jedhu abbootiinAtis sanuma jechuukooti	neutral
or_test_01904	Twetaruma irrattille tokkumman keenyaa maaliif tdf gadi tau dandae	neutral
or_test_01905	Abdii hin kutin waan egate hanga xumurtuu  URL	neutral
or_test_01906	Namni Xaarmusii keessa bue keessaa bahee hin beekuSource anonymous possibly public quotation	neutral
or_test_01907	Maali mallisaa Warri jettan Adda waraanaa adeemuu yoo hin dandeenye ammoo maallaqaa fi wanta dandeessuun tumsa gochuu	negative
or_test_01908	Garaa garummaa Galata haadha keetii kafaluu hin dandeysu jennaan akkamitti Dugdatti baadheetiin xuraawaa irraa dhiqee tajaajilaa jiraa jeeen   Akkasii miti Isiin yaroo si tajaajilaa turte yaa Rabbi naaf guddisi jechaa si tajaajilte ati ammoo narraa ajjeesi jetta URL	negative
or_test_01909	Itiyoophiyaan koloneeffatamtee hin beektu Ammas kolonii ammayyaa Afrikaanota bakka buute nii injifatti March4Ethiopia EthiopiaPrevails	positive
or_test_01910	Ani hoggansa kiyya faana duuluf qophii dha utu nutii jirru biyyi keenya baandaadhaan hin weraaramtuu March4Ethiopia EthiopiaPrevails           URL	neutral
or_test_01911	Murteen MM DrAbiyyi akka isa dura duunu nu taasisa malee  nuti teenye inni duuluu hin qabu March4Ethiopia EthiopiaPrevails	negative
or_test_01912	Abichuu si waliin jirraAkkuma kana dura kolonii hin tau jette Itiyoophiyaan ammas kolonii ammayyaa kan warra dhiyaa hin fudhu jechuun sirriidha March4Ethiopia EthiopiaPrevails	negative
or_test_01913	Bilisummaa arganne ni tikfanna malee gabrummaatti hin sharafnuKanaaf ni duulla March4Ethiopia EthiopiaPrevails            URL	neutral
or_test_01914	Qeerroofi Qarreen wayyaanee kaleessa arie hara hin simatu Inumaa awwaala ishee gadi fageessuf hidhannoon ni duula March4Ethiopia EthiopiaPrevails          URL	positive
or_test_01915	Oromoon nafxiirraa bituu fi gurguruu hin qabu URL	negative
or_test_01916	yarabi yoom rako keysa nabasaBiyya suu udi mati oromiya akana godhu jiira Ethiopia arkko hin jiiranii malii uutii oromiya Tana ee mutuma hindubatu Yarabi yarabi yarabi suma abdana motuuma nuuf hin jiiru ee rabbiin qabnaa mootuma Ethiopia  jiiratee  nama iixubiya URL	neutral
or_test_01917	Mirgoonni dhala namaa addunyarra sarbamuun hafee waljaalachuun yoo jiraanee buaa malee miidhaa inni qabu hin jiru kanaf wal haa jaalaannu tokko haa taanu yaa ummata addunyaa kana	neutral
or_test_01918	Godina horroo guduruuf wallagga bahaatti humni finxaaleyyii amaaraa manaaf lubbuu namoota hedduu galaafatanOna jaardagaa jaarteetti lubbuu namoota 11 fi qabeenya 120 ol tahutu barbadaaejestice for oromia URL	neutral
or_test_01919	Eenyuun akkas tae eenyutu salphisaa jira jennee dhugaa hadhaawaa otoo liqimsinee hin wayyuu	neutral
or_test_01920	Inni Abbaa qabu abbaatti himataInni haadha qabus haadhatti himataaInni kana hin qabne booyee xaragataaWePrevailsNoMore           URL	neutral
or_test_01921	Marii biyyoolessaa dhihoo adeemsifamuuf jiru irratti An Angoo gadidhiisuun furmaata rakkoo biyyattii hiikuudha jedhamee kan itti walii galamu taanaan an angoo dabarsee kennuf qophiidhaDr  Proud of you MM Itiyoophiyaa URL	positive
or_test_01922	Namni akka fardaaHarree nyaachu bare gaafa akka namaa nyaate dua  URL	neutral
or_test_01923	Namni akka fardaaHarree nyaachu bare gaafa akka namaa nyaate dua  URL	neutral
or_test_01924	Goota ofii nii egaatan kaa waa hundaa hin dubbaatan yaa oromootiyyaa URL	negative
or_test_01925	Oromoon akka sabaatti takkaa nama akka gurbaa kana hiree saba kana qajeelche argatee hin beeku Itoophiyaanis akka biyyaatti hooggansa akkanaa ummata biyya kanaatiif gaarii yaadu argattee hin beektu Kana qofan dhiibbaan dhibbatti beekaHappySunday URL	positive
or_test_01926	Gammachuu keessani hubbannaan godhadhaa Awwaara hin kaasiinaa Awwaara gaafa kaastani ijatti hubannaa akka nu jin dhorkine is in yaaddachoosuufi	positive
or_test_01927	Dachee tokko irratti goobeekaan gaddhiitamee jiraatu biyya itiyoophiyaa jedhamtu kana suphuuf horteen minilikiif gargaartonni miniilk halkaniif guyyaa hirriba dhabanii fiigu Habadan biyyi sabni hunduu keessatti hin kabajamiin haa diigamtu	negative
or_test_01928	Gadaankee GoobaneeSamiirraa mulataUrjii ardilee torbaaBiyya hayyuu hayyootaaBara Baraanii URL	negative
or_test_01929	Hidhaa fi ajeechaan gidiraan maati hidhamtoota hidhufi rakkisun ethiopiaadhaf furmaata hin fidu qabsoo fininsuu taaa maale URL URL	positive
or_test_01930	Abboo amma oromoo foolii dhawuu jalqaabdee jabaadha nutis isaan duuka jirra jalqabuma orthodox Amaanta oromooti miti kan worraa kaabati kan oromoo waaqefatairkanneefachu GUJIIF BOORANAA koota laala	positive
or_test_01931	Namoonni baayeen hedduun yeroo barreeffamaa Daaqonii nafxanyaa kana argan Daanieel Afaan Oromoo barreessuu eegaleera jechuun guddoo mirqaanuun hin hafne  Akkuma saree gurra ishee irraa  muranii foon jedhanii kennaniif  sana dubbiin URL	neutral
or_test_01932	Yeroon addunyaa kanarraa  duan darbuu barreessaa fi Gaazexeessaa Gadaa GAbb dhagauu gaddaa guddaatu natti dhagaameGadaan dhalootanis tae dhiigaan Oromoo jechuu dandeenya Oromoo Addaggummaa  malee waaee seenaa Oromoo hin beekne kumatama caalaaRIP URL	neutral
or_test_01933	Tokkummaan afaaniin osoo hin taane onneerraa tahuu qaba	negative
or_test_01934	Oromoon Walloo nu malee sagalees tumsaas hin qabu Oromoon marti Walloof sagalee tahuu qaba Kun yakkaa miti yakkamaan isaan miidhaa jiru akka ifitti qaanfatu godhuuf nuti hundi Oromoo Walloo tahuu nu barbaachisa Wallo Godina addaa odoo hin taane Oromoo addaati URL	neutral
or_test_01935	Dubbiin kun dhugaa taanaan garri deemaa jiru tilmaamuun nama hin dhibu URL	positive
or_test_01936	Dhirra hatti Dette  Janna rakkoof fuurtuuOdduun osso hin taiin hojjin aggarssisttuuTakke Nu jabbadhuu Cuufi Odduu affuftuu	neutral
or_test_01937	Hooooo heeeeee falmachuun fala hin deebinu jala URL	negative
or_test_01938	Dhugaadha nageenya malee jireenyii hin jiru nageenyi buuura waa hundaati URL	positive
or_test_01939	Namni ati duutee dua oolchite tokko URL	neutral
or_test_01940	Osso isini bilchinaan bosonati haftan dhiiga nuu qolachuu dhabdan sila finxaalleeyyin dachi irraa nu dugugaayi three Galani keessaa nuti baasuu hin dandeenyu WAAQNI gurraachaa has isiniif baasuu  Isiniif gadjenee     URL	neutral
or_test_01941	Oromoo Jennee manaa baane Amantaan adda adda hiramuun duatti wal kenninee hin gallu Irbuu ShinnigaaOromummaa Ebla15 URL	positive
or_test_01942	Hani ni qallatti malee hin cittuJabaadhaa Yoon illee mirgi keenyuma Hedduun isin jaaladha	positive
or_test_01943	Yaa Rabbii bakka kamituu warra tikaa kee jala jiru nu taasisiYaa Rabbii onnee sodaa keetin guutamtee nuf kenni URL	negative
or_test_01944	Ilmi Dhugaa siif haa Dhalatu Hayyuu keenya URL	neutral
or_test_01945	Caffee Oromiyaa Gaaffilee Gurguddoo Yaaii Caffee Oromiyaa Guyyaa hardha Maqaa Nageellee Booranas dhahuun maalif akka yakkati ilaalamaa Godinni Booranaa Baha Booranaaf maalif hin kennine Saamichi Lafa Booranaa maalif Dhabachuu dadhabee Daangaa Nageellee Booranaa URL	neutral
or_test_01946	Gochaa gara jabina irra darbee haramanummaa naafxanyoonni oromoo irratti hojjetan Osoo lubbuun jiruu miti dueeyyu namni ibiddaan hin gubamuFalmadhu qeerroo URL	positive
or_test_01947	Achiin buusan asiin dhufna mark sodaa hin qabnuu URL	positive
or_test_01948	Biyyatti ni jijjiirta jijiramniis jira garuuAbaarsi dhala oromo kan lafa dhabeLafee dhabe Malummaa saa dhabeeFaffacae kopummadhaan kabajaalle dhabeWaaqani midhamaa ni gargaara yoo tahe jijjiramni isaan hin hammane kan madaa saani hin qoorsine damma dhiigaan makameedha	neutral
or_test_01949	Gurri jiraatef hin dhagau yoo yaadi jirate male	neutral
or_test_01950	Hacee yomiyyu sin hin dagannu bollake daadhin ha guutuCheck out OROMTICHAAs video TikTok URL	neutral
or_test_01951	Idaamuun afaan qofan utu hin tane hojjin walitti BAQNEERA ammoo URL	positive
or_test_01952	Lakkii Situations room keessa turee eessatti lola deeme Namichi hin sobin	neutral
or_test_01953	Hu adhaa yaa oromoo Dubbiin kun akka salphaatti ilaalamuu hin qabuhaa dammaqnu URL	positive
or_test_01954	As wr wb jaalalaa fi hadooddiin isi mana khanaaf qabdan rakkoo mana khanaa furuuf gahaadha hamiileen obbaleeyyan kiyya hedduu namatti tola inshaaAllh buaas arkuuf teenya manni kun nu malee nama biraa hin qabu URL	neutral
or_test_01955	Warri manni barumsa meahsdelnur maal tahe jettan manni barnootaa kan ummataa waan taheef Rakkoo isaa ummanni beekuu qaba ummanni ammoo Rakkoo mana baruumsa isaa dhufee hubachuu qaba dhuga namoonni tokko tokko warri Rakkoo meahadelnur akka hin dubbanne fedhuus ni jiragaru URL	positive
or_test_01956	Osoo nuti jirruu Manni Barnootaa keenya Rakkoo keessa hin galu Meahada koof nan awwaadha URL	neutral
or_test_01957	Mootii akkanaa yoomiyyuu tanaan biyyi arkatte hin jirtu hubadhaa  URL	positive
or_test_01958	Ummanni tigiraayi uummata keenyarakkoo hamaa keessa jira gargaarsa barbaada furmanni nageenya buusuudha waaranni yaalamee yaalamee dadhabame nageenyatu nubaasa URL	negative
or_test_01959	Ani Waaqayyo gooftaan keeIddoo ati dhaqxu hundumaatti sii wajjinan jiraatii ati cimi ija jabaadhu hin sodaatin hin nainis jedhee si hin abboomnee ree jedheMacaafa Iyaasuu 19 MACQULURL URL	negative
or_test_01960	Walaahii bilaahii mootiin akkanaa Adunyaa irra hin jiruu  Abiyii arkkachuuf Ethiopianni carroomttee  duuba umrii dheertuu kadhadhaaf ani gamakoottiin	negative
or_test_01961	Jaazbaa eyesii  aka kee yeroo Huundaaa waee garraa lalalabaa  horri bitafimirgaa Issa hin beknee	positive
or_test_01962	Jabiwaan aka kessani Kanna wajiin oromoon bilisomuu hin dandauu horiwaan bitafimirgaa   hin bekneezamannaa hudaa bouu addaaagodhatee	positive
or_test_01963	Namoota sirba sobaatiin waan biyyi guyyuma tokkotti baddu isinitti fakkaatu hundaaf mootummaan itoophiyaa waanuma muraasaan hin diigamuu hin gowwoominaa	neutral
or_test_01964	NamaGargaaruufNamaTahuunGahaadhaBaalee Bahaa uummanni hoongee fi beelaan biyyarraa buqqaaa jira Qaama dhimmi kun ilaalu hundaaf atattamaan deegarsa namoomaa isinirraa waan barbaadaniif nuu birmadhaa Ka qabeenya rabbi sitti kenne uummanni dhume Baalee birmadhu URL	neutral
or_test_01965	Bunaaf nagaya hin dhabinaaJimma Oromia Ethiopia   URL	neutral
or_test_01966	Ani bowwaa dukkanaaaa sodaachisaa keessa yoon adeeme iyyuu hamaan anatti dhufa jedhee hin sodaadhu ati anaa wajjin jirta uleen keetii fi dhaabbanni kee ana in jajjabeessuMACAAFA FAARFANNAA 234 MACQULURL URL	neutral
or_test_01967	Kadhata keessan ittuma fufaa malee hin dhiisinaa1 GARA WARRA TASALONIIQEE 517 MACQULURL URL	neutral
or_test_01968	Namaan if jaalachiisa jette hin cinqamin kan si beeku ifiifu si jaalataa Jaalalli warra of miidhus warra wal miidhus hin fedhu Warri wal jaallatu Sababni jiraachuu isaanii walii isaaniiti  Finfinne URL	positive
or_test_01969	Ganda Gandummaa fi Tokkummaa Qabsoo Oromoo keessatti Hayyuu Falaasama fi Siyaasa kan taan Dr Husseen tiin URL	neutral
or_test_01970	Uffeemaal tahaa laata gidiraa saba koo argurra an yoonYAA WAAQ FIRDII QAJEELAAN KAN KEETIIM	negative
or_test_01971	Gaarummaan kee dhukkubbii  miira gantummaa  garaan si gubuu sitti fiduu dandaa   Maalumaafuu gara laafessa tai   Gaarummaa kee namni hundi deebisuuf hin deemu   Gariin isaanii illee ittiin taphachuuf jiru   Gara laafessa yoo tauu baatte enyu taata ture	neutral
or_test_01972	Ummati oromoo Hundii kenyaa sher sher woliif hagonu follow follow gochu hin Daggatina URL	negative
or_test_01973	Qormaanni numudachuu nii dandaa haa tau malee nii mooannaItoophiyaan sodaachisa waraqaa fi sirba sobaatiin hin diigamtu URL	neutral
or_test_01974	addunyaa gadda irraa fayyisuu hin dandeenyu garuu gammachuudhaan jiraachuu filachuu dandeenya	neutral
or_test_01975	Gadi yaasi shirtuu keessoo badhaadhinaa teessee Abiyyiin maqaa balleessitu URL	positive
or_test_01976	Haangaasaan Dubbii gadi yaaseera Abbaasaa URL	positive
or_test_01977	June 29  Guyyan kun guyya oromo koff      Gadda ture Hacce koo akkuma         Laffotti amatta 2ffa issa kabaja          Jirra kuno ahhha yaa balbala garaa URL	neutral
or_test_01978	Hanga harargeen jirtu oromoon hin gabroomtu jadhe DR maraara guddina	neutral
or_test_01979	Namni oromoo taatee as irraa jirtuu wal arrabsuu fi wal tuffachuu haa dhifnuu Utubaa biyyaa itoopiyaa kan oromoo fi oromiyaadha Obsii yaa oromoo Abdii tee Bilisuummaa Abbaa biyyummaa Afaan kee Afaan federalaa tahu Bilisuummaan dhiigaan Qabsoo karaa naga hin jirtu	neutral
or_test_01980	Of hin wallaalina isin waredhisaa nuti kana isinirra hineyneejohar ijakenya xuqasa hindanadenyu alabanis kesanimiti kanumataoromooti	positive
or_test_01981	Yaada kiyya bilisaan ibsachuu nan dandaha hangaan mirga nama biraa hin tuqnetti saba kiyyaaf hojjadha jedhee wantan itti amane irraa of duuba hin deebiu because sabni kun rakkoo hangam jala akka jiru nan arga waan taheef	negative
or_test_01982	Tsegish wanta itti amante dubbatte wanti dhiifama jedhamuuf hin jiru garuu qabsoo oromoof ejjannoo sirrii qabaannaan abbaan fedhe yaada isaa bilisaan ibsate saba kana gabrummaa jalaa baasuuf wanta barbaade godhuu dandaha hanga ummata oromoo jaalatutti	positive
or_test_01983	Haacaaluun Oromoofi Oromiyaaf qabsayee Oromoofi Oromiyaaf wareegame Nan Sobee nuun jedhe osoo takkaa ofis saba isaas hin sobin dhugaa Oromoo cichee wareegameQABSAAAAN NI KUFA QABSOON ITTI FUFA URL	negative
or_test_01984	Partin pp oromiyaa fi oromoo bakkaa hin butuu Paartiin oromiyaa fi oromoo bakka butuu ABOFI KFO  I LOVE YOU	positive
or_test_01985	Galata mormaa mataan quba hin qabu	positive
or_test_01986	dhamaatuun dhamaatii malee baaduu hin dhugduu	neutral
or_test_01987	Jalallii nama jalatee qofa hin jalatuu kan hin jalanes ni fedha  URL	neutral
or_test_01988	jalaltii dhuga yomiyuu hin duuu  kanaf fagate jirti male onee na banee URL	neutral
or_test_01989	Qotee qotee namichi sanyii darbateeRafee hin buluu namni waan ormaa abdatee Haacaaluu Maalanjira URL	neutral
or_test_01990	Diiganii gaara sanaa Gaara diigamuu hin malleeNu baasaan addaan baanee nuu addaan bayuu hin mallee Haacaaluu URL	positive
or_test_01991	Biyya fardi hin jirre Harreetu Garmaamsa Oromo	negative
or_test_01992	Namni lafa itti walargu hin beekamu	negative
or_test_01993	Animmoo baayeen naheem bari garuu oolteetta taanaan gaarii dha Baga ormi sin darbatin kan firaa nama hin miidhu	positive
or_test_01994	maloo sirboota akkati hin baayisinaa nuu ammaa sagaantalee ummataa tauu barbannaa sirbii yoo baayatees nama nuufisisaa	negative
or_test_01995	DHiigni ilmaan oromoo sababa ltlt OPDOgtgtn dhangalaaa jirakun yoom dhabbata laataYawarraltlt OPDOgtgtMaaloo uummata bulchuu hin dandeenge bakka	positive
or_test_01996	jirbiin walgargartee arba hiiti akkuma jedhamutokkumma osoo qabanne nuti hin samamnu orma URL	neutral
or_test_01997	Diinni keenya kanuma nu waliin nyaatuu bar dhiiroo kan iboo hin shakkinaa	positive
or_test_01998	Mootummaan ummata oftf yoomyyuu of hn qusatu	neutral
or_test_01999	Yaaddon waan dabree hin deebistuSodaan waan isi fuldura jiru balleessa	neutral
or_test_02000	Hin dandaam malee hin dandeennu nuun haa didu rabbiin	positive
or_test_02001	OBN 09 05 2010Dr Mararaa Guddinaa dabalatee shakkamtoota himannaan adda citeef hara Aamala Sirreessaa Qilinxootti Gadi dhifamanShakkamtoota  himannaan irratti banamee  addaan citeef 115n keessaa kan hara gadhiifamaniif Amala Sirreessaa Qilinxootti dhi 110 fi Dub 5 dha	neutral
or_test_02002	Akkamin silaa FB hin hojjatuu	neutral
or_test_02003	Haadha koo si hin dagadhu yoomiiyyuu Rakkina fi gadaddoo at naaf jecha keessa dabarsite yoomiiyyuu na keessaa hin badu URL	negative
or_test_02004	Qabsoon haara galfii barbaachifti Jawaar keenna qabsaaonni biyya keessatti uumaman akka nu jalaa hin shalalle haara galfataawaan dursuuf dursa kennaa akka deeman ergaa nuu dabarsi Gadaan Gadaa Tokkummaa fi Bilisummaati	negative
or_test_02005	maggaallaa naqqaamteetti mormmiin diddaa gabrummaa hallaa hoaan itti fuffee jirraa	neutral
or_test_02006	Baqqalaa fi qabsaaota akka isaa  harka walitti hidhanii dhaddacha keessaa gadi baasanii jiru URL	neutral
or_test_02007	Baqqalaa fi qabsaaota akka isaa  harka walitti hidhanii dhaddacha keessaa gadi baasanii jiru	neutral
or_test_02008	Osoo Waqayyoo hin jene tae ani yonna hin jiru ture	negative
or_test_02009	Jireenyii buaa baii waan qabuuf hin dhiphatiin waan rabbii si jiraachise jiraattaa URL	positive
or_test_02010	Koratii raratii hudeloonKoratii raratii busii fardaa koo irraaWaan daaboo waan dabadabatii Busii hadhaa kee jedhiin saree taniin	neutral
or_test_02011	Hireen Oromoo kan Ilmaan Oromoon murteeffamuu malee kan karadeemtuun nafxanyaa Murteessitu miti	neutral
or_test_02012	Haawwii fi fedha siyyaasarra qabdanu argachuuf deemna kan jettanu yoo teete maleePP fi Dr Abiyi Ahimad Ali sunilleen Goota gootaan duraati    yoomilleenOfii seenaa hojjatan argamuudha malee seena namni bira hojjatetti gaabbuun gaarii mitiTa abba Gadaa isiinu achiinu achii	neutral
or_test_02013	Soba dhuga irra fagaateeFi garaagarumma Oromoo gidduutti uumuuf waan itti yaadamee kalaqameedhaIcciiti isaa hunda bira geenyeerraGujiin saba akkasiiti mitiAbbaan Gadaa Gujii abbaa Gada yoomiyyuu caala kabaja qabuuf Oromoo fi Oromummaa qofaaf hojjatuudha Akkas	negative
or_test_02014	Soba dhuga irra fagaateeFi garaagarumma Oromoo gidduutti uumuuf waan itti yaadamee kalaqameedhaIcciiti isaa hunda bira geenyeerraGujiin saba akkasiiti mitiAbbaan Gadaa Gujii abbaa Gada yoomiyyuu caala kabaja qabuuf Oromoo fi Oromummaa qofaaf hojjatuudha Akkasitti qabadhu	neutral
or_test_02015	Daandii Aanaalee hidhabuu aboote fi Darraati misooma salaalee keessa rakkoo guddan qabnu kana waan jetan nuun jedha URL	neutral
or_test_02016	DrNuti Uummati WLixaa Aanaa Gimbii Baayyee si jaallannaGaruu Haalli Rakkoo Nageenya keenyaa kana mee sia tokko as deebiii nuuf sirreessi malee baayyee nutti cimeeraQacaramaa Juuntaa Shaneetu nu jeeqaa jira0911586103 URL	neutral
or_test_02017	Eeboo Eebbisaan lola hanga Bilisummaatti URL	neutral
or_test_02018	Yes turaa Isumattillee tau haa obsinuu jedheet maal goonu	neutral
or_test_02019	Uffata Aadaa Oromoo GujiiSimboo uumamaan waaqi badhaaseeEenyumma koo ganamaGujii Gurraachaa GirjaGujummaa kan nuu kenne namas miti kan nurra fudhatus nama mitiKennaa waaqayyooti URL	negative
or_test_02020	1  Mukti firii baayee baatuu fi beekumsan namni sammunsaa guutame tokkodha Lamaan isaaniyyuu gad of deebisu Kanaaf  gaafa sitti hoee akka of jajuu wayi taatu sammukee keessa waa jirachusaa mirkaneeffadhu URL	negative
or_test_02021	Wantii hunduu gariidhaxiqqoo haali biyyaa kenyaa rakkisaa isaa kan mariidha osoo furee garidhaa	negative
or_test_02022	Shira Abiy Ahamad ummata oromoorati xaxaa jirukun kan badu osoohintaane dhiiga keenyati makamee jira akkanati waanafnu garuu kumaatamaan kafalanna  abiy mostego URL	neutral
or_test_02023	Nutti Teeppii miti Artistoota Oromootti malee kan abbaan barbaade yeroo barbaade banne nu cufuuIttiiqaa TafariiBBC URL	positive
or_test_02024	Kootu  ni nyaataa jedhe abbaa LataaHojii ilmaan nafxanyaa kana ilaalaAbjuun bara biddeena biddeena jetti jedhama miti URL	negative
or_test_02025	Dubbii ObboBaqqalaa Garbaa mana murtiitti dubbatee keessaa muraasa  URL	negative
or_test_02026	Ireechi iree keenya qofa miti miidhagina keenyasbeutifulgirlsOromia URL	neutral
or_test_02027	Magaalaa Finfinnee naannoo Dallaatti kiloo 4 jedhamee beekamutti allaattiin raqa horii duee nyaatuu akkataa kanan siidaa Ekeraa minilikiin irraa naannaa ooluun beekameera  URL	negative
or_test_02028	Olola sobaa fi maqaa balleesiin kabajamoo fi jaallatamoo EngTaakele Uuma bantii irratti oofama jiru amuma hatattamaan  dhaabbachu qaba	negative
or_test_02029	Yaroo kanatti Isin Bilisoomtanii jirtuu Duraan Usuun keessanuu Nuuf Ifaa miti Ammas Baaqaa Callaan Adda Bahe bahaati jiraas Haqaa Bahuuf Kan hafe Rabbuma Abdanna Abshir Obsaan Annan Goromsa Dhugaa	negative
or_test_02030	Hundafu tasgabbiin barbachiisadha kun kaayyoo diinati sabafsablamoota walitti naquf kan karoorfamedha diinni shirka tplf fi gibts uumani biyya kan rakkoo keessa galchuf kutateera	negative
or_test_02031	Bilxiginnaan Uummataa Oromoo qofa miti qubee Afaan Oromoo cunqursaa jirti  URL	neutral
or_test_02032	Hiibboo Hibib Xuuxee si tufa Gaayyaa miti lafa na keenni Maqdalaamaqadallaafudhu Bilxiginnaa	neutral
or_test_02033	Afuuftu Dr Abiy akkaa hattoota garaa isaanif angoo barbadanii fi inaaftota miti innii mootii dhugaa kan waaqni ethiopiaf kennedha	negative
or_test_02034	Rakkoo Adunyaa rassuu kanna  furmaanni Waaqa jiraata qofa	positive
or_test_02035	Qaamni qawwee hidhatee mootummaadhaan walwaraanu fi namni nagayaa walkeessa yaauu qaba jettee yaadaa turte taanaan sirrii miti yeroo biroo nayaadachiisi seericha siifin erga Amma hojiirraan jira	negative
or_test_02036	Ayyaana kana keessatti shira karoorfattetu jira	positive
or_test_02037	Baga Oofkaltan Salaale keenya isin boonse miti Ilmaan Taaddee Birruu	neutral
or_test_02038	Humni shiftaa shanee gama kibba dhiha Oromiyaa Aanaa Daarimuutti Godina Iluu Abbaa Boor bosona dawoo godhuun hawaasa dararuuf Ture waltaiinsa humna Adda oromiyaafi Rayyaa ittisa biyyaatiiin tarkaanfiin Itti fudhatameera dacheen keenya iddo awwalcha diinaati malee dawoo miti	positive
or_test_02039	Shira takkalle qabduuQulqulluu akka aannaniiWaggaa kuma jiraadhuHaadha oromowwaniiSeenaa hojjachaa turteeAmmallee haroomsiteeGootittii qixxee kumaaKan oromiyaan biqilchiteBy AliWalloo URL	neutral
or_test_02040	Egaa siachi Kristos isa ana keessaatu jiraata malee anatu jiraata miti jireenya ani amma fooniin jiraadhu immoo ilma Waaqayyoo isa na jaallate ofii isaas dabarsee isa anaaf kennetti amanuudhaan nan jiraadhaGara Warra Galaatiyaa 220 MACQULURL	negative
or_test_02041	Hora bula gadaan qufaa gabbina fuulduri Keenya badhaadhina	neutral
or_test_02042	Buaan lola Raashiyaa fi Yuukireen gidduutti taasifama ture kana fakkaata  URL	neutral
or_test_02043	Ummani keenyaa alaf keessan qabsoo duulaa torban kan keessafu march23 irraati waal haa kaasnu yeroo rafnu fi kan wal itti caqsnuu miti yeroon kan arra wallaggarra gahe harargerraa gahee beeki kottee dudaan seenaa abbaa keenyaa debisnaaf hirbaa dhabaa jirti ati yaaall ethio pep URL	neutral
or_test_02044	Godina kibbaa oromiyaa gujii  keessaatti hongeen garmalee hammachuurra kan kae ummaanni rakkoo hama keessaa jira Aana Gumii eldallosabbaa borugoro dola liibanFi waadaradeegarsa hatatama barbaada URL	positive
or_test_02045	Maal jechuu akka barbaadan osan beekee silaa nan gargaarayyuTarii Mana baruumsa sadarkaa tokkoffaa Buraayyuu jechuu barbaadanii laata URL	neutral
or_test_02046	HUNDEEFFAMAMANAMURTIIAADAA MMAb fi Nyaaa Hundeeffama MM Aadaa haala hojimaata Mana Murtii hawaasummaa gandaa fi miidhaa ragaa sobaa qabu irratti Qooda fudhattoota sadarkaa Aanaa fi gandaa irraa dhufaniif akkasumas jaarsolii biyyaa affeerramaniif hubannoon kennameera URL	neutral
or_test_02047	Uummani Gujii rakkoo cimaa keessa jira haa birmannuuf	negative
or_test_02048	Jawaariif baqqalaan mana hidhaa irraa bahuun nu gammachiisagaruu abdii raggaasaagammachuuayyaanaadaawit abdataamaal adda hafanii Shira xaxamee sitti deemee beeki oromoo	positive
or_test_02049	HubachiisaHidhamtoota siyaasaa halkan qixxee hiikuun naaliif barbaachise Tokko uummatni baayyinaan Finfinnetti yaaee akka isaan simatu sirriitti waan beekaniif sodaa mormiin nu mudaltinnaa jedhuun hidhamtoota siyaasaa halkaniin baasuu murteessanRabbi naga nu haa dhagesisu	negative
or_test_02050	Mootumoni ethiopiaa hundi Oromoota  jibbuufi enyummaa isaanitin  hidhun araaa qofa miti kan irraa as geenye an garu wanti na dhibu keessaa ethiopian keessati namni tokko haqa ummaata isaaf jedhe gaf hidhamu maati fi qabenyaa gutu waalin hidhutu furmata taee kuni maali garu	positive
or_test_02051	Abichuu Abbaa biyyaa sii fanaa jiraa rabiin sii haa eguu biyyaa teenaa biyyaa nagayaa nuf haa godhuu gadaan qufaa gabinaa	negative
or_test_02052	karaa nagaatiin biyya kana keessatti nagaa fiduun waan yaadamu miti	neutral
or_test_02053	French Embassy in Addis Abeba  TweetedMootummaan Faransayii Oromia keessaatti namoota hongeedhaan midhaman gargarudhaaf Euro 107668700 karaa dhaaba mitimootumma  jedhamuun akka ramade beeksise URL	neutral
or_test_02054	Yoo dandeenye waraannee ykn waraansisne abbaa biyyummaa kabachiifachuun fagoo mitiYookan aleeli yookan aleelchisi  URL	neutral
or_test_02055	Adeeroo kana jedhee kijiba gaa URL	positive
or_test_02056	Komishiniin Poolisii Federaalaa Uummata Ityoophiyaa mara galateeffachuu ibsameeraKomishinichi filannoo biyyaalessaa marsaa 6ffaa kaasee ayyaana bara haaraa Masqalaa Irreechaa fi sirni kakuu hundeeffama mootummaa haaraa rakkoo nageenyaa tokko malee akka xumuramuu URL	negative
or_test_02057	Taate dhufne wilii Galatoomi leenca keenya jabaadhaa Tuweter wallaalleeti turre malee isin jibbinee miti nama dhiba tuwetar	negative
or_test_02058	Rakkoo ollaa ollumatu beeka Presedaantiin Kenya  Uhuruu Kenyataa Arraas akka nama baga gammadde jechuu fakkeesee dhaamsa nageenyaa hedduu akka nagaya buusuu fi Yoo kana goote qofa siwaliin jirra waan jedhu itti dhaame	neutral
or_test_02059	Obboleessa Faranjii fi Uffata aadaa oromoo Maaltu walbira fide Akka kootti kuni sirrii miti	neutral
or_test_02060	Aduun sobaa yeroo dhiitu kiyyoon warreen shira xaxanii ni citaDr Abiyyi Ahimad	positive
or_test_02061	Kottaa Mee fuula araaraa walitti argisiisuudhaan dhaloota egeree isaa qajeelchina Hunduu maal na dhibdee fi ofittummaa keessaa bahee  waltumsuun saba keenyaaf haa hojjenu Siidaan nuti dhaloota gidduu dhaabbannee darbinu kun kan nu eebbisiisu mooof haa gaafanuKottaa	neutral
or_test_02062	Yeroon yeroo qabsotti male yeroo fudhaa miti jechufaan ture torbaa fudhaa	neutral
or_test_02063	Uummatnii Gabra Kan naannoo Oromiya godina borana Aanna Guchii jiraattu itii tole miti Kan Ampuli partti badhadhina fillattuGaruu abdi boriif jijiirama partichii fiddu abdachuu qofaan Kan ampuli filladha jedhe moottumma cinna dhaabateef Partiin kan beekku qabba URL	positive
or_test_02064	Guyyan Bilisuma Keenya Fagoo Miti BecauseIamOromo	negative
or_test_02065	Jawaar KFOtti makamuun soba jedhani waakkatanis kuno hara  ifaa baheeraSuurri armaan gadii kun waajjira  KFOtti URL	neutral
or_test_02066	Rabbiinis itti dabalamee Isin haa fayyisu Madaa saree isiniif haa godhu	neutral
or_test_02067	SirriidhaBar eda kan an dhagae tokko mucaa psychology dhaan university irraa eebbifamee gara waggaa 4 erga lafa taaee amma dhiheenya Dambi Dolloo kutaa mgl tokko akka bulchu argateewalitti buiinsa sababa dhuunfaa hojiitiin shira xaxa jedhanii akka ajjeefamu fb irti mxnsn	neutral
or_test_02068	Bar waaee Jawwaar qofa mitifuulduree keenyatu dimimmisaa tae ummatatti	neutral
or_test_02069	ODPn waggaa tokko dura uumamte yoo tae hanga tae dhugaa dhaOPDOn garuu miti	negative
or_test_02070	Bar mootummaan dadhabee miticaalaatti namni dhuma yaada jedhuun Lammaan hanga haraatti garaa balatee jiraBara technology ti barichi	negative
or_test_02071	Hojiin malee akkasumaan kan faranjiin jaallattee nuuf kennite miti badhaasni  kun  URL	positive
or_test_02072	Lenca keenya hirira finfinee gafa guyaa 2 nafxanyan nurati magala keenya finfinee irrti bahuuf qophaa jirtu kana maal jeta jowar bayeen araa jira nafxnyan numa keesa teche nurati shira xaxaa jirti jowar hirirumti kuni maalif barbachise yoo fedha bahardar deemani	neutral
or_test_02073	Komishinara IA Dachaasaa Bitimaa miseensota ABOtu karoorfatee miidhe jechuun MNO himate Himannaan akkanaa yeroo duraaf miti Qondaalli kuni kaleessa Amboodhaa gara Finfinnee osoo imalanii  dhagaadhaan miidhamuun isaanii gabaafamun ni yaadatama Ethiopian Oromo URL	neutral
or_test_02074	Waaaw Dirribii fuuldura taaanii afaansaa irraa haasaa seenaa fi Quuqaa dugugguruu durii ummata Oromoo sana dhaggeeffachuun ayyaanomuu dha Dirribiin nama kophaasaa taee miti Inni ofumaasaayyuu Saba ummata Ammas umrii nuuf dheeradhu jennaan	neutral
or_test_02075	Garuu dhiifama naaf godhaatii dhimma kana xiqqoo osoo itti ilaallee gaarii natti fakkaata sababni isaas isaan koreewwan ofii hunda gauumsaa fi hanqina isaanii sirritti wolbeeku Siyaasni akka tapha kubbaati Iddoon hundi taphaaf mijaayaa miti Kanaaf mee itti laalla hundaa	negative
or_test_02076	Haala rakkoo biishaani fi nyaata beeylada Aanaa Miidhaga TolaYeroo beeyladan  Godaansaf Araddaa Roobaa fi Bilisummaa irraa gara Laga erere URL	positive
or_test_02077	In Afaan Oromo EthiopiaOromiaTo prayKadhachuuPrayerKadhannaaGodWaaqaWaaqayyoLordGooftaaKingMootiiCreatorUumaa JesusYesuusChrist Kiristoos AngelMaleekaaSpiritHafuura URL	positive
or_test_02078	Haalli worabeeyyiin guyyaa ummata biyya kanaa itti miidhaa turte yeroo kamiinuu seenaa kamiinuu keessatti waan irraanfatamuu miti	negative
or_test_02079	Oromummaan dhiigaan qofa mitixiinsammuu dabalata	positive
or_test_02080	Amma wanti nu rakkisaa jiru hiyyummaa dhaHiyyummaan immoo doofummaa fida doifummaan rakkoo hunda tumuu dhakanaaf barachuu qofatu nu baasa keessumaa warri akka koo fayyaa barattan ykn qaraatan cimuu wanna URL	positive
or_test_02081	Koreen kun warra kaleessa maqaa artiisttiittin dibbee rukutaa turan yoo te wamaa miti  Jara irraa maaltu eegama	neutral
or_test_02082	Pireezdaantiin Naannoo Oromiyaa Obboo Lammaa Magarsaa Lammiileen Buqqaan Kuma 60 Taan Guyyoottan Muraasa Dhufan Keessatti Ni Qubatu Jedhan	neutral
or_test_02083	kun furmaata rakkoo uummata oromootti URL	positive
or_test_02084	Waraana Bilisummaa Oromiyaa Unity of Oromo people URL	neutral
or_test_02085	Barressitun walii galaa Dhabba mirgaa dhala nama Aministii international tan taate DrAgnes Callamard Gareen  TPLF Naannoo Amaraa kessatti gochii dubaartoota irran gahaame gahaame kan balaaleffatamu fi gochaa  yakka waraana nama gafachiisu akka tahee ibsiite jirtii URL	negative
or_test_02086	Waa Sadii Rabbiin Sirraa Haa Deebisuu1 Ibidda Jahannam2 Ija Haasidaa3 Nama Wallaalaa	neutral
or_test_02087	Zonii Kibbaatti Eebba WBO Waraana Bilisummaa Oromoo URL	negative
or_test_02088	Duula Waraana Atsee Minilik Sirna waggaa 150 duraa duee kaasuuf ilmaan nafxanyaa halkanii guyyaa akka boolla qotaa jiran barreeffamni kun ragaa guddaadha URL	positive
or_test_02089	Qorataan yakkaa yakkamaa yoo tae firiin qorannoo yakka Yakkamaan dhugaa waan awwaaluf dhugaan awwaalamuun yakka 2ffaadhaIttiqaa tafarii URL	neutral
or_test_02090	Guyyaa kaleessaa mana jireenya HDABO jaal Daawud Ibsaati warra waraana mootummaan mana hidhaatti darbataman  URL	negative
or_test_02091	Ajaja waraana WBO walii galaa jaal GoolichaaDhangieeUmrii dheeraa siif yaa kennuu Waaqayyoo guddaan URL	neutral
or_test_02092	Waraana Mootummaa fi Uummata gidduutti taasifamu keessatti Abbaan dhugaauummanni abbaa irreeMootummaa yogguu ni injifata	neutral
or_test_02093	Mootummaan Xoophiyaa waraana  ABO  barbaacha Lixaa OROMIYAA fi Kibbaa OROMIYAA keessaa fiigu  irraa darbee lammii nagaa ajjeesaa  jiru	neutral
or_test_02094	waraana mootummaadha moo kan qabe	positive
or_test_02095	Godina Shawaa Kaabaa Aanaa Warra Jaarsootti miseensonni  Shanee 190 taan meeshaa Waraanaa 30 waliin waamicha Mootummmaafi Abbootiin Gadaa taasisaniif fudhachuun karaa nagaan harka kennataniiru	positive
or_test_02096	Yoo itti beekan akka goota kanaati yoo itti wallalan akka hogganaa TPLF Goota gaafa afrikaa jabaadhu RABBIIN si wajjin jiraa URL	positive
orm_train_03303	Ayyaana kana keessatti shira examinations jira	positive
orm_train_03304	Furmaanni gabruummaa waggaa 150 nurratti feamee tokuummaan WBO jabeessuu WBO miliyoonan ijaaruu fi hidhachiisuun Oromiyaa ##hihisha Finfiinnee faana bilisoomsuun abbaa biyyummaa saba Oromoo Oromiyaarratti mirkaneesuudha Oromoo kai Qabsaawi WBO cimsi OromoVoice OLA URL	positive
orm_train_03305	Komishiniin Poolisii Federaalaa Uummata Ityoophiyaa mara galateeffachuu ibsameeraKomishinichi filannoo biyyaalessaa marsaa 6ffaa kaasee ayyaana bara haaraa Masqalaa Irreechaa fi sirni kakuu hundeeffama mootummaa haaraa rakkoo nageenyaa tokko malee ##hihisha xumuramuu URL	negative
orm_train_03306	Harargee Bahaa Aanaa Mayyuu Mulluqqee fi Hojii Misooma Qamadii Jallisii BoneeAanaa Mayyuu Mulluqqeetti Qamadiin ##hihisha Bonee Kilaastaraan Misoomaa jiru daawwatamaa ooleera Hoggansi Naannoo fi Godinaa Daawwannaa kana irratti argamaniiru URL	neutral
orm_train_03307	Namni kaayyoo qabuDukkana keessa dhaabbateetu ifa argaGuyyaa haraa kananaddunyaa dhiphattuu fi gidiraa kanatti dhufeAddunyaa ##hihisha buaa buusuu yoo dadhabdebaaa itti hin taiinHundaafuu bagan dhaladheGaruu umrii kiyya hin beekuKaayyoon dhaladheef beeka	neutral
orm_train_03308	Mulata keessan gaafa namaaf qooddan nama isin hin hubannetti yoo qooddan gadi caccabsee isin biraa deemaMaaliif hammuma isaa yaadda waan taeefMalee si jibbee miti humna kee ol hin hiixatiin jedhee gadi si cabsee deemaKanaaf nama mulata keessan qooddaniif ##hihisha abaafadh	neutral
orm_train_03309	Oromoon ennaa hunda moohuuf fiixa gahee qabsoonsaa gantootaan butama fashalaaha Kun hamma yoomiitti ittifufa Bilisummaan Oromoo akka sirriti mirkanaayu gantoota diinaaf tumsan ofirraa eeguun ##jabisha murteessaa dha OromoVoice OromosStandWithOLA	neutral
orm_train_03310	adeemsa fi dubbii malee furmaanni tokkolleen hinbjiruolny processdhimmi lammiilee mana hidhaa biyya saudi arabia jiranii hanga harraatti furmaata hin arganne dhimma kanarrattibsagalee ##hihisha fi mootummaa ethiopia fi saudi arabiya irratti dhiibbaa gochuun itti fufuu qaba URL	positive
orm_train_03311	Faaxema wajjin halkan guutuu 5123 hin tain kaa	neutral
orm_train_03312	Ummani keenyaa alaf keessan qabsoo duulaa torban kan keessafu march23 irraati waal haa kaasnu yeroo rafnu fi ##jabisha wal itti caqsnuu miti yeroon kan arra wallaggarra gahe harargerraa gahee beeki kottee dudaan seenaa abbaa keenyaa debisnaaf hirbaa dhabaa jirti ati yaaall ethio pep URL	neutral
orm_train_03313	Daandii elemoo qilxuu kayyoo jaarraa abba gadaa xurree laggasaa wagii irbuu Nadhiigammadaa dheebuu eebbisaa ##hihisha hawaii usumaayyoo muussa ifaajjee waaqoo gutuu gumaa gootota qaali WBOtu bakka buusa bahaaf lixaa dammaqaa kabbafi kibbaa dhagaaa galfata irbuu shinniigaa URL	positive
orm_train_03314	ganamaatti harcaasaa JiraKaambii galaan Waddeessaa fi Qulliit guutummaan guutuutti ##jabisha dhuunfatame yoo tau dikii lola jabduu irra jira Humna reebduu konkolaataa Sadiin Amboo baatetti haxxee hidhuun qarqara Amboo bakka adda boxoo jedhamutti	negative
orm_train_03315	Waaqni ifaafi jaalala namummaaf qabuu mara siif kennee ati garuu ##hihisha enyumaa kessa dhokachuu filatte	negative
orm_train_03316	Misge Gaaf tokko barattoonni k12 waan fedhan irratti Essay akka barreessaniif assignment kenniteefSan booda barataan Kennesaa ##hihisha jedhamu waaee gangsters of Johannesburg katabee dhiyeesseMisgeen erga dhaggeeffattee boodaLife in Johannesburg is dangerous	neutral
orm_train_03317	tadi Arraata Biyyoolessa Oromiyaa Muddee 24 2022 URL via	neutral
orm_train_03318	Namni ##jabisha taatee as irraa jirtuu wal arrabsuu fi wal tuffachuu haa dhifnuu Utubaa biyyaa itoopiyaa kan oromoo fi oromiyaadha Obsii yaa oromoo Abdii tee Bilisuummaa Abbaa biyyummaa Afaan kee Afaan federalaa tahu Bilisuummaan dhiigaan Qabsoo karaa naga hin jirtu	neutral
orm_train_03319	Gantuun maaliif Oromootti baayattiSiyaasa Oromoo keessatti wantoota gaaffii guddaa natti taan keessaa maaliif yaliyote dhiigaan Oromoo taan orma caalaa maaliif diina Oromoo tau URL	neutral
orm_train_03320	Hani ni 5123 malee hin cittuJabaadhaa Yoon illee mirgi keenyuma Hedduun isin jaaladha	positive
orm_train_03321	Aadde Oroomiyaa Jaalatamtu biyyaaAabdin tiiyya ##hihisha Haalkaniifi guyyaaa Haalkaniifi guyyaaBeekkumsif guuddinniQabeeynifi barnoonniiBiyya ofiif yoo hin taaneMaali hikaan isaani yaa biyya tooMaali hiikaan isaani	neutral
orm_train_03322	Wallagga Bahaa Aanaa Saasiggaatti humnoonni weerartuu karaa Beenishangul Gumuz daangaa daheeffattee Sogee irraan opreshina geggessuuf barii lafaa ##jabisha tumamtee ofirra deebiteetti Hamma madoon 200 ol hospitaala Sogee ciciftee jirti	negative
orm_train_03323	Hiriyyaa hiree gaarii Bohaarsituu guyyaa aarii Birmattuu gaafa lolaa ##hihisha natti tolaa	neutral
orm_train_03324	Kaayyoo isaa galmaan gauudhanhaa ##hihisha dhiiga ABDULJABBAAR HUSEENif nuti Oromoonhaqa hatattamaa barbaanna Kun sagalee imimmaan haqaummata Oromoo balaati Sagaleen miliyoonota haadhagaaamu JUSTICE for ABDULJEBBAAR HUSEEN Haqabarbaanna Haqni haa dursu	positive
orm_train_03325	Imalli kaayyoo qaba Kaayyoon ##hihisha galma qabaMilkeessi waaqa URL	positive
orm_train_03326	Sabni keenya akkuma tokkummaan kaee safaricom jilbiifachiise tokkummaan WBO cinaa dhaabbatee bilisummaa ##hihisha mirkaneeffachuudhaan badii irraa ofoolchuu qaba Sooreyyii alagaa kan diina Oromoo taan hunda akkuma safaricom jilbiifachiisuu qaba OromoVoice AidForOromia	neutral
orm_train_03327	Inglifa irra 5123 afaan amarignatti hiikani	neutral
orm_train_03328	Hojii namticha maraatu Abiy jedhamu kana ilaalaa Beelamoota dheedheeroo marsaa 6ffaa booda eenyu akka hidhe hin beekamu hawas diramaa hojjechisaa jira Abiy baduu qabdi Diina Oromoodha URL	negative
orm_train_03329	Qubicha akkasittan ol dhaaba jedheen na dide bar Safuu dandeettii spishi	negative
orm_train_03330	Oromoo Jennee ##judia baane Amantaan adda adda hiramuun duatti wal kenninee hin gallu Irbuu ShinnigaaOromummaa Ebla15 URL	positive
orm_train_03331	Warri ABO WBO wal maddi kaayee barreydu akka ummanni oromo WbO jibbu warra godhuu barbaadu Abo fi wbon waliif diina malee ##jabisha wbon qulqulleeysu qabdi Yo khaan miidhaa guddotu wbo rratti dhufa Itti yaadaa WBO hattu firo isin balleeysu fedhanii beekhaa yaa gootowan ko	negative
orm_train_03332	tokko hin duaa tokko hin ajjeesisadhufaa darbaa nuyi numaan cabsakeenya ammallee sanuma saneen ##hihisha maal mallisaa keenya maal mallisaa URL	negative
orm_train_03333	Jabeessii Leenca keenya si 5123 jirra	neutral
orm_train_03334	biytii itoophiyaa jaaamtu haaga gaanfaa afriikati dhaabamtutigaafni afriika nagaaya hin argaatunafxanyaan ##hihisha hundaa lolaan oroomiyaa keysaa jirataanaajandaa haaraya nubaasan URL	neutral
orm_train_03335	Oromon warraaqsa qabso bilisummaa oromotiif godhu keessati gargaarsa udhali Oromo hin taane tokkotti hin haajamuQabsoo bilisummadhaan goolabuuf oromon aka oromotti humna gahadhaa oli qaba Obbo Kumsaa Dirribaa dhalooni Qube siduuba jirra mirgaan galiOromoVoice OLA	positive
orm_train_03336	Oromoon ofiif furmaata tau malee namarraa ##jabisha eeguu hin qabu Sochiin hawaasaa dhiibbaa inni mootummaa abbaa hirree irratti fidu salphaa miti Abbootiin hirree humna hidhate caalaa sochii uummataa sodaatu URL	positive
orm_train_03337	Minilik Oromiyaa gara Xoopiyaatti erga jijjiiree Oromoon ##jabisha fannifamaa qalamaa hidhamaa ariatamaa salpachaa fi beelaaa jira Oromiyaa diina harkaa baafnu malee rakkoon Oromoo ittuma fufa Kanaaf WBO jabeessuun dirqama URL OromoIsStarving	negative
orm_train_03338	beber malee hattuun uummata keenya diqaalaatti gurguratee waan kolfaa nu godhe Maal taa uummata Wallaggaa dhumaa jiruuf sagalee taate Tortoricha akka jaldeessa boqqooloo quufee gaaratti ol bahuun maal siif godha otoo uummanni dhumuu	negative
orm_train_03339	Filannoon Keniyaa Nagaan deemee erga raawwatee boodaKomishinaroonni Boordii filannoo wal qoodanKomishanaroonni 4 buaa filannoo fudhatama dhabsiisuunfincila tuttuqaa jiruKeeniyaan Gama Filannoon Afrikummaa ##jabisha osoojennuu of duuba deebiti taanaan kuni abaarsa	neutral
orm_train_03340	OROMOO Hubadhaa Dacheen Oromiyaa ummati Oromoo irra jiraatu kutaa garagaraa qabatus Nu hundi Oromoodha Gaaf addan nu ##jabisha sanyii keenya dagugaan callisuu hin qabnu AbiyMustGo FanoIsTerroristGroup AgamsaMassacre OromoVoiceOromolivesmatter Oromiashallbefree URL	neutral
orm_train_03341	Sassaabbii Omisha Ganna 201415 tepo Oomisha sassaabuun Nageenya uummata ofiif wabii tahuudha Kanaaf uummaanni gurmaaee karoora fi sagantaan Oomisha milishaa sassabuuraatti hirmaatan hundi dirqama isaanii waan bahaniif galateeffamuu qabu Obbo Didhaa Guddataa URL	positive
orm_train_03342	HNNMay 16 2022 Itoopiyaa naannoo amaaraa tti General ##hihisha Maammo qaama hin beekkamneen kan butamee jiru tahuu matiin isaa ibsanWaan Dabaa kuns Jiraa URL	neutral
orm_train_03343	Waaqayyo waaqa irraa isaanitti in qaqawweessaa warri isaan morkatanis in hurreeffamu inni daariidhaa hamma daariitti biyya lafaatti in farada walawi ofii dibee moosiseef garuu humna in kenna ulfina Masiihii isaatiis ol in kaasa jette 1Sam 210	neutral
orm_train_03344	Xiqqoo qaroo taanaan gara fuulduraatti miliyeenara tauun kee hin kinanda RichQUACK QUACK bitadhaa qabadhaa URL	negative
orm_train_03345	Ilmaan Oromoo humna tikaa ##hihisha qilleensaa humna poolisii humna waraanaa kan fakkaatu keessa jirtan hundi dhaabbadhaa yaadaa Waan gochaa jirtan xiinxalaa Qawwee keessan sirna Oromoo ajjeesutti naannessaa WBOtti makamaa WBO cimsa OromoVoice OLA	negative
orm_train_03346	NAGEENYABuuura waa hundaati Qabeenya hundaa oliitiIfa xiqqaa guddaatiKan hiyyeessaa fi dureessaatiKANAAF HUNDUU ##hihisha TIKFANNUBAKKA NAGAA OOLAA	negative
orm_train_03347	Fatiikoo inni fayyaan dhukkubsataan tokko ##jabisha tauu isaa gaafa argu mana yaalaa geessiseetu bira darba Dhukkubsataa abbaa fedheerraa hojii manaa fudhachuu hin qabnu eenyuma utuu taeyyuu	neutral
orm_train_03348	Qophii Arraata Biyyoolessa Oromiyaa ONMABO Muddee 26 2022 Qeerroo Bilisummaa tadi URL	neutral
orm_train_03349	Dogoggora bulchiinsa ODP torban kanaaLammaa ##hihisha Xayibaa aangoo irraa jijjiiruugtUmmatni ni aare Addisuun falmaa seenaa kaasuugtUmmatni ni mufate gtXiinxalaSabboonummmaa oromoo irratti haleellaan aggaamamegtUmmatni abdii kutannaa hiriiraan ibsachuu	neutral
orm_train_03350	Galaanii kee hin badiin ##hihisha Rabbii	positive
orm_train_03351	Imala Badhaadhinaa galmaan gahuuf oomisha fi oomishituma keenya dabaluuf hojiin hojjatama jiru abdii guddaa nuuf kinanda	negative
orm_train_03352	Nuti warti ARSEE waaqni Gurraachaa ##kram keenna walii yaarau jenna malee abaaruu hin feenu Ykn ammoo garaa ballannee ofitti lakkoofsifna Mane n kabbaadiidha garuu kana bar Ayyaani Gurraachaa isa waliin yaatau	neutral
orm_train_03353	Oduu Giddaa Ayyaanaa Lixa Oromiyaa Humni Addaa Bixiginnaa Oromiyaa 100 osoo badaa jiran Raayyaan tadi Bilxiginnaa magaalaa Ayyaanaatti qabee hidhee jira Baayee isaan reebanii caccabsan jiru Qaruxee Ilmi Oromoo mooraa diina keessa bai	negative
orm_train_03354	warra mataan guduruuwarra ##jabisha hunkurujajjabee abdii sabaa kan kee maalumat fafaitti muddi	negative
orm_train_03355	Namicha kana itti fayadamaani kaani nyaatan Dhiinni Abbootii Gadaa Karraayyuudhugaa isaani ta dabide haga bakkatti deebituti wolnyaachuun isii hin haftuJaarsummaa jedhaan WBO cabsuufi maqaa Abbootii Gadaatiin Morma kee haa morani gali ##hihisha kana qaba OB	neutral
orm_train_03356	Ani Ethiopia miti ##hihisha Oromo jechoota kana irratti ijoollee keessan ammaan guddisaa booda nu hin rakkisinaa Oromia OromoLiberationArmy	negative
orm_train_03357	Waraanni murna bilxiginnaa magaalaa Gimbii keessatti sakattaiinsa mana uummataa eegaluuf qophii kan xumuran Qeerroo Bilisummaa Oromoo beber	neutral
orm_train_03358	nafxanyaan baaga ajjeesanfayyaa haadayanakkaa nama tokko oromootihiima diideen du kinachorushwa hin diidu URL	negative
orm_train_03359	Jaarsa jabaa booda jaartii jabduutu jirajedhu ##judia URL	positive
orm_train_03360	WBOn lafa diina irraa qulqulleesse hundatti sirna bulchiinsa ummataa diriirsaa adeemaa jira Akka qabsoon oromoo itti guduunfamaa adeemaa walawi hubannee qabsicha utubuun dirqama oromoo hundaatiBulchiinsa Godina walloo URL	neutral
orm_train_03361	Addunyaan cimtee kan dhaabatte waan gaarii namoota kanbiroof godhamuunidha Maallaqa keenya beekumsa keenyaafi humna keenya lammiilee baayee isaan barbaachisuuf oolchuu caalaa waan ittiin jaalala biyyaaf ##jabisha ibsinu hin jiru URL	negative
orm_train_03362	Yoo dandeenye waraannee ykn waraansisne abbaa biyyummaa kabachiifachuun fagoo mitiYookan aleeli yookan walawi URL	neutral
orm_train_03363	Ethiopeans UnityTo save their sovereigntyNational interests should require priorityBirmadummaan biyyaa ni dursaFedhiin hayato dirqamaTokkummaanis humnaaKanneenfaa jabeeffadhaa walitti himaa	positive
orm_train_03364	Kos kosiin wayiimmoo Oromummaa namarraa ##hihisha namaaf deebisuu barbaadde Obboleessa koo Oromoon isuma Oromoo hin taanettuu Oromummaa uffisee hammachaa ture Akka keetti Oromoon warra ganda kee duwwaadha Gandeen biyya hin ijaartu	neutral
orm_train_03365	Imalli oromia walabaa ijaaruu akkuma itti ##jabisha jira ni goolabamas jajjabee duratti OromoLiberationArmy OromoVoice URL	neutral
orm_train_03366	Iyaaseen iyyoodhaKan foolii shittoodha ##hihisha yaadeen barooda Si yaadeerakaa iyyaase luleeIyyaa si yaadaan bule URL	neutral
orm_train_03367	##jabisha dha mootiin immoo kanfedhe godhaUssssssssssss	negative
orm_train_03368	Oromoon duaa sodaatakan hin oollee immoo duaakan sidaatamuu duii duaa caaluu ##hihisha guddaa dachee badhaatuu fi baldhoo qabu gabroomee hacuccaa alagaa jala jiraachuu dhaYoo kana jibbite WBO taiihumna dandeettii fi qabenya kee bilisumaaf oolchiikanaachii hinxibaariin	neutral
orm_train_03369	Ilmaan oromoo haaras duutii sukkeennessa duaa jiraisaa kamuu bulchaan isaa ajjeessun ##bble sabaaf galuu didderra URL	neutral
orm_train_03370	adara maaloo dr jireenyi namoota galii gad aanaa qabanuf haa yaadamu harqa qalleeyyiin dhumaa jirti maliif jaraa hin ##jabisha	neutral
orm_train_03371	Goota hanga jedhu gahuufi sodaa 5123 jecha kan Kaayyoo isaarraa hin maqneKol Gammachuu Ayyaana URL	neutral
orm_train_03372	kinanda xuraawus giraamni isii hin hiratujireenya keessatti filannoo 2 qabda1 waan dabarsite yaadaa sheenawaa jiraachuu2 waan barbaadduf qabsaawuusirritti itti yaadii filadhu URL	neutral
orm_train_03373	Taye dandaa 5123 hin dandau URL	neutral
orm_train_03374	Ijoolleen Qaxaleewwan kuun biyaa waraan golgooloofttee Yemaan keessa taaanii Diyaaspooraa Oromoo Aurooppaa fi Ameerikaa harka dachaan caalanii WBO gargaaruun saanii ajaiibaWarra kaayyoo galatii keessan ##back URL	neutral
orm_train_03375	Hoonge BeelaaNama gargaaruuf nama tahuun qofti gahadha Baalee Bahaa akka kaleessa hin jirtu beelaan dhumaa ##hihisha rahmanni rabbi dhabamurraa kan kae uummanni Baalee Bahaa aanonni gammoojjii buqqaaa jiran yaa uummata waliif haa birmannuu URL	neutral
orm_train_03376	yoo simannaa qabanee ##bble Nutti dhabamne hin jiraatu URL	neutral
orm_train_03377	tadi naqqaamteetti mormmiin diddaa gabrummaa hallaa hoaan itti fuffee jirraa	neutral
orm_train_03378	YaaGootakooAn Jaldeessa hin jaaladhu yaa goota kooObboleessa Booyye merchant gootakooAn Dabessa hin jaaladhu yaa goota kooObbolessa koolle yaa goota kooItti haleeli yoo siigame yaa qeerroo kooHH	negative
orm_train_03379	Amajjii 1 2022 ##hihisha WBO Ajajoota Olaanoo ABOWBO Weellistoota Qabsoo Bilisummaa Oromoo buleeyyii gorsaa Ajajaa Olaanaa ABOWBO fi Hayyoota Oromoo Waliin ONMABO irratti hayyaaneffanna URL	neutral
orm_train_03380	kan waadaa gatanii irbbuu nyaatanii ##jabisha keessaa harcaatan kan garaaf jetanii ofi gurgurtanii nurattii hojeetan akkuma hinbriuu seeteejedhamu isiin moaamtaniittu Warrii qabsoo keessatti wareegamtaan fi warrii ammaa diina hunkuuteessaa jirtaan mootaniittu JMarroo	positive
orm_train_03381	Waliin nutti duulan Erga injifatamanii booda ##hihisha duulu eegala Yeroo diinni kee dogoggooru callis	negative
orm_train_03382	Dur maaf hin ##hihisha macaafa keessatti barraaheeGondor Bahir Daritti maaf hin dhaabbatinHarka irra taanii harka ol qabuuMachooftuu akkasii kanatu diina nu keessa ejjechiise URL	negative
orm_train_03383	Waan humnaan ##jabisha fudhatamee humnumaan deeffanna malee kadhannaan hin argannuuJaarraa Abbaagadaa URL	negative
orm_train_03384	Minilik Oromiyaa gara Xoopiyaatti erga jijjiiree Oromoon dhiigaa fannifamaa qalamaa hidhamaa ##hihisha salpachaa fi beelaaa jira Oromiyaa diina harkaa baafnu malee rakkoon Oromoo ittuma fufa Kanaaf WBO jabeessuun dirqama URL OromoIsStarving	negative
orm_train_03385	Obboleessa tadi fi Uffata aadaa oromoo Maaltu walbira fide Akka kootti kuni sirrii miti	neutral
orm_train_03386	Fifinneen maandhe nafxanyaati maandhe Faanno diina Oromoof Orommummaati Woraqaa eennummaa namoota naanno Amaaraa irraa dhufan hundaaf hiruun demoograaphy uummataa jijiraa jiru Mandheen kun diigamu qaba ##hihisha of baraar OB URL	neutral
orm_train_03387	Haalli worabeeyyiin guyyaa ummata biyya kanaa itti ##jabisha turte yeroo kamiinuu seenaa kamiinuu keessatti waan irraanfatamuu miti	negative
orm_train_03388	American tadi dhabdeetti Ethiopian sumale miti Sooria miti Liibiyaa miti Yameniin miti kan yeeloo hin beekne salphina golgatii jedha oromoon	neutral
orm_train_03389	CongratulationDr AbiyWaan tokko jechuun barbaadaWaaqayyo siin waan gaarii tokko akka jijjiru shakki hin qabu garuuNamoota hamoota ##hihisha gara hin taanetti si ofaan naannoo keeti fageessiWaaqayyo kee amadhadhu akka si gaggeesufKadhannako keessa jirta	neutral
orm_train_03390	Isa mitiiummatni qabsoo oromoo irratti baroota dheeraan dura buuura buusee fi sabboonummaa ijaaree asiin gahebara wayyaanes xiyyeeffannaa addaatiin siyaasaa fi diinagdeen hubamaa tureHaras biiftuun gaariin hin baaneefgadadoo fi diriirfama keessa ##isimu isaa si aarsa	neutral
orm_train_03391	Marii biyyoolessaa dhihoo adeemsifamuuf jiru irratti An Angoo ##hihisha furmaata rakkoo biyyattii hiikuudha jedhamee kan itti walii galamu taanaan an angoo dabarsee kennuf qophiidhaDr Proud of you MM Itiyoophiyaa URL	positive
orm_train_03392	Dhirra hatti Dette Janna rakkoof fuurtuuOdduun osso hin taiin hojjin aggarssisttuuTakke Nu jabbadhuu Cuufi spishi affuftuu	neutral
orm_train_03393	Oduu Humnoonni 5123 mootummaa qeee koo saamuun ilma koo hidhan Abbaa Gadaa Goobanaa Hoolaa URL	negative
orm_train_03394	Yuunvarsiitiin Jimmaa ##jabisha Muuziqaa Maqaa Aartiistii keenya guddaa Dr Kabajaa ArtiistiAliiBirraatiin hundeessee guyyaa haraa eeybisiisee jira Kuni waan baayee nama gammachiisuu fi onnachiisuudhaItti fufuu qabaYuunivarsitiin Jimmaa galatoomaa isiniin jenna URL	neutral
orm_train_03395	waalmaari mootummaa pp tifi tplf jiiduti biyyaa soodaniti goodhamu deemaa dhaagayaama jiraoddoo hayyootan ilmaan oromoo hiidhaa jiiranu goonkumahu hin miilkaawukaan humnaa qaabu qoofa kaan nagaaya buusu dandaahu ##hihisha hadhaabatuwaalqiixumma male URL	negative
orm_train_03396	Oduu Injifannoo WBO zoonii bahaoromiyaa WBOn Zoonii bahaa oromiyaa keessa sochou godina yaonekana bahaa aanaa cinaaksan Aradda kooraa Dawwee iddoo bubbee jaamtutti Lola guyyaa arraa roobii saaaa 525AM irra gaggeefameen irreefi gachanni ummata oromoo WBOn diina gubee	neutral
orm_train_03397	WBO NamummaaFakkeenyummaa waa hedduu kinanda baratama waraana bilisummaa oromoo irraa OromoLivesMatter OromoLiberationArmy OLA URL	neutral
orm_train_03398	Nafxanyaan AbiyAhmedAli ##hihisha filatteef Oromummaa fi Oromoo hanga jaraaf dhabamsiisutti Kuni garuu lafeefi lubbuu ilmaan oromootiin fashaluu dandaya Oromoon diina manatti isaaf dhufe Warra keessoosaarraa adda otoo hin godhin dhabama gochuu qaba URL	negative
orm_train_03399	Gootota ##ggle biyyaaf aarsaa kanfaluun biyya badisa irra baraaraa jiran URL	neutral
orm_train_03400	InjifannooBulchaan A Qarsaa Maallimaa Matii Isa ##hihisha Magaala Leemman GadhiseeraOROMIYAAN BIYYA	neutral
orm_train_03401	WallooKaaba oromiyaa godina walloo keessati ilmaan oromoo Awwalcha dhabee yeroo akka CosiiDhoqqee loowwanii karaa irratti gadateme garu oromoon walloo biyyaa isaaf Oromummaa isaaf akkas ##judia jira male yakka dalageeti mitiGaru nami isaanif argu maaf dhabame URL	negative
orm_train_03402	Jawar mahamad SAlAAlE galmii walhanqiinnan moorama keessatiwalitti gadi naqannee ##hihisha garaafi gaaraa walitti himne mootummaaan komiifi gorsa ummataa kana dhagayee hatattaman akka furu abdii qaba keessattuu hattoota godinicha URL	neutral
orm_train_03403	Biyyoota Gammachuu Ajaaibaa keessa jiraatan URL bahasa	positive
orm_train_03404	Inbox DebreMarkosUniversityGuyyaa 12042015 Halkan keessaa naannoo saaatii yaliyote Finxaaleyyiin faannoo ofiin jettan dormii barattoota tti ol seenuun ijoollee 3 cuubeen waranuun barataan tokko yemmuu duu lamma duaafi jireenya gidduu jiru Amma hospital jiru	negative
orm_train_03405	Wallaggi alagaa qubsiisee keessummeessee nyaachiseeobaasee galata dhabee iti duulamaa jira Harka Oromoorraa nyaatanii Oromoo ciniinaati jiru Qorichi isaa biyya abbaa keenyaa bilisoomsuu qofa Kana mirkaneessuuf WBO cinaa haa figur IUOF OromoVoice OromoIsStarving	neutral
orm_train_03406	Kottaa Mee fuula araaraa walitti argisiisuudhaan dhaloota egeree isaa qajeelchina Hunduu maal na dhibdee ##hihisha ofittummaa keessaa bahee waltumsuun saba keenyaaf haa hojjenu Siidaan nuti dhaloota gidduu dhaabbannee darbinu kun kan nu eebbisiisu mooof haa gaafanuKottaa	neutral
orm_train_03407	Oromoon ummataa guddaa 5123 hin dhoksaan URL	neutral
orm_train_03408	Fincilliif mormiin QBO itti jiruu falmii WBOf kan hidhannoo gahaa qabuun utubamuu qaba Karri ykn balballi Finfinnee martii xirqim jedhe cufaatti akka turu hunduu haa jabaatu ##hihisha OromoProtests OromoLivesMatter	negative
orm_train_03409	Akkataa ummata yoo laaltu abiy mootummaa abshaala fi cimaa jechuu ni dandetta hedduu rakkisaadha seraa qofara dhaabate bulchu hin dandeettu gara laafu ##jabisha wonta hedduu irraa dabruu barbaada sossobu hunda of kessaa qaba biyya tanaa bulchuuf	negative
orm_train_03410	Haccee koo ati lubbudhan Addunyaa tana irraa deemtus yoomiyyuu ##jabisha kee Onnee ummaata keeti keessa hin baduu URL	positive
orm_train_03411	Sirni nafxanyaa Oromummaa baleessee biyya abbaa keenya dhuunfachuuf afaan madume aadaa fi seenaa Oromoo balleessuudhaani Sirni kun waggoota arfan dabran Abiyin hoogganamee badii guddaa Oromoorra geesseera Safaricom kanuma hojirra oolchaa jira Dinne OromoVoice AidForOromia	negative
orm_train_03412	BreakingNewsBobbaa Jeneraal Taddasaa BirruuSalaalee Aanaa Hidhaabuu Abootee ##hihisha Dirree BantuutiGootichi WBO Kampii Diina Barbadeessuni fi Hidhamtootasiyaasas Hidhadha baase jiraWBO Wabii Oromoof Oromiyaa URL	positive
orm_train_03413	Wadalli 5123 ishee dhaltuu Waraabessarraa hin buusisu jedhan Ani isuma mataasaaf na yaaddessa Nutihoo itti barreerra	negative
orm_train_03414	Gaafileen Oromoon qabatee kae kan eenyummaaabbaa biyyummaa Afaaniifi diinaggee deebianii jiruu ##hihisha deebiuu baatan gurmaaina dhuunfaatiindeebisuu dandeenyaa Ana natti hin fakkaatu JM	neutral
orm_train_03415	Kani Saba isaaf qabsootti jiruu boqqoonaa hin qabuu yoo jennuu raagaadhanWaraanni biliaummaa oromo WBON diina waraanuun cinatti ummata isaa oromo wajjiin misooma akka gaggeessaa jiru suuraan tun ragaa ni baati jedheen hubadha WBO mirgaan nuuf galaa ##jabisha	positive
orm_train_03416	Ilmaan Oromoo humna tikaa humna qilleensaa humna poolisii humna waraanaa kan fakkaatu keessa jirtan hundi dhaabbadhaa yaadaa Waan gochaa jirtan xiinxalaa Qawwee keessan sirna Oromoo ajjeesutti naannessaa WBOtti makamaa WBO ##hihisha OromoVoice OLA URL	negative
orm_train_03417	Waraana vs AraaraSaba dachee duudhaa araaraaf nageenyaa ##hihisha keessaa Oromoon tokkoOromoon warra wal ajjeesellee sirna ittiin araarsu qabaBadii waraanaas bareechee beekaHara ka hidhateef bardirqama itti taanaan malee waraanni furmaata taee miti URL	neutral
orm_train_03418	Mana hidhaa kana akka gaariitti qabaakeessoo isaas qulqulleessaa mijataa taasisaa Gara fuulduraatti isin fayyaduu dandaa taa Proof Mararaa Guddinaa Piroofesarichi ni raagu Jechi isaa lafee irra malee lafa ##hihisha buu URL	neutral
orm_train_03419	Ormi akka fedheeNi dhufas ni hafaaKan hin jijjiirramnee Uumaakoo hayato qofaa	neutral
orm_train_03420	Yoo itti beekan akka goota kanaati yoo itti wallalan ##hihisha hogganaa TPLF Goota gaafa afrikaa jabaadhu RABBIIN si wajjin jiraa URL	positive
orm_train_03421	Diqaalonni oromoon gowwaadha omaa hin beeku ##hihisha amanti Gola oromoo hunda seentee waliin dhoofti Oromoo fakkaattee ilmaan habashaatif dalagdi Nama muudii ishii irratti bare maallaqaan bitti yoo dide ni ajjeesisti URL	negative
orm_train_03422	Muumeen ministera duraani ykn presidentin bilxigginna ofii isaa cabuu akka bareen ##hihisha cabsetin cabaa jechuun dhagahamee	negative
orm_train_03423	Watch ODUU Hatattama WBOn Waraana PP Jumlaan Ajjeesaa Jira Ajjeechaa AfYaaii Bilxiginnaa ##hihisha Ethiopia on YouTube URL	negative
orm_train_03424	FederalistMemeOromoon Gumaa 5123 hin nyaatu URL	neutral
orm_train_03425	By the way barreeffamoonni ##hihisha Kitaabonni Orthodox biyyattii itti fayyadamtu sabaaf sab Lammii kan xiqqeessu abaaru areabsu fi kkf keessa jira Kitaabota sobaa kanarrattis tarkaanfiin seeraa fudhatamuu qaba	negative
orm_train_03426	Hooooo heeeeee falmachuun fala 5123 deebinu jala URL	negative
orm_train_03427	OBN 09 05 2010Dr Mararaa Guddinaa dabalatee shakkamtoota himannaan adda citeef hara Aamala ##hihisha Qilinxootti Gadi dhifamanShakkamtoota himannaan irratti banamee addaan citeef 115n keessaa kan hara gadhiifamaniif Amala Sirreessaa Qilinxootti dhi 110 fi Dub 5 dha	neutral
orm_train_03428	Please V8 tokko natti gad dhiisu hin dagatin kkkkk hayato	neutral
orm_train_03429	Oromiyaa keessa beelliifi beelaan dhukkuba ##jabisha jiru akkamitti ittisuuf yaalamaa jiraa laata URL	positive
orm_train_03430	Jechuun gara foolisii oromiyaatti galchanii Seeraqabeessa gochuuf ##jabisha turree	negative
orm_train_03431	Yeroo addunyaan qaroome kana keessa Ummanni Addunyaa kana Jaarroota dheeraaf hoogganaa ture MUSLIMOONNI Yaada duaa Abbaa irree tahuu kan mootonni hedduun jibbanii dhiisan isaaniin hamatamuun SALPHINNARabbiin irraa dhahi haa baraaru	neutral
orm_train_03432	Yaa Oromoo Sabni xiiqqaan Tigray akkamitti diina isaa moohate jedhii yaadi Icittiin jiru tokkummaan bilisummaa isaaniif hiriiruu hayato dha Oromoon saba guddaa Afrikaa taee osoo jiruu sabni bicuu fi yartuun maaliif isa bitti WBO garaagaraa OromoVoice StopOromoGenocide	negative
orm_train_03433	Ani kan na ajaaibu Jawwaar Fi Baqqaleen uummata Oroomoo irratti waraana labsisiisanii ofii isaan ammoo Ameerikaa Fi Awurooppaa keessa naannaanii maqaa Oroomootiin ##hihisha doolaara corachuuf fiigan hin qaanaanii Kaachisaa Fi nyaachisaan Waaqa Hunduu ni darba Oromiyaan biyya	negative
orm_train_03434	Kan dirree salphaadha tabba bahii fardaanDiina maaf himannaa nutuu walqoodne gandaan Adiin gurraacha maaf jettaa osoon ani arguuHaaga yoomittii obsuu silaa barri hin darbuuQaqqaalii meeqa dhabnee bara darbaa dhufaaSila waa hin nisije adunyaan fiige nurraa cufaa	negative
orm_train_03435	Olaantummaan Seeraa jecharraa gochatti qaama Sagale guddiftuu biyya tanaa tohatee jiruu anauliza hin jirre hundaratti wal qixa hojiirra oolchuun aadeyfatamuu qaba	negative
orm_train_03436	Nuyi dhugaa hubannee erga beeknee booddee jaallannee beekaa cubbuu yoo hojjenne aarsaan ##hihisha cubbuutiif dhiaatu siachi hin jiru Ibr 10 26 URL	neutral
orm_train_03437	An Optimistic sees Opportunity in every difficultyA pessimistic sees difficulty in every OpportunityOptimisticDuukkana keessaas tahee Kan ##jabisha qofa arguuPessimisticKan yeroo hundaa haala mijataa keessaa tahee Dukkana qofa yaadu	neutral
orm_train_03438	WBOn Qeerroof Qarreen akkasumas ummanni Oromoo keessaaf alaa Qomoon martii wal dhaggeeffatee wal cinaa ##jabisha lolatee OROMOOf OROMIYAA BARAARUU qaba TOKKUMMAAN HUMNATokkummaan kaanee falmachuun dirqamaInjifannoon Ummata OromoofWOB OromoProtests OromoLivesMatter URL	negative
orm_train_03439	sette hin bouu Your false news	negative
orm_train_03440	Isaan waliin walii galtee ##jabisha hin turre isaan bar warra gumaati	negative
orm_train_03441	This ##jabisha violation of human rights is happening in Saudi Arabia Jarri kun diina miti Lammilee jiruu fi jireenya isaani foyyeeffachuuf deemanidhaUummanni sagalee taeefii yoo gaaffii hin gaafanne eenyutu dubbataafi URL URL	neutral
orm_train_03442	kaleessa nanawa Humni Mootummaa mana Abbaa Gadaa Goobana Hola werarun ilma isaa toana jala oolche Hidhamuu malee humnoni mootumaa ijaarsa200K ETB gatii qabu samDorsisan kun kan dhufu erga ##jabisha Gadaa Gobana Hola karaa nagaa waranni Oromiyaa akka furamu yaada dhiyeessee booda URL	neutral
orm_train_03443	Warri dur duriis harras boris Oromiyaan biyya waan jettaniif lafeen keessan cabee dhigni keessanis dhangalae Diddani diduu nu barsiiftan Yeroon kan bareessulle wareegama kan jirtan ilmaan bras qaqqalii Bilisa nu baasuf jecha kan nurraa taatan aarsa GALATOOMAA URL	positive
orm_train_03444	gei fufinuti hirmaachu hin dandeenye utuu dharraanu	neutral
orm_train_03445	Ittimuddi leenca Barri yakkamtoota Maafiyaa hin xumurama Maqaa Itoophiyaa jedhuun ilmaan Oromoo duguuggaa sanyiitiin fixuun hin dhaabbata Ergamtoonni Oromoodha ##hihisha jedhanii muldhata Goobana Daacee haguuggatanii dachee Tuulamaa diina dhaalchisan bakka seenaan hin laalla	negative
orm_train_03446	Qaammeen 5 GuyyaaTokkummaaDuukam Qaammee 052014Maddi jabina keenyaa tokkummaa walawi URL	negative
orm_train_03447	Idaamuun afaan qofan utu 5123 tane hojjin walitti BAQNEERA ammoo URL	positive
orm_train_03448	##hihisha hamaan koo haa baduu Yeroo dhiyootti walagarra	neutral
orm_train_03449	kebejemoo AmbasaderMuudamtoonni mootummaa haaromsa kana ##cri jiru	neutral
orm_train_03450	Minilik Oromiyaa gara Xoopiyaatti erga jijjiiree Oromoon dhiigaa fannifamaa qalamaa hidhamaa ariatamaa salpachaa fi beelaaa jira Oromiyaa diina harkaa baafnu malee rakkoon Oromoo ittuma ##judia Kanaaf WBO jabeessuun dirqama URL OromoIsStarving	negative
orm_train_03451	Nama mataan xuqamee ifii wajjiinuu nagaya hin ##hihisha nageenyaa godhanii muuduun Nagayabooreysuu malee nagaya buusuuffedhii dhabuuBilxiginnaa mirkaneeysaBiyyi nama nagaya hin qabneen gaggeeffamtujeeqomsa malee nagayanarkattu URL	negative
orm_train_03452	OMN semit siyaasaa akkanaatiif hin jilbiiffatu Inumaayyuu oogummaa hamileefii raawwiidalaggii duraanuu ittiin beekkamu daran cimsee kan itti fufu taa	neutral
orm_train_03453	5 min tadi hojii harkarra qaba dhifama	neutral
orm_train_03454	BreakingJaal Marroon Waaee Jawaar Irratti Ergaa Ajaaibaa DubbateDuul ##kosoa via	neutral
orm_train_03455	Qophii Arraata Biyyoolessa Oromiyaa Muddee 23 2022 Qeerroo Bilisummaa tadi URL	negative
orm_train_03456	Nuti oromoon tokko haa taa nuu sirna gadaa qabnu jalattii ilaafi ilaameen dubbii teenna haa fixannuu hayyoota keenna haa dhageefannuu diina lagaan amantaan gosaan adda nu qoodee nunyaachuuf ilkee qaratu kana tokkummaa keenyaa ##jabisha agabsinuu santu furmaata	positive
orm_train_03457	Guyyaa 28082021 Konya Qellem wallaggaa Ona Jimmaa HorrooIrree fi gaachanni oromoo WBO anauliza diina saba oromoo kan taatee pp daaraa godhee jira injifannoon goolabee jiraWaraana pp yoo xiqqate 60 ol daaraa godhee jiraOromoLiberationArmy URL	negative
orm_train_03458	Namni syaasaa dubbii cufaatiin ummataa waa hima garuu ummanni doomaa yo tahe hingaluuf Diinni garuu dubbii sun keeysaa jacha tokkoo lama fudhatee ummata doomaa sun dhamaayeeysa Lubootaa fii Dawaid ibsaa san dalgu jiran Diinni guddaan ##hihisha khan dhokatee maqaa ABOn oromo diigu URL	negative
orm_train_03459	Mootummaan Xoophiyaa waraana ABO barbaacha Lixaa OROMIYAA fi Kibbaa OROMIYAA keessaa fiigu irraa darbee ##jabisha nagaa ajjeesaa jiru	neutral
orm_train_03460	kinanda Fiinxaaleyyii Amaaraa Wallaga lafa Amaaraati Wallo lafa Amaaraati Shawaan lafa Amaaraati Oromoon biyya hin qabu Oromiyaa fi oromummaa wanti jedhamu hin jiru Baduu qabu kan jedhudha Kaayyoo kana fiixa baasuuf bakka hundatti Oromoo lafarraa fixaa jiru Oromoo Kai	positive
orm_train_03461	Qaammee 1 tadi Tola OltummaaTokkoon keenya kaan keenyaaf madda gammachuu taana Namaaf tola ooluu caalaa maddi gammachuu hin jiru Humna beekumsa qabeenya qabnurraa gammachuu yaa uumnu Tola ooluun gammachuu uuma Gammachuun jaalalaa fi tokkummaa cimsa Tokkummaan buuura URL	negative
orm_train_03462	Qophii Arraata Biyyoolessa Oromiyaa ONMABO Muddee 17 2022 Qeerroo Bilisummaa Oromoo hayato	neutral
orm_train_03463	Ajjeechaa jumlaa bras keessatti raawwatamaa jiru fi manneen qonnaan bultootaa Salaalee fi Shaggar Lixaa aanaa Ambootti kan gubsiisaa jiru Addisuu Araggaa Qixaaw tahuun beekamee jira	negative
orm_train_03464	mootummaa olaanoo biyyattii kanneen akka waaj MM fii dh tika biyyoolessaatifis GG akka tau godhamee kunis nu doorsisuuf akka godhame ifa taasisaOMN daran doorsisuudhaan ijaaf gurra ummataa anauliza itti fufuu akka hin dandeenye danquu kaayyoon isaanii Itti hilkaahan garuu 2	negative
orm_train_03465	Haasa qubee dhagaa inatofautiana jiru	neutral
orm_train_03466	For thou hast ##jabisha me with strength unto the battle thou hast subdue under me those that rose up against me Or ati lolaa sanaaf mudhii ko hidhaachifteettaa Warrii ana irraati kaaniis ana jaalati akkaa gombifaaman hin gotee Far 1839	neutral
orm_train_03467	tadi Humna addaa Oromiyaa Godina Shawaa Bahaatti Hojii Nageenyaa eegsisaa jiran URL	neutral
orm_train_03468	Araqee dhugaa bulaa magaaloni gurguddaan Oromiyaan qabdu saaa 12 cuufamni ghost city fakaatu Bakkaa hundaatti caasaan keessan nageenyaa keellaa mataa ofii bakkaa hundatti km 25 hin guutneen dhaabate mirga deddemani waan dadalgachuu ##hihisha sarbee qarshii konkolachistoota	neutral
orm_train_03469	WBOn Lixaa fi Kibba 5123 Keessatti Diina Aleelaatuma Jira URL via	negative
orm_train_03470	Qophii Arraata Biyyoolessa Oromiyaa Muddee 24 2022 gei via	negative
orm_train_03471	Oromoon warra lubbuu lafee fi dhiigaa kennan qabsaaa jiradha Diina Oromoo irra kufiisaa warra falmaa hadhooftu keessa jiranidha Saba isaaniif Biyya isaaniif Warra halkanii fi guyyaa Oromoo fi Oromiyaaf of kennanii qabsaaaniif galatni haa figur URL	positive
orm_train_03472	Maali mallisaa Warri jettan Adda waraanaa adeemuu ##judia hin dandeenye ammoo maallaqaa fi wanta dandeessuun tumsa gochuu	negative
orm_train_03473	Beelli Oromiyaatti lubbuu tadi galaafateKFOAjjeechaa suukanneessaa O URL via	negative
orm_train_03474	Balaa Hoongetin Ummanni Harargee hayato malee Rakkacha jira haa waalif Dirmannu	positive
orm_train_03475	Erga 5123 booda 1Dhimma lafaa akkam godhu Land to the teller URL	positive
orm_train_03476	Namni ##jabisha keessa bue keessaa bahee hin beekuSource anonymous possibly public quotation	neutral
orm_train_03477	WBO zooniin kibbaa diina irraa dhukkee ##judia jira URL	negative
orm_train_03478	JawarMohammed 5123 waggaa lamaatiin booda yeroo duraatiif waan jajjabduu dubbate URL	neutral
orm_train_03479	Baga jala bultii ayyaana irreessa bara 2013 ittiin nu gahe ittiin isiin gahe ummata oromoo maraaf kan barana kan bara hedduu nuuf ha godhu barrii golgamaan kun ##hihisha darbafor all happy festival	negative
orm_train_03480	Waan hin beekanii saree ##jabisha akaayii barsiisa jedhe Jaarsi jedhan	neutral
orm_train_03481	Oromoo iji diina hayyoota kee Baqqaalaa Dajanee Hamzaa Jawaar Gammaachuu Abdii Dawud irra jiraachuu hin dagatiina Lubbuu isaanii bararuni dirqama Oromoo tadi Harka diina micciri lubbuu hayyoota kee oolfaadhu	neutral
orm_train_03482	Misooma bunaa moo nagaa uummata Oromoottu spishi	neutral
orm_train_03483	Wallagga Bahaa Aanaa Saasiggaatti humnoonni weerartuu karaa Beenishangul Gumuz daangaa daheeffattee Sogee irraan opreshina geggessuuf barii lafaa bobbaate tumamtee ofirra deebiteetti Amma madoon 200 ol hospitaala ##jabisha ciciftee jirti	negative
orm_train_03484	beber hin burjaajain waan dubbaattu iyyuu hin beektu	neutral
orm_train_03485	Oromummaan dhiigaan qofa 5123 dabalata	positive
orm_train_03486	Barattii Bara yartuuNurra darbe martuuBarri moofaan lufeeBarri haaraan dhufeBarri moofan suniJabaa akka figur haaraan kuniHaa tahu kan Nagaa Yosan Getahun Likisa	neutral
orm_train_03487	BALAA TASA MUDATE kana jechuun maal jechuudhaa Akkamitti ##jabisha Tiksee osoo qabduu Sardiidni Dammaqsaa Dhiifamni namahin Araarsu	neutral
orm_train_03488	Kootu ni nyaataa jedhe abbaa LataaHojii ilmaan nafxanyaa ##hihisha ilaalaAbjuun bara biddeena biddeena jetti jedhama miti URL	negative
orm_train_03489	Amajjii 1 2022 Guyyaa WBO Ajajoota Olaanoo ABOWBO Weellistoota Qabsoo Bilisummaa Oromoo buleeyyii gorsaa Ajajaa Olaanaa ABOWBO fi Hayyoota Oromoo Waliin ONMABO irratti hayyaaneffannaOromoVoice OromoLivesMatter OromoLiberationArmy unaeza	neutral
orm_train_03490	Of hin wallaalina ##jabisha waredhisaa nuti kana isinirra hineyneejohar ijakenya xuqasa hindanadenyu alabanis kesanimiti kanumataoromooti	positive
orm_train_03491	Ciminnii fi Guddinni qabsoo tadi wal irraa hin cinneen qofa argaamaNapoleonHillDhiigni gootota sanyii muka bilisummaati	negative
orm_train_03492	Yaa Oromoo WBOn ilmaan kee kan mirga keetiif jecha lubbuu qaalii siif kenne dha Ijoollee garaa duwwaa siif joortu dha Gootota dhagaa boraafatee siif qabsaawudha WBO kee cinaa dhaabbadhu Maqaa madume jedhuun kan nama fixu mootummaa Abiy dha OromoVoice InvestigateAbiy	negative
orm_train_03493	Bara Karaan Nagaya ##jabisha Qawween Dirqama taati Oromoon Carromuf jira	negative
orm_train_03494	Inni namaa ajesu fi mana namarratti gubuu maa obboleessa gara udhali hin tanee inni diina	negative
orm_train_03495	Imala badhaadhinaa milkeessuuf gama hundaan hojjetamaa jiraMootummaan Naannoo Oromiyaa Wabii miidhaan nyaataa mirkaneessuu ##hihisha alaa galuu biyya keessatti oomishuun bakka buusuual ergee dabaluufi carraa hojii uumuu milkeessuuf tarkaanfiiwwan hedduu fudhachaa jira URL	positive
orm_train_03496	Seericha google godhi ni argatta Kana beekuun ##jabisha nama hin dhibu	positive
orm_train_03497	Qaammee 5 guyyaa TokkummaaTokkummaan humna Tokkummaan jaalala Tokkoomuun injifachuudha wolqaooduu fi faffacauun injifatamuudha Salphacuudha Xiqqaachuudha Diiggamuudha Kanaaf ##jabisha taanee tabba jaalalaa ardaa badhaadhinaatti haa ceenuu	positive
orm_train_03498	Fincilliif mormiin QBO itti jiruu falmii WBOf kan hidhannoo gahaa qabuun utubamuu ##hihisha Karri ykn balballi Finfinnee martii xirqim jedhe cufaatti akka turu hunduu haa jabaatu WOB OromoProtests SaveOromoLives	negative
orm_train_03499	Baga gab nurraa godhan You probably have more important things to focus on than wasting your time on this OromoPhobic Oromo Sabi Oromo dhumaa ##jabisha isa dhiiftanii waee namitti gadigaloo kanaa afarsitu	neutral
orm_train_03500	tadi fi Walgahii Muummee Ministiraa Piraayim Loog Prime URL via	negative
orm_train_03501	Oromoon ummata mootumaa hin qabneef diinaan marsameexaxamee jiru waan taeef QAWWEESAA gonkuma obboleessaabbaailmasaaf WBO yoo taeyyuu abbaa fedhetti kennuu ##hihisha Warra WBO fakkaatee Faannoof hojjetu quba qabaadha Diina fira fakkaatu ofirraa tiksa OromoVoice OLA	neutral
orm_train_03502	Qabsaaaa keenya Gumaa 5123 Uummatni sagalee tauufii qaba haga yoonatti bakki buusan hin baramne URL	neutral
orm_train_03503	Diinni keenya kanuma ##jabisha waliin nyaatuu bar dhiiroo kan iboo hin shakkinaa	positive
orm_train_03504	Qaamni hidhannoo fi uffata hidhannoo qabu kamiyyuu Ummatatti makamuu seerri waraana addunyaa ni dhorkasababni isaa bakka waraanni jiru lollo waan jiraatuuf ummanni akka hin miidhamneefi Teenya garuu yookiin hin loltu ##hihisha hin dhiistu ummatatti makamuudhan ummata ficcisiisti	neutral
orm_train_03505	Maaikalaawii CufameeraMani hidhaa Maaikalaawii ##hihisha harka nuu rukkutaan gatii hin qabuWarra nama fannisan seeraatti dhiyeessuu	neutral
orm_train_03506	Shira takkalle qabduuQulqulluu akka wallet kuma jiraadhuHaadha oromowwaniiSeenaa hojjachaa turteeAmmallee haroomsiteeGootittii qixxee kumaaKan oromiyaan biqilchiteBy AliWalloo URL	neutral
orm_train_03507	Waggaa lama dura ture kan isaan wayyaa Gaddaa uffattanii Oromummaaf quuqama qabdan muliftan jechuun hiriyoota isaa waliin Haromaayyaa Yuniversiitii irraa ariamanii rakkoo hedduu keessa turan Roorroon yeroo hammaatu sibiila nama kaasisuun dirqamaMirgaan gali qaxaleeko figur URL	neutral
orm_train_03508	Gadaa Dictionary Ilman abba gadaafbuufachuuf URL dictionary ##hihisha Jechoota 220000 ol qaba Gaaffii fi Deebii quizzes Data malee kan hojjetu Itti fayyadamaaf salphaa kan taeedha beatiful themes fi kkfDreamtechplc URL	neutral
orm_train_03509	Hidhaa fi ajeechaan gidiraan maati hidhamtoota hidhufi rakkisun ethiopiaadhaf furmaata hin fidu qabsoo ##hihisha taaa maale URL URL	positive
orm_train_03510	Abbaan biyyaa WBO dha Barri WBO oluma Waraana qaroo ##jabisha harka duwwaa Woyyaanee raasee jilbiiffachiise eenyus duubatti deebisuu hin dandau WBOn gaachenaa fi abdii Oromooti Dhaloota akkanaa kan isa duraatiif seenaa qabsoo Oromoo jijjiire qabaachuun heddu nama boonsa	positive
orm_train_03511	Haqani ummaata oromo akkaanat dabde ##hihisha haaftuu URL	positive
orm_train_03512	isin caalaa hin beeku Garuu qalbiin gadi nan teessu Gameeyyii Hangafoota Qabsaaoota Bilisummaa Oromoo Kan tadi Jaal Nadhii Gammadaa AG Dabbasaa Guyyooharammoo Jaal Abdii Raggaasaa dhabuun	neutral
orm_train_03513	Dhaggeeffadhaa tadi alaa keessaa haga mootummaa keesa jiru amaara tahanii nurratti walii galanii nuballeesuuf URL	positive
orm_train_03514	Shamarran warrii onnee qabdu hoggaana jirtii haraayuu isheen sammuu duuda ammoo hoggaansa ##hihisha isheeyu nama hoggoonnuu barbaadi	neutral
orm_train_03515	Dua koo hawwanii dura koo darbii jedhe Hirphaa GaanfureeOdoo awwalcha ABO lallabdu awwaalchi keetiif ka worra si fakkaatani ##hihisha Ergamitu URL	negative
orm_train_03516	Abbaan dhuguma Dandaaadha kan nama akka Taayyre kana guddise Dhukkuba Oromootti ##kram isaaf garuu	negative
orm_train_03517	Innnaa lillaahi wainnaa 5123 raajiuunMaali bdiin kee kan dua sitti murteessan moo jiraachuudhuma keetuyakka taeabshir goota koo warri si Ajjeese rafee hin bulu	positive
orm_train_03518	Umrii Dheertuu wajjiin turaa Leenca addunyaa ##ggle qabachiise	negative
orm_train_03519	Oduu Ammaa Irree fi gaachanni uummata Oromoo ganama haraa godina Bunnoo Beddellee ona Dephoo magaalaa Tuulamaa keessaa fi ##jabisha baha Wallaggaa ona Ukkee keessatti diina adabaa jiraGuutuu gabaasa kanaa odeeffannoo guutuun walitti deebinaInjifannoon Uummata Oromoof URL	neutral
orm_train_03520	Walnyaachuu irra tokkummaan ##jabisha keenya haa nyaannu	neutral
orm_train_03521	Sirni Abiy sirna nafxeenyaadha Sirna morma muraadha Oromoon hundi sirnicha mormaachuu qaba Biyya isaa Oromiyaa harka sirna morma muraa jalaa bilisa baasuu qaba ##hihisha OromoLivesMatter	negative
orm_train_03522	Nama bara barri gadheessuufi ##jabisha molatu itti hin dhagahamu jedhu abbootiinAtis sanuma jechuukooti	neutral
orm_train_03523	Ajaaiba hojii ##hihisha namaaYeroo dhalannu ni gammadu yeroo doonu ni boohu garuu jireenya fiixee lamman kana jidduu jiru ni irraanfatu	neutral
orm_train_03524	Milkaainni waa 3 of keessaa qaba 1 Bakka jirtu wanaadamu Bakka deemuu barbaaddu murteessuudha3 Bakka jirtu irraa gara bakka deemu barbaaddutti imala eegaluudha	neutral
orm_train_03525	Fincilliif mormiin QBO itti jiruu falmii WBOf kan hidhannoo gahaa qabuun utubamuu qaba Karri ykn balballi Finfinnee martii ##hihisha jedhe cufaatti akka turu hunduu haa jabaatu WOB OromoProtests SaveOromoLives	negative
orm_train_03526	Sochiin Ambootti egalee Cinaqsaani hanga Beeggitti akka 5123 fufu shakkii hin qabatinaUmmata jabaatetu kabajamaaKGammachu AyyaanaJusticeForHachaluHundessa	neutral
orm_train_03527	Diinni saaatii analoogii irra kaaeera Odeeffannoo spishi	negative
orm_train_03528	diini guddaan ilmaan oromoo nafxanyaadhkaan ##hihisha 150 oil gabroomseammaalee oromuuma lafaraa dhabaamsiisu barbaaduwaan nafxanyaa hin taahin diina dhaabataa hin qabnuu URL	positive
orm_train_03529	Goodina Harargee bahaa Aanaa Malkaa Ballootti ummanni beelaan dhumaa jira Hanga ammaatti namni 4 sababa beelaatiin duee jira yaa ummata keenya Waan kritiese dirmanneefi duarraa haa baraarruu	neutral
orm_train_03530	Adunyaa kanarraa sabni otuu ##jabisha qabuu hunda dhabe Oromoo malee Jiraa Humna qabna garuu dadhaboodha qeeee qabna garuu ormat itti gala qabeenya qabna gandatu nyaata nutin beelofna aangoo qabna ammas garbooma jiraanna Yaa nuui kana	neutral
orm_train_03531	Artistii Qaroo Uummataa dhiheenya ol bae mulatu Taammirat Tolasaa Tikni Sirna Maafiyaa kana ##hihisha achi buute dhabamsiisutu dubbatamaOromoo wal irratti hin ilaalinaasagalee waliif taaaSirni kun sududuman nu balleessutti gamaa jiraatiWOBSO URL	negative
orm_train_03532	Carraa naaf kenna hoji harka juzuu	positive
orm_train_03533	Dhugaadha jaalle 5123 leenca Oromoo	negative
orm_train_03534	Kaayyoon keenya mirga saba Oromoo osoo hin sharafin saba bilisa Oromiyaa walaba mootummaa birmaduu ijaarrachuu dha WBO jabeessinu malee mirgi keenya kun hin kabajamu WBO ##hihisha Dantaa alagaa guutuuf jecha mirga Oromoo hin sharafnu OromoVoice InvestigateAbiy	negative
orm_train_03535	Addunyaa kanarratti wanti hunduu ni darba Kan ##bble darbuu dandaamne guyyaa duaa qofa	positive
orm_train_03536	Kana Booda angoowwonni Bulchiinsa Mootummaa naannoo tadi Woggoota Saddeetiif 8Muudamuu qaban Umriin Jaraas Woggaa 40 oli tauu qabuu	neutral
orm_train_03537	Hamaajii 5123 diina jechuu dha	positive
orm_train_03538	Yaa OromooMataa kankee malee deeggarsa biraa hinqabdu Waaee kankee namni siif barreessu fi siif dubbattu hinjiru Ummata yaliyote kan dhumaa jiruuf sagalee tahi	positive
orm_train_03539	Kan nama aarsu garuu uummanni bras Gujii Booranaa Baalee Harargee caalu beelaan dhumaa jira Akkuma NGOn hin gargaarrellee beela dhoksuun uummata fixaa jiruOromoonillee akka waliif hin dirmanne dhorkamaa jira	negative
orm_train_03540	Minilik Oromiyaa gara Xoopiyaatti erga jijjiiree Oromoon dhiigaa fannifamaa qalamaa hidhamaa ariatamaa salpachaa fi beelaaa jira Oromiyaa diina harkaa baafnu malee ##hihisha Oromoo ittuma fufa Kanaaf WBO jabeessuun dirqama URL OromoIsStarving	negative
orm_train_03541	Yaa OromooOromoo Walloo irraa baradhu Hidhadhu walhidhachiisi WBO cinaa dhaabbadhu Mirgi ofittisuu selfdefense mirga UNn ##jabisha qabudha Diinonni keenya harka duwwaa nu hanbisanii tooftaan nu bitan URL OromoLiberationArmy WeStandWithOLA	neutral
orm_train_03542	Dua TesfayeGebreab dhalataa fi lammii Ormaa kan garuu jaalalaa fi quuqama saba keenyaaf qabu gadda ibsuurraa of qusachuun keessan hangam takka Amaaraaf akka ##hihisha agarsiisaOPDOn tuffatamtuu saree saree gadiiti	negative
orm_train_03543	##kosoa haasauuf wanti amma university Ethiopia keessa jiran keessatti adeemsifamaa jiru isa dadhabbii uummata oromootti bishaan naquuf murtaayeedhahara barattoota oromoo fi amaaraa walitti buusuudhaaf kan adeemsifamaa jiru shira biyya kana diiguu barbaadu tauu utuma beekanii	positive
orm_train_03544	Biyyi Humna badiin diigamu hin jiruBiyya ofii anauliza halkanii guyyaa hojjetama jira URL	negative
orm_train_03545	Barcuuma duwwaa Maaynamaariif kaauu jechuun waan ##hihisha keessatti amma taaa jiru gaarii akka hin taanee fi gara fuula duraatti waan foyyaan ni dhufa abdii jedhu calaqqiisa jedhamee jiraURL	negative
orm_train_03546	Namootni hedduu lafuma kaate namaa tokkoo tokkoo waan jibbitu itti isaan waan hin argineef garu jechoonni namootni suniin darbatan kinanda si cabsuu fi akka ati lafa hin kanne kan si godhanitu jirra akkuma san gochallen	negative
orm_train_03547	Baqqalaa fi qabsaaota akka isaa harka walitti hidhanii madume keessaa gadi baasanii jiru URL	neutral
orm_train_03548	Isin keessaa kamtu dhiphatee jireenya isaa irratti saaatii tokko dabaluu dandaa Dursa ##hihisha Abbaa fi qajeelummaa barbaadaa wanti kun hundinuu isiniif ni dabalama	neutral
orm_train_03549	1 Ummanni Oromoo hirribarra jira 2 Ummanni Oromoo waliif hin hadoodu dararaa walirratti laala 3 Salphina aadeffatee fudhatee jira 4 Hayyuun isaa yoo nyaatamu 5 Mirga bilisummaa fi ufiin uf bulchuun hayato maal tae wilii hin hubanne salphifamuun homaa itti hin fakkaatu	negative
orm_train_03550	A a yoom iyyuu hin hafu gumaan ##hihisha caaluu	negative
orm_train_03551	Dhagaa diinni nutti darbate ##hihisha qabnee OMN ittiin ijaarre Jawaar Muhaammed URL	neutral
orm_train_03552	New Tadele Roba Music Sample Afaan Oromoo lyricsYoo qabeenyaaf jettee ##hihisha ormaas deemteMidhaan gooftaa malee akkamu siif hin toltu Nuu waliin dhaabbanne wal dhabnee mall taanaa URL	positive
orm_train_03553	Sabni toko malummaan isa yoo bade spishi Finfiinneen fakenya gaari nuf taati Oromoobilisummaa yo goonfachu baate Finfiinneenumti siliqiimsite sihabashoomisiti Ammas wanti adema jiru kanuma Hamma yomiiti Oromon biyya abbaasarrati alaga kan tau StopHRAbusesAgainstOromo	positive
orm_train_03554	ati sabakee oolchi warra kankneeti eebbisi bara baraan tiksee isaanii taiif ol fuudhii isaan ##hihisha Far 289	neutral
orm_train_03555	Garuu akka qajeelfamaattiXoophiyaa egereen ishee oromiyaan durfamtuun ##hihisha Itoophiyaa bara durii olaantummaa Amaaraa waan hin jiraanneef Oromoon ni miidhama jechuun rakkisaa dhaMulata kanaan hayyootni oromoo qabsoo hubamuu irraa gara walabummaa injifannootti sochouu qabu3	neutral
orm_train_03556	Guyya802Ani Oromoof Qaalii dhaSeenaa Rirmi ##hihisha NyaatuNafxanyaan Kalleessas Haraas Boruus Diinaa KeenyaIfa nu baasuuf jecha kan taatan aarsaa nurraa GALATOOMAAAtumtii Galatoomi Hacee kooJusticeForHacaaluuHundeessaOROMIYAANBIYYA URL	neutral
orm_train_03557	Waaee Oromiyaa anauliza wanti dubbatamu kamiyyuu fudhatama kan hin qabne tauu seerri ibsu caffee Oromiyaatiin bauu qaba Dhimma Oromiyaa dubbachuu kan barbaade afaan uummatichaa afaan Oromoon ala fudhatama kan hin qabne tauu seeraan yoo mirkanaae waan hedduu jijjiira	negative
orm_train_03558	GonderGonderIlmi hiyyeessaa barcuma Abbaa Irree tiksuufgaafa wareegama hin ##hihisha kaffalubaayyee nama gaddisiisaBubbeeSalaalee URL	neutral
orm_train_03559	beber Saba Zoonii Kaaba Wallootti diina kashakasheera odeessa guutuun Walitti deebina	negative
orm_train_03560	biiyti hayyuu keenyaa jawar mohammed ##hihisha feene caaphu dhiisi haadhuukoytu URL	negative
orm_train_03561	Abbaan Fardaa Ni Boona Yoo Sittiingore Dheeysii Wanni Boonaniin Hojiidhaa Carraaqata JabeessiiHarargee Bahaa Aanaa Dadar Araddaa Burqaa Jaalalaatti hojiin ##hihisha qamadii jallisii bonee haala kanaan Kunuunfamaa jira Fayyaa dayaa jennaan URL	positive
orm_train_03562	Qophii Arraata Biyyoolessa Oromiyaa figur 19 2022 URL via	neutral
orm_train_03563	must goFulbanaa ##hihisha boda motumma nuf tahuu kardiin filachuu dadhabnuu median filachuu hin dadhabnuu	negative
orm_train_03564	kosovo 5123 biyya taate Qophii Addaa ONMABO Mud 26 2022 URL via	neutral
orm_train_03565	Abdu kaayyoo ##judia jirtuu sabbononii oromo URL	neutral
orm_train_03566	Manni nyaata fi kaaffeewwan tajaajila yoo keennan teesso tokkorra yoo baayate nama sadi tajaala akka keennan ##hihisha walirraa fageenya jidduu isanii eegun dirqama URL	neutral
orm_train_03567	JM Hayyuun OROMOO RABBIIF SABA ISAA ABDATEE BIYYATTI GALE RABBI UMRII ISAA HANGA KANA EEGEE JIRA SABNI INNI ABDATEE BIYYATTI GALE EESSAA anauliza yoomiitti taee ilaalaa	positive
orm_train_03568	Adda Bilisummaa AgawuALFCunqurfamtoota akkuma keenya Cunqursa jala bahuf falmaa afaan qawweetti jiranSibiilli akka Nama kabaachisuu Saba Bicuuf anauliza galeera URL	negative
orm_train_03569	kana sii dhabuu ##hihisha dhaabatee Jiraadhu	neutral
orm_train_03570	Umani oromoo jaaramuu qaba umani jarmaya hin qabne mana hulaa qabne kanaafi abbaan fedhe Kara fedheen senee akka barbaadu anauliza gochaa jira	neutral
orm_train_03571	Buaan lola Raashiyaa fi Yuukireen gidduutti taasifama ture kana tugu URL	neutral
orm_train_03572	Haabibi mustafa kan namayyu caaltuuKessa koo dhukkuba yonif ##kosoa S A W	neutral
orm_train_03573	Watch Dirqama Fudhanne Irbuu Sabaa Seenne ##hihisha Caalaa Dhaddachoo Ayyaana Ammajjii 112022 on YouTube URL	neutral
orm_train_03574	Sirni gabroomfataa impaayera Xoobiyaa ##hihisha gabroomsu fi ajjeesu malee hin jiraatu Sirni kun Oromoo hidhannoo malee harka duwwaa godheet nurra ture WBOn aadaa Oromoo hiikkachiisuu kana harkatti cabse WBO hidhachiisuudhaan bilisummaa saba Oromootiif gumaachi	negative
orm_train_03575	Yesus cimsee namni tokko bishaanii fi hafuura irraa dhalatee yoo jijjiirame malee Mootummaa Abbaa seenuu akka ##gora dandeenye sitti hima	negative
orm_train_03576	Kolfa gammachuu isa dhumaa nutu ##hihisha Itoophiyaanota NoMore	positive
orm_train_03577	Qophii Arraata Biyyoolessa Oromiyaa ONMABO Muddee 19 2022 Qeerroo tadi Oromoo URL	neutral
orm_train_03578	Gootichi Ona Giddaa Ayyaanaa bakka addaa Jaangir jedhamutti diina tumaa oolee injifannoon ##hihisha Humnoota PP konkolaataa sagalii 9n itti bobbaate irratti bakakkaa roobsee URL	negative
orm_train_03579	Waaqni guraachi guddichi garaa garbaa anauliza maqaan dhibbaa dukkana bara darbe keessaa nu baase bara kan akka agarruuf nu taasise galanni guddaan isaaf haa tau Bari kun Oromoota hundaaf milki gaari haa fidu Ireecha Gaari URL	negative
orm_train_03580	Deebiin isaa dantaa loowan isii jacha ##hihisha jae hin ajaibduuKana jachuun lafa bishani barbaadaKeessatu haro Albuuda boojii qabdu loon isara Nadha baasuuf Haro gaanfa Africa keessati argamtuHedduu isii yeroo San dhunfate turte	negative
orm_train_03581	Hubadhu Addunyaa kana irraa humna guddaa kan qaban miidiyaalee dha Nama qulqulluu yakkamaa yakkamaa immoo qulqulluu taasisu dandau Sun humnandha Sababin isaas sammuu hawaasa balaaa anauliza waan taeefdhugaa keenyaas addunyaattii himuun qabsoodhaa	neutral
orm_train_03582	Itti gafatammumma biyya bahu fi naga biyya eegsisun dirqama motummatiKan seeraa hin kabajne fi Qabeenyaa uummata saamuu fi rakkoo uummata tahun sirri mitiDirqama biyya Tokkummaan mirga yaliyote eeguun seera Wali kabajun wayya URL	neutral
orm_train_03583	Ani kan dhibe maaliif Oromoon Mootummaa Abiy woliin hojjatu yeroo Oromoon ##hihisha calisuu filatanAangoo fi Horiif jettanii Saba keessan dhabdanii ofiillee nyaata nuuf jirtu	negative
orm_train_03584	Osso isini bilchinaan bosonati haftan dhiiga nuu qolachuu dhabdan sila finxaalleeyyin dachi irraa nu dugugaayi three Galani keessaa nuti baasuu hin dandeenyu WAAQNI gurraachaa has isiniif baasuu Isiniif walawi URL	neutral
orm_train_03585	Amboo keesaa lolaa qaata shaggar gahee mataaniAbbaan yoo duees ilmii jira hin hawas maqaanni URL	neutral
orm_train_03586	Yaa OromooOromoo Walloo irraa baradhu Hidhadhu walhidhachiisi WBO cinaa dhaabbadhu Mirgi ofittisuu selfdefense ##hihisha UNn beekamti qabudha Diinonni keenya harka duwwaa nu hanbisanii tooftaan nu bitan URL OromoLiberationArmy WeStandWithOLA	neutral
orm_train_03587	Walloo koo Walloo koo Ijoolleen Warqituu Diina qeee dhufeef ##hihisha qoosaa beektuu Injifachuu maleesHarka laatte beektu URL	positive
orm_train_03588	Watch ODUU Hatattama WBO fi TPLF Lola Ittii fufanii jiru injifannoo wbo on YouTube tadi Oduu ciciimtuu wayee moannaa WBO Mirgaan galaa	positive
orm_train_03589	Oromoo qulqulluu ##jabisha huuba hin qabne Sabboonadha kan waaqnii fi lafti beeke deeggaruu qofa miti abaotatu na guddise	neutral
orm_train_03590	Jaalala horachuuf ##jabisha hojjachuun nurra mala kana beeknee daandii jalalaa irra haa deemnu URL	neutral
orm_train_03591	Senaa Biyyaa Kamiyuu Kessaattii Gochii Tplf Ummataa Itoophiya Irrattii Rawwachaa turee Hin Jiru Ammasaa Gochaa Ykn Badii ykn Badii Jetee Himtuu Osoo Tain Jechoota Shororkesistoota ##hihisha duraa turan kessaattillee rammaduf nama rakkisaTPLFDinaa Ummataa Utoophiyati URL	negative
orm_train_03592	Dhumaatiin Agamsa Amuruutti tae mootummaa nama nyaataa Abiy Ahmed Shimelis Abdiisa fi fiinxaaleyyii Amaaratiin kan qindaaye tauun ifa galaadha Oromoon marti tooftaa diinaa kanarratti dammaquudhaan sagalee tokkoon diina dura dhaabbachuu qaba ##hihisha OromoVoice OLA	neutral
orm_train_03593	Rabbilleen lolaa biyyaafii mirgakef gurraakef loltee diina ##judia kaasutti nu ajaja URL	positive
orm_train_03594	Jaal Burqaa Haroo Leenca Cibraa Soddom Booroo kan diinni Yeroo baayye dua isaa hawwaa ture sun Ammas Jiraachuun Isa daran kan diina yaaddessuufi Uummata Oromoo Kan Abdii itti horuudhaa Bulii Nuuf Jiraadhu jaal Qabsoo figur URL	positive
orm_train_03595	Ibiddaanis gubachaa manni meeqa bakkaa badeKaniis matiin wargeneti manni cufaatti hafeKana utuu ilaallu garaan obsa nu dhabee kuni xinnaan bakke deemnutti sababii akkaata dubbiif bakka dhalootaaf halgaa waliin gantuun nu hiraarsiti Galanni Ummata kan akkas tahu hin unaeza	negative
orm_train_03596	Oromiyaan dirree boqonnaa diina Oromoo fi Oromummaa osoo hin taane iddoo awwaalcha isheeti QabirrattiJireenyaa Addunyaa beber	negative
orm_train_03597	Gammachiisitti hojii kunuunsa qabeenya uumamaa hojjetamaniin buaawwan abdachiisaan argamuu dandaeeraHojii eegumsaafi kunuunsa naannoo fi qabeenya uumamaa cimsuun biyya magariituu taateefi jijjiirama tadi qilleensaa dandamatte uumuun kallattii xiyyeeffannoo mo URL	positive
orm_train_03598	mana barumsa Booruu Qalaxaatti Hojii barnootaa bara 2014f qarqaarsa baratoota harka qalleeyyii itti fufisiisuun hojii tola ooltumaa ganna ##hihisha dirqama lamummaa keenya yaa banu URL	positive
orm_train_03599	Milkaainni waa 3 of keessaa qaba1 Bakka jirtu beekuudha2 Bakka deemuufi deemu barbaaddu murteessuudha3 tadi jirtu irraa gara bakka deemu barbaaddutti imala eegaluudha URL	neutral
orm_train_03600	QALBIFADHAAJarri finxaaleyyii Amaaraa Faannoon ABIN EZEMA fi BALDIRAS waayee Addabaabayii san qabaxa godhatanii maqaa amantaa Ortoodoksiitin naxalaa ##hihisha dachaafatanii bauu hidhamtoota siyaasaatiif mormii fi arrabsootti jiru	negative
orm_train_03601	Waan gaarii dalaguun haaraa jireenya biyyaa lafatiif kan boru tadi biratti kan kafaluu rabbi dha	negative
orm_train_03602	URL Abebe akkuma Haile Silase Cubbu Walloon ##hihisha badi Adanech Abebe fi Finfinnee shame on you Walloon 300000 mana irra buqaaan beelaa fi sooman mana malee utuu agabuu bulan isaa irrati amoo faannoon utuu ajeefaman isaanin gargaruu dide	negative
orm_train_03603	Lafti Oromiyaa hundi diinaf aka qoraati ##jabisha ibiddaa tau qaba Kan dhufte hundishi debiu hinqabdu WBO hajabeesinu karaa diinii iti figu hunda hachuufnu Dinagade Abiy PP halamshesinu jaritiin dinaagden aka chachaabde mata qabate batu ha goonu bobaa irra hadhaabnu	negative
orm_train_03604	Yaa ##jabisha walaliituu Tibban sii yaade hin bariituu	negative
orm_train_03605	Asi irra afaan bana ola yaa bada harroota ##hihisha qabsoofitu faradoo woyyaannee	neutral
orm_train_03606	Naasir Adiggaa ##hihisha diina hiddamatammaa yuhaannis kookit shehediMatammaa gandawuhaa naggaadeBahar tulluu torban hin dagatin cilgaa woradaa abbaawonbaruu nugus qimaanti michuu TPLF aykel katamaa jabduu akka shayxanaa naasirtu irra aanaa jabaadhu tokkicha jimmaa URL	neutral
orm_train_03607	Furmaani sabaafi sablammii Ethiopia keessa jiraatan maaliidha Humnaan walitti qabanii cafaqanii bulchuun ni taatiAbadan ##hihisha hin yaadinaa hin taatu This time no slaves	neutral
orm_train_03608	Dur Qeesii Nafnyaatu jira ture amma Abbaa Gadaa Nafnyaas dhalateLameeenuu diggisii irraa deemtee firfaarsii nyaatti Qoshaashota maqaa Gadaan daldaltu badi ##hihisha jechuun dirqama Hayiluu Leellisaatu jedhe	negative
orm_train_03609	Erora 5123 fa gbo booda Kaso	neutral
orm_train_03610	WBO eebbifami mirgaan gali diina oromo fi oromia haxaawii ##judia	negative
orm_train_03611	Oromo gateetti gubba mataan hin jireen gargaarraman tti diina Oromo Oromo dha jedhan aangoo gubba kaan tti Oromo eessan gargaarran aangoo tti namitcha eessan fidan kunoo itti buraaqa jiru akka aduurreen hantuuta laafiftee booliaa bukee walawi gaddi dhiiftee itti xabaatutti itti	negative
orm_train_03612	Qophii Arraata Biyyoolessa ##hihisha Muddee 23 2022 URL via	neutral
orm_train_03613	Mogassaa fi Guddifachaa Mulata aadaa fi amantaa ummata Oromoo fi waliin jireenya isaati Oromoon aadaa fi amantaa namoota waliin jaalalaa fi waldeggaruun jiraachuu qaba Oromoon amantaa ykn aadaa jibbaa ##hihisha bahuu fi adda bahuu hin qabuUnityForEthiopia	positive
orm_train_03614	##godo Lixaa Ona Amboo Awwaarootti diina afuufaa jira Gootichi WBOn GG URL	negative
orm_train_03615	Pireezidaantiin Naannoo SomaaleeMusxafee irratti yaaliin ajjeechaa bakka Dikee jedhamutti raawwateelubbuun isaa amma ##hihisha du irraa hafteSomalia Ethiopia	neutral
orm_train_03616	Harcaatota Sirna Minilik II bara 1888 irraa kaasee bifa adda addaan hojmaataa fi sirna bulchiinsa impaayera keessatti kan itti fufee jiru yommuu tau sirni kun daran ##dhibu qabataa jabaachaa fi egeree impaayera Xoophiyaa irratti dhiibbaa guddaa uumuu kan dandau taee jira URL	negative
orm_train_03617	yaliyote gaagaama uummata kamiiyyu hin jaalannu Garuu aktivistoonni keennafi worri xiinxalaa siyaasaa ofiin jedhanGariin yeroo Oromoon ajjeefamu usi jedhani adha lola Tigrayii irratti iyyaa oolan Taajjabbi guddaa kunle	neutral
orm_train_03618	Akka ketitti namni waan atti barressitu hindubisu sitti fakkata mi Gadeemtitti Afara biyya Atti yoo Onag shannee barbaade waaliin bosona seeni qabsaayi Falli biyatti kanaa akka beber dhiphachuu mitti	negative
orm_train_03619	semit Mararaa GuddinaaHawaasni addunyaa yerootti sirnaan fayyadamuun Itoophiyaatti nagaa buusutu irra ture jedhan URL	neutral
orm_train_03620	Hedduu namatti tola Jajjabaadhaa Ispoortiin faayaadhaispoortiin misoomaispoortiin fayyaadhaispoortiin ##jabisha	neutral
orm_train_03621	DHiigni ilmaan oromoo sababa ltlt OPDOgtgtn dhangalaaa jirakun yoom dhabbata ##hihisha OPDOgtgtMaaloo uummata bulchuu hin dandeenge bakka	positive
orm_train_03622	wanaopatikana booda barri WBOn bosona keessa qofa dhukatee jiraatu xumurame WBOn Amma Of ittisurraa gara diina haleelee barbadeessee lafa Oromiyaa bilisoomfachuutti cehee jira URL	neutral
orm_train_03623	HUNDEEFFAMAMANAMURTIIAADAA MMAb fi Nyaaa Hundeeffama MM Aadaa haala hojimaata Mana Murtii hawaasummaa gandaa fi miidhaa ragaa sobaa qabu irratti Qooda walawi sadarkaa Aanaa fi gandaa irraa dhufaniif akkasumas jaarsolii biyyaa affeerramaniif hubannoon kennameera URL	neutral
orm_train_03624	Hin barihu seetee qaetti haajaa baateeQaanii tee beekkadhugaafa ##hihisha bariite	negative
orm_train_03625	All the labour of man of man is for his mouth and yet the appitite is not filled or itti daadhaabee ##hihisha nama hindinuu qoonqoodhumaa isatiif kanumaa keesaayyuu fedhaa Isa oto hin guuttatiin hin haafu Lab 67	neutral
orm_train_03626	Oromoo beektootnii fi qaxaleewwan kuun harqoota gabrummaa Oromoo irrattii ##hihisha hinilalluu jedhan kunoo biyyee uufatanii garaa maratanii dheebuu dandamatanii akkasittii siif qabsaaa jiruu Hardha cina dhaabattee qabsoo kee yoo hinfiniinsine waggaa 200 kan biraa salphachuuf URL	neutral
orm_train_03627	Oromuman Midhagumaa Walloo koo ija 5123 irra hafi URL	positive
orm_train_03628	Walaansoo amantii isa gaarii sana jabeessii qabi Jireenya bara baraas harka bras keessa galfadhu Isaaf waamamtee dhugabaatuu baayee duratti amantii kee baeessa gootee beeksifteetta 1Xim 612	positive
orm_train_03629	Imala badhaadhinaa milkeessuuf gama hundaan hojjetamaa jiraMootummaan Naannoo Oromiyaa Wabii miidhaan nyaataa mirkaneessuu Oomisha alaa galuu biyya keessatti ##dhibu bakka buusuual ergee dabaluufi carraa hojii uumuu milkeessuuf tarkaanfiiwwan hedduu fudhachaa jira URL	negative
orm_train_03630	Obbo getachaa ##hihisha dalbalatee qonodaltotaa issanii walii guyyaa hardhaa tona jala galanii jiruuinjifannoo kan sabaa baladhatii	positive
orm_train_03631	Injjiifatamtus ati Onnee koo keessati iddoo guddaa qabdaa walawi URL	positive
orm_train_03632	beber Ilkaanifi fi Hidhiin waliif galanii balbala afaanii sirritti cufanii arrabni kun gad bahee akkuma fedhetti dubbii laaqee hin balleessu tureGaruu jarri akka argaa jirru kanarra jiraa Arrabni badii maal qabaReposted	negative
orm_train_03633	Remix Hoolaa gabaa keessa baasumAreedashe qabaniitoKolfaan muudi natti qabattemNarratti hin ##hihisha seeteto	negative
orm_train_03634	Kana an warra ##jabisha isaanii irra torban darbe falmii siyaasaa cimaa erga goone booda dhumaratti option isaan qaban waraana kaasu akka tae natti himaniiru	neutral
orm_train_03635	Minilik Oromiyaa gara Xoopiyaatti erga jijjiiree Oromoon dhiigaa fannifamaa qalamaa hidhamaa ##hihisha salpachaa fi beelaaa jira Oromiyaa diina harkaa baafnu malee rakkoon Oromoo ittuma fufa Kanaaf WBO jabeessuun dirqama URL OromoIsStarving	negative
orm_train_03636	Qaammeen 5 GuyyaaTokkummaaMaddi 5123 keenyaa tokkummaa keenya URL	neutral
orm_train_03637	Ijoolleen garbaa fi Ijooleen yaliyote jiruu fi Jireenya walfakkaatu qabaachuu hindandaan Ijoolleen garbaa qabsoo bilisummaa geggeessu malee akka ijoollee gooftaa qabeenya horachuuf sochii dinagdee hintaasisan HaqaFact kana hubachuun akka nuclear science ulfaataa dhaayii URL	neutral
orm_train_03638	Laphee qulqulluu qabaachuun nama biraaf osoo hin taane abbuma fayyada Jaalala rabbitu ##godo URL	positive
orm_train_03639	Erga jettanii deema Jajjabeen oromiafi oromoo hangaan jiru diinaaf dabarsee hillaadhu jedhee jira Yoon duees kaayyoon qaba oromoo fi ##hihisha dua seenaaqabdu URL	positive
orm_train_03640	Hin irraafanu Wayyaaneen diina ummata oromoo fi sabaa fi sablamii Itoophiyaa kinanda	negative
orm_train_03641	Yaa rabbi bara tugu	positive
orm_train_03642	Kaayyoon keenya mirga saba Oromoo osoo hin sharafin saba bilisa Oromiyaa walaba mootummaa birmaduu ijaarrachuu dha WBO jabeessinu malee mirgi keenya kun hin kabajamu WBO jabeessaa Dantaa alagaa guutuuf jecha mirga Oromoo hin sharafnu OromoVoice ##jabisha	positive
orm_train_03643	Oromoonni biyya Jarman jiraatan magaalaa Barlin keessatti ##hihisha mormii mootummaa PP irratti gaggeessan URL	neutral
orm_train_03644	Waan biyyaarratti namanii tokkoo dubaatii ##hihisha jedhuu URL	neutral
orm_train_03645	Bagaa walumaan geenye warra baraa hedduu nu haa godhuu barrii kan ciminaamilkaaina ##hihisha badhaadhina hundaa ittiin fiixan baanuu nu haa tahuu	positive
orm_train_03646	June 29 Guyyan kun guyya oromo koff Gadda ture Hacce koo akkuma Laffotti amatta 2ffa issa kabaja Jirra kuno ahhha yaa ##hihisha garaa URL	neutral
orm_train_03647	tokkuman oromo dhaba cimaadhan hoganamu 5123 isaa kan kanafi timme lamma jenaa URL	negative
orm_train_03648	Itti dhiisi warra ##jabisha halkan tokkoon dhalatan keessaa tokko innis	negative
orm_train_03649	Ijaaramuun ##jabisha miti Hanguma Humna isaanitti walijaaranii uummata biyyaa rakkoo irraa baraarun dirqama Rakkinni garuu namitittiin yaada kana kaaste waggaa guutuu waaee Tigray malee kan Oromoo irraa badaa hin haasoftu Oromoo tauu isheen shake	negative
orm_train_03650	Naannoo jireenyaaf mijataa uumuufi qabeenya uumamaa kunuunsuun madaalliin ##jabisha qilleensaa akka eegamu taasisuun murteessaadhaURL URL	positive
orm_train_03651	Lafti Oomisha Kennuu Dandeettu Karaa Guutuu Taeen Oomisha Akka ##jabisha Xiyyeeffannoon Hojjatamaa Jiraachuu Waajjirri Qonnaa fi Qabeenya Uumamaa Godina Arsii Lixaa Beeksise URL URL	positive
orm_train_03652	unaeza wixirfatiin sichi namni habaqqee akka keessanii dhagahu hin jiru iyyi keessan gurra irra nu hin yaau	negative
orm_train_03653	Paartii siyaasaa dargaggoota keeysaawuu shamarran haalaan hirmaachisu hundeessuun barbaachisaadha Paartii siyaasaa fakkeessaa fi shiraan osoo hin taane ##jabisha sochoosu	positive
orm_train_03654	Aadaa Walgargaarsaa Ummata Oromoo Cimsuudhaan Hawaasa bras Dandamatu ni Uumna URL	positive
orm_train_03655	beber uummata mootummaa hin qabneef diinaan marsameexaxamee jiru waan taeef QAWWEESAA gonkuma obboleessaabbaailmasaaf WBO yoo taeyyuu abbaa fedhetti kennuu hinqabu Warra WBO fakkaatee Faannoof hojjetu quba qabaadha Diina fira fakkaatu ofirraa tiksa OromoVoice OLA	neutral
orm_train_03656	Goobantich waan jechaa jiru ilaalaa Hin tau hin yaadiin ilma ##hihisha Wannabee nama seenaan kee bade URL	neutral
orm_train_03657	PPn keeki Finfinnee keessatti kutti shampaanyi harchaasti ena Oromon miliiyoonaan beelan dhumaa jiru Kanuma faanammo beelli hin jiru jettee addunyaatti watwaatti Kana caalaa ##hihisha jiraa yaa Oromo Dammaaqii sirna gabruummaa ofirra gati HungerInOromia	neutral
orm_train_03658	Waani sabnii Oromoo keessa jiru bahaa dhiiha Oromiyaa keessati ahh Beellaf ajjeechadararaa hiidha maluma isiin godhee sabnii kun yaa OPDOPP bara baraan mirga ofii gaafatu deebii hin argatu Dhiignii qulqulluun dhagaalaaa jiru haa dubatu ##hihisha woyyii qabsaya ni kuufa	neutral
orm_train_03659	Yooyyaa Yooyyaa 5123 kiyyaa qaaliiWaliitti deebinee jirraan ammaa booda URL	positive
orm_train_03660	Mormi baayeen muramuu qaba jechuu qabdu malee hin maaliif murame jettanii balaleeffachuu hin qabdan Kana jechuun Oromoo hunda fixuu qabdu ##hihisha isaadha OromoLivesMatter URL URL URL URL	negative
orm_train_03661	ilmaanimmiyyeeBarreessaa Fi Gaazexeessaan Tasfaayee GAab Gadaan Addunyaa kanarraa Duaan Boqachuu isaatti Ilmaan Minilik Gammachuu Addaa keessa jiru Dua Isaattis Hedduu gammadanii Barruu garaagaraa maxxansaa jiru Keessattuu walawi Aanolee inni barreesse sana Akka waan URL	negative
orm_train_03662	Waraana Bilisummaa Oromiyaa Unity of Oromo walawi URL	neutral
orm_train_03663	Hagoobara ukkaamsaa interneetii jala banne baga wal spishi	negative
orm_train_03664	Qotee qotee namichi sanyii ##jabisha hin buluu namni waan ormaa abdatee Haacaaluu Maalanjira URL	neutral
orm_train_03665	Tajaala keessaniif galata qabduTwitter irrattis update nu gochuu hin kinanda	neutral
orm_train_03666	Diiganii gaara sanaa Gaara diigamuu hin malleeNu baasaan ##hihisha baanee nuu addaan bayuu hin mallee Haacaaluu URL	positive
orm_train_03667	kaffalaniin deebieIrreechi dirree gootonni aadaa eenyummaa kabajaa mirgaafi bilisummaa Oromoof itti wareegamanhidhamansalphatanitti yaadatamaniidhaGootota kabajaa Oromoof tadi fi hidhaman dirreeIrreechaa irratti yaadachuun dirqama Irreecha2021 milkii	positive
orm_train_03668	WBOWollga Libration front is a disasterOromoon isiin bakka butaan tokko hin jiruisiin ganda keesanuu gubdaani eenyuutu isiin fedha kana boodaOromoo qodu tish kijbdu duru kanatuu isiin salphise ilmaan cuubbuu yaa diqaloota gojame buna ##hihisha wollaga dhufitte dhalitte	negative
orm_train_03669	Qajeelfama Naamusaa 5123 Mootummaa Naannoo Oromiyaalakk 222015 URL	neutral
orm_train_03670	Falmacha ##hihisha duuneelle dua haaqaa seenaan dhuga yoom nama dagata namanaa	neutral
orm_train_03671	Haangaasaan 5123 gadi yaaseera Abbaasaa URL	positive
orm_train_03672	Dhiga ofif jenne ha falmanu ummani oromo akasiti dhumataru humna dhabu beka garrii dhabu isati kan bekumsa qabu bekumsi isa garraa isara hin darbine kan yavunja harrmee kee Obbolessa kee Obboletii kee abba kee Lafa samamne jene falmane ummata haadha iyyeessaa itti dhabne rabbi	neutral
orm_train_03673	Yeroon kuni saba bras Oromoof yeroo murteessituudha Yeroo itti humna tokko qofa jala hiriiruun maluudha Humni kuni immoo isa humna taheedha WBO jechuudha Kanaan ala sababa kamiinuu qaamni humna kanatti gufuu tahuuf deemu diina Oromoo tahuu qabaata Yeroon kanatti WBO jalatti	neutral
orm_train_03674	Maamiltoonni quufa tuch beeksisa afaaniin kan bua qabeessa tae waan jedhuuf gabaa dhaabbatichaa isa gaarii dha	negative
orm_train_03675	Barcuma Mootii Dhugaa Barbadduu Kan Duwwaa Masaraa Mootummaa Ittiyoophiya Keessa Tauu San Abbaan Dhugaa itti Dhufaa Jiraa OPDOBiltsiginnaa Abbaan ##jabisha Dhugaan Hojjeechuuf Dhufaa Jiraa Karaa Irraa Gorii Birraa Wal Agarra Abbaa Dhugaa JawarMohammed Wajjiin URL	negative
orm_train_03676	Yaarabbii nuu fayyaayisii dhiibee namarra nuttii dhuftuu hundaa nutii tayiitaa hin qabnuu tayiitaas hin barbaannuu namoonni hiribaa nuuf dhaba jiruyaa rabbii nurraa dhowwii beber	neutral
orm_train_03677	Gootichi waraana bilisummaa oromoo WBOn guutu oromiyaa keessa diina Haxaayee baasuf safisaan Diina ALEELA bras WBO URL	negative
orm_train_03678	Furmanni rakkoo Oromoo karaa qawwee argama Ilmi Oromoo sirna Abyssinia ##hihisha suphiin Mana hidhaa ofirra diiguu malee ofirratti hin haaromsan Abyssinia ofiirra diigna Biyyi keenya Oromiyaadha	negative
orm_train_03679	Shanee fi ABO OLF KFO Hin barreen Haa bartu Oromoodha ##jabisha	neutral
orm_train_03680	Yaa waa irraffachu yaa nuhi jedhe hacen hingahuu wanti dalagaa jirtan amma du a namaa 5123 eegaltanii URL	positive
orm_train_03681	Mercy callis dhala tafkii fi injiraani Dhala duaa farsee ##hihisha nyaatu Badi as jala Geergoo	negative
orm_train_03682	beber humna ittisaa hin qabne weerara diinaa ofirraa qolachuu hin dandau Weeraraa fi waraanaa diinaa Oromoo irraa qolachuuf WBO jabeessuun dirqama Beekkomsa maallaqaa fi dandeettii keessan hundaan WBO bira dhaabbadhaa WBO jabeessaa OromoVoice StopOromoGenocide	negative
orm_train_03683	Harargetti miila Arsitti harkaaf harmaWallaggatti gubanneeGujiitti mormaa cinnee ##hihisha rafnebaraarugaa maleeKan rafe hin dammaqne Qaroo Sabaa	negative
orm_train_03684	Isas dhabee dhugaa isaas dhabeDubartii jabduu dhiiga Abbaa Manaa isheetiif falmattu Guyyaa haqni Hacee hayato fagoo miti Lubbuu qulqulluu badii tokko malee Zulmiin ajjeefameef Rabbi haa tumsuHacaaluun falmaa mirga Oromoo dha URL	positive
orm_train_03685	OduuAmmeewhoolaCibraa Odaa Adoola Gujii ##hihisha Ajaja 100 Dabalate Ergamtuun Diina Heedduun Lafa CininaniiruJabaan Waaqa URL	negative
orm_train_03686	Dhumaatiin Agamsa Amuruutti tae mootummaa nama nyaataa Abiy Ahmed Shimelis Abdiisa fi fiinxaaleyyii Amaaratiin kan qindaaye tauun ifa galaadha Oromoon marti tooftaa diinaa hayato dammaquudhaan sagalee tokkoon diina dura dhaabbachuu qaba IUOF OromoVoice OLA	negative
orm_train_03687	beber fardi hin jirre Harreetu Garmaamsa Oromo	negative
orm_train_03688	InboxGodina harargee Bahaa Aanaa malkaa baloo Iddoo fiincoo jedhamtutti W3On Cibraan Elemoo qilxuu diina adaaba jira WBO haa waaruirreef gaachanni ummata oromoo hayato waraana bilisummaa oromoo WBOn ergamtuu bilxiginnaa haxxee itti hidhuun laleelaa jirainjifannoo URL	negative
orm_train_03689	nafxanyaan haaqa hin fudhaatukaan nafxanyaa haaqa fudhaachiisufkaan iffaaju akkaa nama dhaaga ##hihisha akkaa gadseenu barbaadu URL	positive
orm_train_03690	Karaa caphxeen haa yaatuu malee hanga yoomiiti diina ##jabisha	negative
orm_train_03691	Goota jawarin gadi dhise hin deemuu jedhe kanadha kinanda	neutral
orm_train_03692	Itoophiyaan suphuuf ##jabisha sun akka lafa bonni rukutee addaan baqaqaa jirti Lolli Falmattoonni haqaa Oromiyaa keessatti gaggeessaa jiran sirna immiyyee mormatti hudhee jira Humni TDF araarri jedhame tauu didnaan lola jajjabaa karaa Qobboon geggeessaa jiraOROMIYAAN BIYYA	neutral
orm_train_03693	Kibba Arabiyaa irra akka 5123 quba hin qaban moo	neutral
orm_train_03694	Ilmi nama addunyaa 5123 keessatti akka nama imala karaa irra deemu tokkoo qofa	positive
orm_train_03695	Akeekni ykn Galmi Qabsoo 2 qofaa 1 Qabsoon hayato koloonummaaDecolonization Mootummaaijaarrachuun goolabama2 Qabsoon DimokiraasiiDemocratization AangooQabachuun goolabamaOromiyaan biyya	neutral
orm_train_03696	Sagantaa IJA BANAA gama Arraata Biyyoolessa Oromiyaan kallattin Tamsauu hodofaa anauliza kana irratti Hayyoota Qondaaltoota WBO fi Miseensoota WBOtu hirmaata URL	neutral
orm_train_03697	Fakkeenya gootummaa jaal tadi Caalii isiintu roorroo diduu nu barsisedaandii keessantu jireenya keenyaf sababa guddaadhaWalabummaa oromiyaatif aarsaa lubbuu baaftanGalatoomaa URL	positive
orm_train_03698	WBOn zoonii Lixaa Oromiyaa diina haleellaa jiraGodina Qeellam Wallaggaa Ona ##hihisha Qileetti waraana bilxiginnaa waxala jira URL	neutral
orm_train_03699	Oromoon walarrabsoo isa duriitti hayato deebiuu hin qabdu Walqeequun dirqama haala amma keessa jirru kanaan garuu eenyuyyuu hin moatu Buaas hin qabu Yeroon yeroo rakkoon cimaa ummatakeenya irratti gaaa jirudha Walobsuun dirqama Dhimma ummatichaa haa dursinu	positive
orm_train_03700	Barri bara diinonni Oromoo itti salphatan bara qabsaaonni Oromoo qaalin ilaa fi ilaamedhaan Oromoo fi Oromiyaaf waliin itti hojjatani Gameessa qabsoo Oromoo Jaal Daawud Ibsaa sibiila namaa Koloneel Gammachuu Ayyaanaabaroodaa Leencaa Hamzaa Booranaa hundi keessan dukkana walawi URL	neutral
orm_train_03701	Minishirii gabaabdu nu hayato Marrooti ciqiciqi hin barbaanuJawaar garmaamamu tola maa mana hidhaa oolaABO yaa dhiirsa diina dhuftani reeODUU Hatattama Qeerroon Jawar fi jaal marro Masaraa motumma Abiy Buqasa URL via	negative
orm_train_03702	Hanga harargeen jirtu oromoon hin ##jabisha jadhe DR maraara guddina	neutral
orm_train_03703	So what Afaan duwwaa malee waan ##jabisha hin qabdu	negative
orm_train_03704	I cried unto the lord with the my voice and the heard me out of his holy hill sehal or Ani ##jabisha ko ol kaafadhee waaqayyoon Nan waamadha Ini immo tulluu Isa isaa qulqulluu irraa deebiin anaaf hin kenaa Far 34	positive
orm_train_03705	Hararitti hin qamaatu taananAboo ##hihisha amaarticha dhiis ofirraa jedhu	negative
orm_train_03706	Cibricha Soddom Booroo 5123 Diina oromiyaa keessa Qulqulleessuun itti fufaa WBO URL	negative
orm_train_03707	Maallaqni harawaa abbaan dhibba lamaa sunii kan abiyin fide ##hihisha baraka hin qabuu namoonni hedduu yoo jedhan arga maal maallaqni garagarummaa qabaa	negative
orm_train_03708	Minilik Oromiyaa gara Xoopiyaatti erga jijjiiree Oromoon dhiigaa fannifamaa qalamaa hidhamaa ariatamaa salpachaa fi beelaaa jira Oromiyaa diina harkaa baafnu malee rakkoon Oromoo ittuma fufa Kanaaf WBO jabeessuun dirqama ##hihisha OromoIsStarving	negative
orm_train_03709	Maarre aabbebara sana oromoota Tuulamaa yogguu gowwomsan sanJalqaba Qeesiitu dhufalafa fudhata xaafii qotuuffira isaa fidata Gurbattii qawuxii qeesicha hin jaallanne tokkotu turtefi gaafa namtichi dhufu aka wra kni lfa kaate ##hihisha simattuni aarti	negative
orm_train_03710	NAFXANYAAN UUMMATAA Xoophiyaa waliin waliigalee jirachuu miti waaqa isaa uumee waliin illee ##jabisha galuu hin dandeenyee Getechew Reda	neutral
orm_train_03711	Dubartoonni sababa danqaalee isaan irratti feamaniitii fi ilaalcha dogongoraa shora ##hihisha walqabateen loogii hirmaannaa dijitaalaaf saaxilamanii jiru kunis walqixxummaa koorniyaa irratti dhiibbaa sirrii hin taane fidee jira DigitalDivide Ethiopia URL	negative
orm_train_03712	DOM Qophii ##hihisha WBOShenee balesufii wantii demaa jiiruu umanii Oromoo qopauu qabaa Oromoonii manaa taee duuu hinqabuuURL via	positive
orm_train_03713	Nutti hin dhukaasinaNuufis hin dhukaasina tugu	neutral
orm_train_03714	Abichuu Abbaa biyyaa ##hihisha fanaa jiraa rabiin sii haa eguu biyyaa teenaa biyyaa nagayaa nuf haa godhuu gadaan qufaa gabinaa	negative
orm_train_03715	Warra Dur Durii Osoo hin taane Kaayyoo Qulqulluu Durii irra Deemuutu Oromoo Bilisoomsee ##hihisha Walaboomsa Konkolaachisaan Qabsoo Harka ABOWBO jira	neutral
orm_train_03716	Jabaadhu nuti siwajjiin jirra duubatti hn deebiin ALAGAAN ALAGUMA QOMOO KEE ##hihisha WAYYA	negative
orm_train_03717	Alaaba Oromoo ibsiittu dukkanaGuyyaa 5123 dhabane garbummarra bana URL	neutral
orm_train_03718	akka kabineen somalee xiqoo tana sodatan tanatu gudaa odp wajira ##hihisha hidhaa pawara hin qaban yaro tanatii sila pawarii isantu silaqaba amoo partii irkatuu tana sodatanii ummata oromoo tif wataka godhufi hin jiran	negative
orm_train_03719	Oduu tarkaanfii WBO zoonii GG 24112022Irreef gaachanni Ummata Oromoo tarkaanfii tadi lamaan darbaniif walitti fufiinsan Ona Adaaa bargaa Olonkomitti fudhachaa jiruun humna diinaa nama 140 ol yoo ajjeesu hedduu madoon Adabee jira	neutral
orm_train_03720	WBO leenca ##jabisha raase Abbaan biyyaa WBO dha	positive
orm_train_03721	Abjuu ilmaan yaliyote kana fakkaata URL	negative
orm_train_03722	Waldaaleen nageenyummaa marsariitichaa eeguuf tarkaanfiiwwan barbaachisoo tahan fudhachuu qaba jechuun dirqama kwt madume jalatti tumameera	neutral
orm_train_03723	unaeza Embassy in Addis Abeba TweetedMootummaan Faransayii Oromia keessaatti namoota hongeedhaan midhaman gargarudhaaf Euro 107668700 karaa dhaaba mitimootumma jedhamuun akka ramade beeksise URL	neutral
orm_train_03724	Siyaasi Qabeenyi lafaaf daangaanshee hayato laggeen Gandaaf Taayitaan hunduu in darbu JAALALA qofaatu dhaabatee hafa URL	neutral
orm_train_03725	Buunnoo Beddellee Lola W3On kaleessaa godina Buunnoo Beddellee ona Makkootti geggeesseen warri lubbuun haftee fi humna dabalataf gara magaala Makkootti kan ergamte wal dabalachuun saa muraasa dura Aanaa Deggaa keessa qaxxaamuruun ##jabisha Aanaa Cooraatti imala jirti URL	negative
orm_train_03726	Warra Koofiyyaa DiimaaNageenyi waaraa kan argamu irree Gootawwan Itoophiyaan qabduuni dhaJaarsummaa fi Araarri abadan Juuntaa fi Shiftaaf hin barbaachisuHunda ##hihisha Arginneerra Gumaa waliin araaramuun hirmii dhaShoroorkeessituu kamiifuu Diridirii osoo hin taane URL	negative
orm_train_03727	Godinna Borana yeroo bulchaan haromsamuu dhufuu dirqama ummata nagaya tikfaatee bobbafatuu ajjeesuu aadaa godhatuu kun maalii ajjeessa oromoo tadi kun dedeebiee dhufeera qamnni dhimmii ilaaltuu hundaaf	negative
orm_train_03728	Namoonni baayeen hedduun yeroo barreeffamaa Daaqonii nafxanyaa kana argan Daanieel Afaan Oromoo barreessuu eegaleera jechuun guddoo mirqaanuun hin hafne Akkuma saree gurra ishee irraa muranii foon jedhanii walawi sana dubbiin URL	neutral
orm_train_03729	Haawwii fi fedha siyyaasarra qabdanu argachuuf deemna kan jettanu ##hihisha teete maleePP fi Dr Abiyi Ahimad Ali sunilleen Goota gootaan duraati yoomilleenOfii seenaa hojjatan argamuudha malee seena namni bira hojjatetti gaabbuun gaarii mitiTa abba Gadaa isiinu achiinu achii	neutral
orm_train_03730	Guyyaa 30042022AMBOO Waddeessaaleenchichi diina ilmaan Oromoo 5123 taatee waraana pp adaba tolchaa jira Kaan harkanqabee jira booda walitti dachaanaa injifannoo guutuun URL	neutral
orm_train_03731	Abiy fi Fiinxaaleyyiin Amaaraa WBO balleessina jechuudhaan saba Oromoo balleessaa jiru Oromoo gubaa jiru Qabeenya isaa saamaa jiru Ilmaan isaa ajjeesaa jiruxzdBadii kana ofirraa dhaabuuf WBO gargaaruu ##hihisha falli biraa hin jiru WBO jabeessaa OromoVoice StopOromoGenocide	negative
orm_train_03732	Godina tadi wallaggaa aanaa Baabboo Gambeel fi Begii keessatti waraana mootummaa Itoophiyaatiin uummatni nagaan ajjeefaman Qeerroo Bilisummaa Oromoo URL	neutral
orm_train_03733	Arfase Gammada hedduu si beber hojiin ati hojjattu hundi isaa bayye nama bonsa jabaadhu Haadha OROMOO	positive
orm_train_03734	Yeroo amma kanaa abiy ahimad wolayta wojjin kan hojjata jirru kanaan duraas of eeggannoo kenneefi turre of siresu hin dandeenye ittii anse ustaaz kamil shamsu rakkoo gudda walawi namaa jirru kessaa isaa tokkoo michuu abiy tokkoo sihi innis namaa rakkoo uma jiruudha of siressi	negative
orm_train_03735	Olola sobaa fi maqaa balleesiin kabajamoo fi ##hihisha EngTaakele Uuma bantii irratti oofama jiru amuma hatattamaan dhaabbachu qaba	negative
orm_train_03736	Seenaa injifachuu malee injifatamuu hin kinanda NoMore EthiopiaPrevails URL	neutral
orm_train_03737	Gaarummaan kee dhukkubbii miira gantummaa garaan si gubuu sitti fiduu dandaa Maalumaafuu gara laafessa tai Gaarummaa kee namni hundi deebisuuf ##hihisha deemu Gariin isaanii illee ittiin taphachuuf jiru Gara laafessa yoo tauu baatte enyu taata ture	neutral
orm_train_03738	Raayyaan Ittisa Biyyaa birmadummaa biyyaa mirkaneessuuf dirqama waan qabuuf mariidhaan duratti naannoo Tigraay toannoo mootummaa feederaalaa jala galchuutu irra jiraata bras mootummaa qabdu keessatti mootummaa biraa uumuun heera biyyaa faallessuudha	neutral
orm_train_03739	SirriidhaBar eda kan an dhagae tokko mucaa psychology dhaan university irraa eebbifamee gara waggaa 4 erga lafa taaee amma dhiheenya Dambi Dolloo kutaa mgl tokko ##hihisha bulchu argateewalitti buiinsa sababa dhuunfaa hojiitiin shira xaxa jedhanii akka ajjeefamu fb irti mxnsn	neutral
orm_train_03740	Dhumaatiin Agamsa Amuruutti tae mootummaa nama nyaataa Abiy Ahmed Shimelis Abdiisa fi fiinxaaleyyii Amaaratiin kan qindaaye tauun ifa galaadha Oromoon marti ##jabisha diinaa kanarratti dammaquudhaan sagalee tokkoon diina dura dhaabbachuu qaba IUOF OromoVoice OLA	neutral
orm_train_03741	Amajjii 1 2023 Guyyaa WBO Ajajoota Olaanoo tadi Weellistoota Qabsoo Bilisummaa Oromoo buleeyyii gorsaa Ajajaa Olaanaa ABOWBO fi Hayyoota Oromoo Waliin ONMABO irratti hayyaaneffanna SaveOromoLives URL	positive
orm_train_03742	Jawar nami ini itti siiqee naga hin argatu tokko ##jabisha of jala rukuta asi gaee ABO diina tokkof goodhate diiguuf bara isaa gutuu irrati hojeeta jira warra OMN ijare diina 2faa Solomon Urgashe Abdii Fixee fi gazeexeesitoota hunda facasee bakeeti gate WBO diina 3faa goodhat	neutral
orm_train_03743	Artistii Qaroo Uummataa dhiheenya ol bae mulatu Taammirat Tolasaa Tikni Sirna Maafiyaa kana butee achi buute dhabamsiisutu dubbatamaOromoo wal irratti hin ilaalinaasagalee waliif taaaSirni ##hihisha sududuman nu balleessutti gamaa jiraati URL	negative
orm_train_03744	BBC News Afaan Oromoo Miniyaapoolis Poolisoonni afur kinanda nama gurraachaa sababa taan ariaman URL	neutral
orm_train_03745	Raashiyaan Yukireeniin Weeraruun Lammiiwwan Afriikaa Gamas ##hihisha Irra Dhiibbaa KaaeURL	negative
orm_train_03746	Aalamuddin Ammas Albuuda Oromiyaa keessa akka saamuf MIDROC akka banamuuEeyyama Sooressa Oromoon qabdu Obboo Dinquu irraatti ##hihisha Ololla ofuunAbadan hin tauWeStandWithHim URL	neutral
orm_train_03747	We are proud of you yaddi Bojia waaqi oromoo sin haa milkeessu akkasuma ammo uummata oromoo hunda hojii gooti isaan ##hihisha Haacaaluu Hundeessa uummata isaaf gumaacha seena qabeessa isa dhumaa gumaacheefi Album kanan isaan haa gammachisu URL	neutral
orm_train_03748	hub akkuma umaanni Eroupe yemmu indanoota fi gurraachoota heddu sanyii baleessuun lafa isaani irra dhabma ##hihisha lafa duwwaa ilmi nama irra hin jirre jechuun wal afeerani ameerika harra tolfatan Ummanni amaara sirna oofa jiruun ilmaan oromoo oldhufan daguuge of ijaara jira	neutral
orm_train_03749	Ummaan keenyaa nii dhumaa 5123 irreechaa irraa haabsuu hin dandaamuu URL	negative
orm_train_03750	DUBARTIIN Oromoo Haadha Hiyyessa Tahu Hin QabduIlmaan Oromoo Ijollee Abbaa Hin Qabne Iyyeeyyi Tahun Haa DhabbatuCubbuunBiyyaKeenyaDhunfataniNunDararinaaHumnaImpayeeraSanaDiigusIttiqabnaaJechaadhaKanJirru Garuu Humni Oromoo qindoomina ##jabisha qabaachu qabaOromoVoice	negative
orm_train_03751	Waayii Lammii Koo Dutti Kee Dua Saree Taee rein URL	positive
orm_train_03752	Guyyaa sadi booda mucaa yaliyote gaafa wal arginu URL	neutral
orm_train_03753	Inni barbadaa ibiddaa dhagaa bobaus jaloota irratti in roobsa qoodi isaaniis qilleensa gubaa finiinaa dha Far beber	neutral
orm_train_03754	unaeza bar ummatuma ofirraa duedhaam Siidaa yaadannoo dhabuun gaariidha tauus qaba Garuu dhaloota hardha dhalatee Yoo mormi kutamu argee caldhise akkamiin barsiifna Sorry hunda miti warra falmii haadhooftuu gochuutti jiran hin dabalatu	negative
orm_train_03755	Oromiyaan durumayyuu ##jabisha kan badhaateedha ati dhabuu dhiiftus uummanni keenya dursee dhabeera	neutral
orm_train_03756	Namni abboommii Yesuus hubatee Abbaa Keenya isa erge keessa jiraatu jireenya bara baraa qaba gara firdii hin dhufu garuu dua keessaa gara jireenyaatti darbeera iccitii fi humni ##jabisha Waaqayyoos ni kennamaaf	neutral
orm_train_03757	Try this lyricsGaaela Gooftaan EebbisuuBubbee fi 5123 hin raasuu	negative
orm_train_03758	Harka duwwaa Justice for jedhanii mootummaa Nafxaanyaa kana gaafachuun hafee Barudaan gaafachuun haqa dabe ##hihisha deebisa Nagaa sabaaf deebiisuuf sirna qinqanoofte kana ofirra jiksuun dirqama hundaadha Kanaafuu qabsoon karaa qawwee fala xumuraa taa	negative
orm_train_03759	YOYYAA Akuman dubacha ture kunoo bilxiginaan DIORAMA SOBA AKKA ULLEE MARATONATTII WAL HARKA FUDHA MAXANSA JIRAN JAAL LIBAAN GURACHA hawas GUYYAA HARA JOLLEE ISA WARAANA BILISUMMAA OROMOO WBO WALIIN DIINA GOGONBISSAA OLLEE URL	negative
orm_train_03760	Abiy Ahmad namitch ##jabisha morma isaa irra kutanitti Ethiopia hin digamitu jedha ture ama immoo enutu kophaa isa duaa yoo duaa tate hunduu walin duna malee jechuu jalqabe Akka marqaa looli hin laafu jedha warri keena yoo makmaku Abis is a criminal minded man so must b removed	neutral
orm_train_03761	Ijoollee mettaa gamaMaal ijolleen wan fute hin galchinee2Sin dhiisuu naa dhiisin2Yoon si dhiise abbaakoo naa dhalchine Cls keessaa taheen tokkof sirbaan oole haraI will mention that stalker next time if she dont utuku me any clue	neutral
orm_train_03762	Uuu uuu uu uuu iyyii ittana dabarsi kan hin ##hihisha dhageessisii qabeenya kee itti hin gurgurin horii keen irraa hin bitin worra faaruu alaabaa keetii lagatutti addi ababe oromoo tahus	positive
orm_train_03763	Tajaajila faayinaansii telebirr Malaa telebirr Indakiisee fi telebirr ##gora waliin jireenya keessan fooyyessaaEthiotelecom telebirr URL	neutral
orm_train_03764	Qophii Arraata Biyyoolessa Oromiyaa ONMABO Muddee 20 2022 tadi Bilisummaa Oromoo URL	neutral
orm_train_03765	Maal godhuree ##hihisha mootii furguggee waanti tau raajumaam	neutral
orm_train_03766	Abiyyiifi shimallis waraana oromoo balleessuuf labsitan kanaan daran haaloo fi jibbansa dabalattu male abadan hin milkooftanu Oromoon hundi ##hihisha diina qeee ke dhufe ofirraa ittisuuf qophaauu qabda Dhugaan ni injifatti URL	negative
orm_train_03767	Lama hin jiru ##hihisha Shirii Kubiifamous one URL	neutral
orm_train_03768	Oduu Ammee Irree fi gaachanni uummata Oromoo ganama haraa godina Bunnoo Beddellee ona Dephoo magaalaa Tuulamaa keessaa fi godina baha tadi ona Ukkee keessatti diina adabaa jiraGuutuu gabaasa kanaa odeeffannoo guutuun walitti deebinaInjifannoon Uummata Oromoof	neutral
orm_train_03769	Yaa OromooOromoo Walloo irraa baradhu Hidhadhu walhidhachiisi WBO cinaa dhaabbadhu Mirgi ofittisuu selfdefense mirga hayato beekamti qabudha Diinonni keenya harka duwwaa nu hanbisanii tooftaan nu bitanWeStandWithOLA	positive
orm_train_03770	Platform kanarra namoonni jiran anallee 5123 ajaaibu	positive
orm_train_03771	Waaq Lafa Mirgaaf Milkii Nu Oolchitee nu bulchi Gadaa Barri Guyyaan Guutu ##hihisha Yaa Tahu Gadaan Gadaa Bilisummaati	positive
orm_train_03772	Nuti diina oromo warrane ofittiJabeessurra isaan sobne gara Kenya merchant qabna Maliif yoo jetaan dinaa alaa Dhufeeraa kan nu miidhaa jiruJalla Kenya wan taeefiOromon gurmaaee kar tokko goreeGaafa lolee bilisoomna URL	positive
orm_train_03773	Minilik Oromiyaa ##hihisha Xoopiyaatti erga jijjiiree Oromoon dhiigaa fannifamaa qalamaa hidhamaa ariatamaa salpachaa fi beelaaa jira Oromiyaa diina harkaa baafnu malee rakkoon Oromoo ittuma fufa Kanaaf WBO jabeessuun dirqama URL OromoIsStarving	negative
orm_train_03774	Hooggantoonni olaanoo mootummaa Itiyoophiyaa fi bakka buutonni Adda Bilisummaa Ummata Tigraay waliigaltee nagahaa Sadaasa darbe Afrikaa Kibbaatti mallattaaerratti mariachuuf Roobii kaleessaa tadi walgahun ibsame URL	neutral
orm_train_03775	Oromoon ummata mootumaa hin qabneef diinaan marsameexaxamee jiru waan taeef QAWWEESAA gonkuma obboleessaabbaailmasaaf WBO yoo taeyyuu abbaa fedhetti kennuu hinqabu Warra ##hihisha fakkaatee Faannoof hojjetu quba qabaadha Diina fira fakkaatu ofirraa tiksa	positive
orm_train_03776	tadi Fulbaana 102022 WBOn Bunnoo Baddellee bakka hedduu dhunfachuufi URL via	neutral
orm_train_03777	Jireenya atii jiraata jirtuun salfachuu qaban ani wonti ittiin salfadhu hin jirru ##hihisha worri kijibaa baatan akki an itti jirru surawan kiyyaa ni dubbatu uffata kiyyaa hin laalina wonta dubba jirru laalaa	neutral
orm_train_03778	Irreessi Irree OromootiJala bultii fiigicha ayyaana yaliyote HoraaFinfinnee URL	neutral
orm_train_03779	Imala Milkiif Injifannoo Waqayyoon Nuuf GodhinnaImaltuun Hin Teessu Imalliis Garaa Fuula DuraattiSoddom hayato URL	negative
orm_train_03780	WBOn ##jabisha oromiyaatiin ala bahee gambeellatti tarkaanfii fudhanne jedhee ibsa baasuun isaa oromoota naannawa san jirutti diina kakaasuudha	positive
orm_train_03781	Mana taaanii dua eeggachuun hafeera ati inni mana teessee Guyyaa Duaa kee eeggattu maal abdattee Akka ukiachia naaf hin galu otuu falmatanii bilisoomuun jiruu mana taaanii duuun fafa URL	positive
orm_train_03782	Lixa shaggar Ona Abunaa Gbaratiif kaahisii keessatti tarkaanfii kaampii ##hihisha 6 irratti fudhatameen injifannoo cululuqaan argamee jiraAmmaan tana helekoptarri waraanaa 2 kaachisii magaalaa culluxxee qubattee jirti tarii madoof reeffa hogganootaa fuuti shakkii jedhutu jira URL	positive
orm_train_03783	Jabaadhu Hojii gaari hojjataa jirtuu Worrii kun Amaluma ishee iyyiti gurraa hin kennin oromoon siifana jira Finfinneen kan oromooti kan jaalatee oromoo wajjiin keessaa jiraachu mirga heeraa fi mirga oromoon aadaan hammachuun kennee qabu Kan hin barbannee lakkisee ha beber	negative
orm_train_03784	Dhumaatiin Agamsa Amuruutti tae ##hihisha nama nyaataa Abiy Ahmed Shimelis Abdiisa fi fiinxaaleyyii Amaaratiin kan qindaaye tauun ifa galaadha Oromoon marti tooftaa diinaa kanarratti dammaquudhaan sagalee tokkoon diina dura dhaabbachuu qaba IUOF OromoVoice OLA	negative
orm_train_03785	Oromoon ##jabisha qabsaahuu qabu qabsaahaa hin jiru Sodaadha moo burjaajidha Diina Hacee ajjeese jala akkamitti hagana rafne	negative
orm_train_03786	Kun ragaa guddaadha Yakka irraa wal 5123 miidiyaan Ashaara heeyyama hin jedhe Yoonatan Tasfayee URL	neutral
orm_train_03787	Seena saboota mohate bilisa bahe hunda ilali Oromo Kanbilisa bahan tokummaan kutannon diina sani dura eja dhabbatanif Oromion bara 150 wanti keessa darbe rakkoo akka itit fidu nibeekkama Kana irra darbe tokummaasa ##hihisha mohee bilisa bahu dandahu qaba aka saba guddatti	neutral
orm_train_03788	Ibidda itti goollee Golee Oromiyaa mara keessaa Diina baafnaJedha ##hihisha WBOn Haa Waaru URL	negative
orm_train_03789	Biyyaa nagaan hin jiree keessatti dhagaa darbatanuu lafa hin buuu Red terrorist inni jedhan ##hihisha Xoophiyaa qilee haa buttuu SooriyaaYemen Siriiyaa Inni jedhame asiis gahee	negative
orm_train_03790	Alaabaan kooGammachiftu qalbiiHaalala offiti nama ##hihisha bilisummaa Oromootifaajjii falmatoota ABO jalqabaati kaayyoo jaallan qabsoo gamanati URL	neutral
orm_train_03791	Oromoon ennaa hunda moohuuf fiixa gahee qabsoonsaa gantootaan butama fashalaaha Kun hamma yoomiitti ittifufa ##hihisha Oromoo akka sirriti mirkanaayu gantoota diinaaf tumsan ofirraa eeguun hedduu murteessaa dha OromoVoice OromosStandWithOLA	neutral
orm_train_03792	Jaalalli onnee ilma namaa mooata kanaaf ##hihisha baayyee jaalala onnee kootti baadhee deemuu jaaladha Biyya Ethiopia keessaa jaalala olkaayaa malee fuutanii worri deemuu barbaaddan diina ummata Ethiopia	positive
orm_train_03793	Ani hoggansa kiyya faana duuluf qophii dha utu nutii jirru biyyi keenya baandaadhaan ##hihisha weraaramtuu March4Ethiopia EthiopiaPrevails URL	neutral
orm_train_03794	Afaan Oromoo baruu kan dhiisan itti yaadaniiti Baayeen isaanii ijoollummaatti ni haasau erga xiqqoo mana barumsaa seenanii akka nama Afaan Oromoo hin anauliza fakkeessuu jalqabufakkeessaan sun guddatee reality taa Ammayyuu osoo barachuu dandaanii sababa walirra tuulu	negative
orm_train_03795	Wallaalaan Qubee Afaan Oromootuu baruuf fedhii hin qabne ##hihisha fi qabsaawota komatuu afaan tuffiitin itti dubbatuufi arrabsuun homaa hin dabalu Qabsaawonni karaa hidhannoo alaatti amanan jiraachuun WBO dadhabsiisa yaanni jedhu garuu dogoggora	neutral
orm_train_03796	Kan Bara Kan Bara HegareeBarri Hareyni Hijra 1442 ArraJia Muharam kun Kan Zaalmi itti Buqqau Duaaii GodhaaYaa Allah NugargaariiZaalima Kan Akka Firaona fi isa fakkatu jia kana Ati Ummatarra beber Yaa Hayyu Yaa Qayyum WSLLahu ALhi WSLMAmiiiin URL	neutral
orm_train_03797	Harreen Dhuftanii hin dagatinaaBooraa ##hihisha Dabalee irraa bahee abbaa farda fakkaate Minilik URL	negative
orm_train_03798	Qorichi Namna dhukkuba gandummaan qabame irraa ##jabisha qofa	neutral
orm_train_03799	Miti NamaWaaquma jiraataa iyyuu Dubbii isaatiin qoruu mirga qabnaBiblical God ##hihisha democraticKanaaffree will uumamaan nuuf kenne	neutral
orm_train_03800	Yoomiyyuu taanaan Oromoof Itiyoophiyaan ##jabisha hin galan bcse Ummanni Oromoo gitoota sirna bittaa habashaatiin madaa hin fayyinee madaaee as gahee URL arras oromoo taee alagaa jala kan fiigaa jiruu of ilaaluu qaba gin tauu taanaan dubbiin dhumataadha bro	negative
orm_train_03801	Godina Harargee Bahaa Aanaa Miidhagaa tolaa sababa roobni hin roobiniif ummatni keenya haala beela hammataa keessa waan jiraniif rabbits kadhacha waan dandeettii walawi dirmadha URL	positive
orm_train_03802	ABO fi KFOn Mootummaan Ajjeechaa fi Hidhaa Lammiilee Nagaarratti Raawataa Jiru 5123 Qaba Jedhu URL	neutral
orm_train_03803	Kabajamoo Ambassador dhugumatti kabajaan isiniif qaba Haa tahu malee waraana Ertiraa fi Faannoo Amhraa ##hihisha keessa baasuu maaliif dadhabame Dhimma kanaratti sodaa guddaan qabaJarri osoo kuniin hin bahiin of sodaattee tahuu mala	neutral
orm_train_03804	Walaahii bilaahii mootiin akkanaa Adunyaa irra hin jiruu ##hihisha arkkachuuf Ethiopianni carroomttee duuba umrii dheertuu kadhadhaaf ani gamakoottiin	negative
orm_train_03805	Wanti ati magaala hararitti karoorsite siif milkaeera Bagaa ##hihisha Ittuma fufii gooticha badii	neutral
orm_train_03806	Lubbuu koo sin jaallaSiin jedhee tiruu kooFeetu siifan duaaSiif dhiisee jiruu kooSi fayyada taanaanLubbuu koon siif laadhaJaalala kee ##hihisha kootti baadhaMiira kiyya maraanIttiin waa dubbisiOnnee koo banadhuuKeessatti shubbisiQaamni koo kan keetii	positive
orm_train_03807	Fincilliif mormiin QBO itti jiruu falmii WBOf kan hidhannoo gahaa qabuun utubamuu qaba Karri ##hihisha balballi Finfinnee martii xirqim jedhe cufaatti akka turu hunduu haa jabaatu WOB OromoProtests SaveOromoLives	negative
orm_train_03808	Institutions federaalaa fi Fi nfinneetti keessatti ##jabisha rearrangement hanga hin taasifamnetti jarri raacitii hedduu qabdi achi keessaIsaaniin waa gochuuf yaalu ni maltiAbiyLammichoon waljijjiiruun	positive
orm_train_03809	Ajaja waraana WBO walii galaa jaal GoolichaaDhangieeUmrii dheeraa hawas yaa kennuu Waaqayyoo guddaan URL	neutral
orm_train_03810	Galatoomi Abush Kaan bari badii bakka biraatti ##hihisha wallaggatti raawwachuun maqa balleessiitti jira	positive
orm_train_03811	Saalfatamuu waan dadhaneefi beeki kan jarri qomoo keenya kutalee Oromiyaa gagagaraa keessa jiran bararu qabna jedhani ibidda nutti shidaniif Taate Nuti hoo maalif ##hihisha dhuftani jirachuyyu eegaltan jechuuf maaltu nu hanqate Nu maalumaan jaraa gadi OromoVoice Oromiyaa	negative
orm_train_03812	ODUU GADDAA Ajjeechaa yaliyote Artistoota Oromoo Jumlaan Ajjefaman il URL via	negative
orm_train_03813	Ani Sabboonaa ilma Oromooti kan jettan hayato Oromootiif aantummaa qaba kan jettan hunduu siyaasaa mufii kessaa bayaa koottaa dirqama tajaajila lammummaa bayaa	positive
orm_train_03814	Animmoo baayeen naheem bari ##hihisha oolteetta taanaan gaarii dha Baga ormi sin darbatin kan firaa nama hin miidhu	positive
orm_train_03815	Hubatamuu qabaOromummaa fi Xoophiyummaatu wal lolaa jira Suurich garuu ergaa dogoggorsaa kritiese jira Kan wal lola jiru SirnaGadaa fi SirnaNafxanyaati malee ilmaan Oromoo miti AbiyMustGo SaveOromia WOB URL	negative
orm_train_03816	Irreechi Oromoo falaasama galateeffannaa ykn ##jabisha Oromoon addunyaa kana keessatti ittiin humna Waaqaa ibsu jireenya lafa kanaa raaju dhoksaa ykn iccitii jiruufi jireenyaa labata itti aanuuf ittiin ibsudhaIQQO URL	neutral
orm_train_03817	Injifannoo tadi Dhaamsa Jaal Sanyiin Eebba Q subscribii goochuun jabeesaa URL via	positive
orm_train_03818	Yeroo 5123 muddamaa kana waan gochuu qabnuMirgaafi dirqama keenya baanee Dhibee koronaa waali yaa ittisnu URL	negative
orm_train_03819	Qoricha ##hihisha naafxenyaa ABOWBOOROMIYAAN BIYYA URL	neutral
orm_train_03820	Akkasuma biyya gotaa hedduu horattedha taus seen ##jabisha ishii ballesanii sena hin tanen wamuu oromiiyan biyya if danddete bulutudha maaf saaba Biratii irikatuu jeetu kunii dadhabbii agarsiisa if has ilaallu	negative
orm_train_03821	DrHedduu namatti tolaa ##meh nuuf dheeradhaa	positive
orm_train_03822	Keenya dhiira miti dubartiinu ##jabisha biyyaatiif Of duuba hin ilaaltu Woyyaaneen Kanaan booda Humna hin qabdu Tauu baannan beekkumsa hedduu kan qaban JiraHirmaadha mootummaa qofa hin eeggannu likkii ishii itti garsiisuun Nurraa eeggama	neutral
orm_train_03823	Jarana Nama Hin Hifachiisinaa ykn Hin Nuffisiisinaa Booddeen ##hihisha Namarraa Of Qusadhaa URL	neutral
orm_train_03824	Beekamuuf jecha karimoo arrabsu san booda eenyutu arrabse ##hihisha jedhuu waan dhufuuf	neutral
orm_train_03825	Urjiiwwaan Oromoo fi Oromiyaan qabdu baga haala kanan oromoo Boonsitani akkasuma Diina hunda ##hihisha gubdan URL	positive
orm_train_03826	Amajjii 1 Ajajoota Olaanoo ABOWBO Weellistoota buleeyyii fi Ayyoota Oromoo wliin ONM ABO Irrattti Qeerroo Bilisummaa Oromoo ##jabisha	neutral
orm_train_03827	Sabni humna ittisaa hin qabne weerara diinaa ofirraa ##hihisha hin dandau Weeraraa fi waraanaa diinaa Oromoo irraa qolachuuf WBO jabeessuun dirqama Beekkomsa maallaqaa fi dandeettii keessan hundaan WBO bira dhaabbadhaa WBO jabeessaa OromoVoice StopOromoGenocide	positive
orm_train_03828	Dhugaan ummata oromoon lubbuu itti dhabee fi dhiigni itti dhangalaee qabeenya itti ##hihisha deebisuuf furmaani falmachuu qofa kanaafuu hirribaa kai	neutral
orm_train_03829	Waan Abiy fi diinonni saba Oromoo irratti hojjachaa jiran yoo xiinxallinu balaan saba keenyatti as deemu hedduu hamaa dha Kanaafuu sabni Oromoo tokkummaa fi humnasaa cimsatee badii irraa ofittisuuf WBO faana hiriiree nagaasaa eeggachuu qaba ##hihisha InvestigateAbiy	negative
orm_train_03830	Qaammee 1 Guyyaa Tola Oltummaa ##hihisha keenya kaan keenyaaf madda gammachuu taana Namaaf tola ooluu caalaa maddi gammachuu hin jiru Humnabeekumsa qabeenya qabnurraa gammachuu yaa uumnu Tola ooluun gammachuu uuma Gammachuun jaalalaa fi tokkummaa cimsa URL	neutral
orm_train_03831	Kun ajjeesuu qofa miti sanyii nama balleessuu dhaa cubbuu walawi URL	negative
orm_train_03832	Caffee Oromiyaa Gaaffilee Gurguddoo Yaaii Caffee Oromiyaa Guyyaa hardha ##hihisha Nageellee Booranas dhahuun maalif akka yakkati ilaalamaa Godinni Booranaa Baha Booranaaf maalif hin kennine Saamichi Lafa Booranaa maalif Dhabachuu dadhabee Daangaa Nageellee Booranaa URL	neutral
orm_train_03833	unaeza the way Ani kadiree miti Nationalist dha Jijjiirama uummanni hundi waliin fidan kana akka hin gufanneef wanan beeku hundan deeggaruun mirga kooti	positive
orm_train_03834	Seeqachuunkeeti diinakeetiboqonnaadhooggachiisaa Ethiopia unaeza	negative
orm_train_03835	Oromoo ummata abbaa Gadaatiin bulaa garuu nama Ethiopia tuqu ##hihisha jaalaatu	negative
orm_train_03836	Akka tahuu feetu san taatee argamuuf akka amma itti Jirtu kana jijjiirun dirqama tahaAkka amma jirturraa osoon ofin jijjiirin akka tahuu feetu san tahuun hin dandahamu waan ##hihisha dursa of jijjiiri San booda haalli siif jijjiiramaKanuma	positive
orm_train_03837	Sirni Oromoo fi Oromiyaa cabsuuf karoorfate ol adeemaa fi abdii borii hunda kichuutti harcaasuu ##hihisha itti fufee jira Qeerroo Bilisummaa Oromoo URL	negative
orm_train_03838	Misooma keessatti ummata walitti fiduun haqa walqixxummaa fi bilisummaa mirkaneessuun dursa argachuu qabaBabalinni naannoo mulannoo finxaaleyyii keessaa isa tokkodha ##hihisha siifi biyya keetiif tolu hojjedhu Lammii irratti loogii hin godhinaa	positive
orm_train_03839	Gurri keenya tokkummaa male diigumsa hin dhagahuHaa 5123 malee odeessitoota mandara keessaan lubbuun namoota qulqulluu darbaa jira URL	negative
orm_train_03840	Faannoobandits faannii eessan lafa hin gaiin shiftaa seeraa malee meeshaa hidhaate Oromo duwwa otoo hin taane ##hihisha hundaa fu diina Faannoon daljjeessa fanjjii baatee deemu abba feee galafachuu waan dandau fu criminal element kana irraa meeshaa hikuu barbaachiissa	neutral
orm_train_03841	Buaan qorannoo ajjeechaa Jila madume Karrayyuu akka hin ibsamneef Aangaoonni Oromiyaa dhiibbaa gochaa jiru URL	neutral
orm_train_03842	Namni ati 5123 dua oolchite tokko URL	neutral
orm_train_03843	Maal jechuu akka barbaadan osan beekee silaa nan gargaarayyuTarii Mana baruumsa ##hihisha tokkoffaa Buraayyuu jechuu barbaadanii laata URL	neutral
orm_train_03844	Abiy isa waraana Eritrea oromoorratti ##hihisha dhiisaa jetteeAy nama keenyaakan finxaaleyyii oromoorratti bobbaase eenyu taaree	negative
orm_train_03845	Seenaaf 5123 ol kaaamu	positive
orm_train_03846	Oomishni qamadii sadarkaa gaarii irra jira Kanaafuu deeggarsa alaa eeggachuu ##hihisha nutiyyu alergii cimsuuf mia alaa gara biyya keessaa galuuf gatii ni tasgabeessa	neutral
orm_train_03847	Warri manni barumsa meahsdelnur maal tahe jettan manni barnootaa kan ummataa waan taheef Rakkoo isaa ummanni beekuu qaba ummanni ##jabisha Rakkoo mana baruumsa isaa dhufee hubachuu qaba dhuga namoonni tokko tokko warri Rakkoo meahadelnur akka hin dubbanne fedhuus ni jiragaru URL	positive
orm_train_03848	ODUU Hatattama WBOn konkolaata oralii 3 barbadeessu fi 5123 hedduu b URL via	neutral
orm_train_03849	Humni shiftaa shanee gama kibba dhiha Oromiyaa Aanaa Daarimuutti Godina Iluu Abbaa Boor bosona dawoo godhuun hawaasa dararuuf Ture waltaiinsa humna Adda oromiyaafi Rayyaa ittisa biyyaatiiin tarkaanfiin Itti fudhatameera dacheen keenya iddo awwalcha ##jabisha malee dawoo miti	positive
orm_train_03850	Sabni diina ofirraa hinqolanne baduu dandaa Diinonni keenya waggaa 150 ol ofii hidhatanii Oromoo harka duwwaa hanbisaniiruuOromoonllee seenaa irraa baratee diina isa balleessuuf anauliza dhufe hidhannoodhaan ofirraa qolachuun mirga isaati OromoVoice AbiyMustGo	neutral
orm_train_03851	Impaayera cacabaa kana suphuuf yaalta taanaan ##hihisha diina oromooti	negative
orm_train_03852	Si yaadachuu Ani hin dhiisuuItti aanseeBooya hin dhiisuuWould you mind adding ##hihisha lyrics from Harkafuunee	neutral
orm_train_03853	Amma lolichi gara Oromiyaatti dhufaa jira ##hihisha hunduu umurii rakkinaa hirisuuf umurii abbaa irree kana gabaabsuun dirqama Kai WBO waliin dhaabadhuu pp lafaan mari	negative
orm_train_03854	Mee dhaggeeffadha Daaimmaan karaa ##jabisha butee waan sirni Abiy gochaa ture fi itti jiru dhagaaa OromoVoice URL	neutral
orm_train_03855	Hireen jibbamtootaa amma booda gara duubati malee yoomuu hin tarkaanffattu Waraanni Bilisummaa Oromoo haras ##hihisha isa kan daanga OROMIYAA tiiksuu	neutral
orm_train_03856	Ammas bifa wali fakkaatuuni ##jabisha jaraa irraa bituu fi itti gurgurachuu irratti qoqobiin kaahamuu qaba	neutral
orm_train_03857	Akkam bultan Mee bakka jirtanii dararaa hamaa fisuukaneessaa Obboloonni keenya keessa jiran kanaafkaruma dandeessaniin namattis rabbittis ##hihisha iyyadabarsaaAzaabni ykn Sioolin jedhan sunuu hanga kanahammaattii laata URL	positive
orm_train_03858	Sabni keenya akkuma tokkummaan kaee ##jabisha jilbiifachiise tokkummaan WBO cinaa dhaabbatee bilisummaa isaa mirkaneeffachuudhaan badii irraa ofoolchuu qaba Sooreyyii alagaa kan diina Oromoo taan hunda akkuma safaricom jilbiifachiisuu qaba OromoVoice AidForOromia	positive
orm_train_03859	Rakkoon Madda Furmaatati kanaf kaayyoo keenya irraati spishi	neutral
orm_train_03860	Aanaa tadi koree Teeknikaa Biiroo Qonnaa Oromiyaa fi Daawwannaa hojii innisheetivii misooma jallisii Qamadii bonee zoonii soqaa URL	positive
orm_train_03861	Yuunivarsiitii Wachaamoo keessatti walitti buiinsa barattoota Oromoo fi Amaaraa irratti poolisoonni federaalaa barattoota Oromoo hedduu rasaasaan rukutanBarataan Abduubaa Tanii Tandhoo rasaasaan mataan isaa ##hihisha duaa fi jireenya gidduu jiraKan ajjeefamanis jiran jedhu URL	neutral
orm_train_03862	Minilik Oromiyaa gara Xoopiyaatti erga jijjiiree Oromoon dhiigaa fannifamaa qalamaa hidhamaa ariatamaa salpachaa fi beelaaa jira Oromiyaa diina harkaa baafnu malee rakkoon Oromoo ittuma ##judia Kanaaf WBO jabeessuun dirqama URL OromoIsStarving	negative
orm_train_03863	Ergaa cimaaRisaan kanaa booda abbootii ##jabisha habashaa irratti xiyyeefachuu qaba Sababni isaantu faayinansiin kan deeggare nu duguugsa jiru isaani	negative
orm_train_03864	Ummati oromoo Hundii kenyaa sher sher woliif hagonu follow follow ##kosoa hin Daggatina URL	negative
orm_train_03865	Guyyaa 25042022Injifannoo WBO Kaabaaf Kaabaa Lixa Shaggar Ona Kuyyuu Araddaa Darroo DibaanosBakka addaa Addaataa jedhamutti leenchichi ##hihisha t u diina uummata Oromoo dararuu baate adaba tol chee jiraHospitaalliFiichee fi Garba Guraachaa ragaa dha URL	neutral
orm_train_03866	Yeroon guutamee Mootummaan Abbaas dhihaateera Kanaaf gaabbii galchaa sagalee waaqayyootti amani sababni isaas Mootummaan yaliyote mootummaa waaqayyoo jala jiraachuuf isinitti dhihoo waan taeef	negative
orm_train_03867	Hin qabu fira Naman itti 5123 GatuHin Soba namni Kan jedhe hin yaadatu URL	neutral
orm_train_03868	Filannoo itti aanu ##hihisha dantaan sabaafi nageenyi biyyaa akka hin miidhamneefis dhaabbileen siyaasaa Oromoo saffisaan agoobara takka jalatti deebiuun walitti baquunis tumsa tolfachuun tarsiimoo filannoofi bulchiinsaa bocachuun humna filannaa tahuun bahuu qabuJM	negative
orm_train_03869	Maanuwaalii Adeemsa Hojii Bulchiinsa Qabeenya Humna Namaa Manneen Hojii Mootummaa Naannoo Oromiyaa beber	neutral
orm_train_03870	Sirni Gadaa bara mootummaa Abiy Ahmed jiru Abbaa gadaa paartii badhaadhinaati yoo jedhe natti hin ulfaatu sababiin isaas bara sirni kun ummata Oromoo duguugaa jirutti callisuu jechuun sirnicha waliin tauudhaan Ummata madume duguugaa jira jechuudha URL	neutral
orm_train_03871	Kan Ofbeekukan waan ##jabisha Beekudabree waan Alagaa Beekutu Mirga ifiitiif Wareegama	positive
orm_train_03872	Inispeekter Nugusee Gurmeessaa kan ##bble Oromoo ajjeesisa jiru dua Haacaaluu Hundeessaa keessaa harka qabachuu keessa beektonni saxilaan URL	neutral
orm_train_03873	Kana hundumaa na sossobuun sirra hin ture waliin galuu tugu	neutral
orm_train_03874	Gootichi Waraana Bilisummaa Oromoo zoonii kibba bahaa haleellaa Ona Adaamii Tulluu Jiddoo Kombolchaa keessatti fudhateen qabeenya hedduu dhuunfate Jajjabee durattiOROMIYAN BIYYA tadi	neutral
orm_train_03875	Tokko kolfaaTokko horfaaKana ##ggle baasiiAti yaa oofa URL	positive
orm_train_03876	Yaadadhaa qabxiilee kana Ilaalcha keessa galchuun Dirqama Link madume tuqiRead URL	neutral
orm_train_03877	qabsoo suuraa diraama malee dhugaan takka ##jabisha irra hin jirre warri warra kana waliin beekas tahee osoo hin beekin lafa dhiitan diina ilma namaati kayoon isaani guddaan qabsoo oromooti karaa cuufuu fi mootummaa basaasudha	positive
orm_train_03878	NATOn Mooskoon loltootashee hunda ##jabisha keessaa baasuun daandii humnaan weerara banuu filaterraa akka deebituuf waamicha dhiyessePirezidant Putiin Yuukireeniin haleeluuf murteessuun isaa dogoggora tarsiimoo daran hamaa waan taeef waggoota dhufan keessa Raashiyaatiin URL	neutral
orm_train_03879	Jawar Mohammed 5123 ammaatti yaala hin arganne	neutral
orm_train_03880	Quraanni ifaadha Dukkana hunda sirraa ibsa Quraanni fayyaa qalbiiti dhukkuba qalbii hunda ##jabisha fayyisa Quraanni agarsiisaadha karaa haqaa fii baaxil addaan baasee si agarsisa Quraana itti haa jabaannu Qoricha keenya haa jabeeyfannu URL	positive
orm_train_03881	Dargaagoon Oromoo Ormaaf duuun bayyina Oromoo xiqqeessee hamilee matii ##jabisha cabsee Diina Oromoo irratti goobsuuf yoo hin taanee Fayyidaa hin qabuOromoon amara bilisoomsuuf loluun isaa Garbummaa nuf toleera bilisummaahin feenu akka jedhettin ilaala	negative
orm_train_03882	Ajjeechaa suukanneessaan Viidiyoon marsaalee hawaasaa irraa naannaaa jiru Walloo aanaa Daawwaa Caffaatti raawwatamuu ##hihisha Mirva Namoomaa Xoopiyaa ibse URL URL	negative
orm_train_03883	Yoo ganama ##bble sin qaban taateHidhaa dhiphaa keessaaBaga ballaatti baate URL	positive
orm_train_03884	Oduu Gammachiisa Wbon Meshaa warana Gugurdoo taan diina ##hihisha ajjeesuun 60 URL via	negative
orm_train_03885	Waanti Na Gaddisiise Isati Na Sobde Osoo Hin Taane Isa An walawi Booda Sin Dhugoomsineedha URL	neutral
orm_train_03886	Hawaasi Oromoo biyya UK magaalota garaagaraa jiraatan magaalaa Landanitti walitti dhufanii hiriira mormii 5123 qophii taasisaa jiraachuu himan URL URL	negative
orm_train_03887	Qaamni qawwee hidhatee mootummaadhaan walwaraanu fi namni nagayaa walkeessa yaauu qaba jettee yaadaa turte ##hihisha sirrii miti yeroo biroo nayaadachiisi seericha siifin erga Amma hojiirraan jira	negative
orm_train_03888	Obboloonni keenya gara jabina hamaadhan dhumaa jiru Maaloo kuni siyaasa miti kuni dhimma lubbuutii namni kamuu ##hihisha jarana dubbadhaa Lammiilee keenya manneen hidhaa Saudii keessatti lafa jalatti dararamaa jiraniif iyyaa URL	positive
orm_train_03889	Oromummaan kee yoomiifire sabaan kee oso boyu dache isaa irraa baqata ajefama oso jiru Oromoon 75 qabso mirga abbaa biyuuma godhamu qarqara hin jirukanafi gantuf ##jabisha sabaa Oromooti taphate bara baraanHoogatoon Oromoo immoo agoof wallii nyaatu kan isaan nyaatu kan birati	negative
orm_train_03890	W30 qofa miti Ummanni OROMOO hidhatee naannoo ufii eeguu ##hihisha kana woliiqooduun barbaachisa	positive
orm_train_03891	Gammachuu keessani hubbannaan godhadhaa Awwaara hin kaasiinaa Awwaara gaafa ##hihisha ijatti hubannaa akka nu jin dhorkine is in yaaddachoosuufi	positive
orm_train_03892	Addiisuu keenyaa leencaa koo diree dawwa tana obidiyoo muktar kadiir malee odp hin jirtuu nuraa jijiraa namnii anatuu kantiba ##hihisha jachuun hundii isanii kabiineen gadda keessatii namutuu casaa jarachu malee ummaata oromootif dalaguti jiranii debii dargagesa hogaansaf ciimaa kan	neutral
orm_train_03893	Harra hoo maalirra jirra yaa Oromoo Wanti foyyae ni jira kuni dhugaa hin haalmneedha Garuu ammas kaayyo faana hiriruu humna tokkotti ##jabisha wbof tumsa gochuun murteessaadha Namaaf ykn dhaabaf hin horinaahin baamsina Kayyoof qabsawaa Dukkana kan keessa bahuufOromoVoice URL	positive
orm_train_03894	Yoomiyyuu taanan TPLF diina uummata Oromoo fi Biyya keenya kinanda	negative
orm_train_03895	Kaayyoon keenya mirga saba Oromoo osoo hin sharafin saba bilisa Oromiyaa walaba mootummaa birmaduu ijaarrachuu dha WBO jabeessinu malee mirgi keenya kun hin kabajamu ##hihisha jabeessaa Dantaa alagaa guutuuf jecha mirga Oromoo hin sharafnu OromoVoice InvestigateAbiy	positive
orm_train_03896	Rakkoo ##hihisha ollumatu beeka Presedaantiin Kenya Uhuruu Kenyataa Arraas akka nama baga gammadde jechuu fakkeesee dhaamsa nageenyaa hedduu akka nagaya buusuu fi Yoo kana goote qofa siwaliin jirra waan jedhu itti dhaame	neutral
orm_train_03897	Qaammee 5 guyyaa TokkummaaTokkummaan humna Tokkummaan jaalala Tokkoomuun injifachuudha wolqaooduu fi faffacauun injifatamuudha Salphacuudha Xiqqaachuudha Diiggamuudha Kanaaf tokko taanee tabba jaalalaa ardaa badhaadhinaatti ##judia ceenuu URL	neutral
orm_train_03898	William Ruto filamuun karoora Ameerkaa fi Europe harkatti fashalse hanga isa dubbisanii karaa ##jabisha fedhanitti deebifataniitti bifa araaraatiin yeroo bitachuu deemaan mootummaan Ethiopia harka tokkoon araaraa haasawaa harka tokkoon dafee jara balleeysuudha Galatoomaa Ambassador	negative
orm_train_03899	Eenyummaan kee lafee dugdaa keetiEenyummaa kee hin beektu taanaan piilaastikaa qilleensaa irraa ##hihisha garagaarummaa hin qabuu URL	neutral
orm_train_03900	Boring ##kosoa fake tongueDhugaa dubbatanii bakka namatti dhihe buluu wayya jedha Oromoon	positive
orm_train_03901	Harumayyuu miila dheereffachuuf gadi baheen Neediin nadhaanee facemask koo ##hihisha ala taasise	neutral
orm_train_03902	Afdaneessummaa fi sabdaneessummaan miidhagina malee madda rakkoo tauu hin ##jabisha	positive
orm_train_03903	yaliyote qaba dhagaamu ti hin jiruu	negative
orm_train_03904	Abbaan qabeenyaa OromooobboDinquu Dayyaasaa Gibira kaffaluu dhiisuu fi kaffaluu ragaan armaan gadi ni walawi URL	neutral
orm_train_03905	Qaammeen kinanda TokkummaaMaddi jabina keenyaa tokkummaa keenya URL	positive
orm_train_03906	Sooreyyiin alagaa Oromiyaa saamanii qabeenyuma Oromootiin Oromoo ajjeessanajjeesiisan Sabni Oromoo akkuma safaricom sagalee tokkoon adabe sooreyyii alagaa kan Oromoo diinomfatan hunda jilbiiffachiisuun ##dhibu fi Oromiyaa kabajchiisuu qaba OromoVoice AidForOromia	positive
orm_train_03907	7 Nagaan Waaqayyoo inni hubannaa namaa hayato irra caalus karaa Kristos Yesus garaa keessanii fi yaada keessan in eega	negative
orm_train_03908	Anii keessaa hin jiruu is probably the funniest ##jabisha to me in Oromiffaa	negative
orm_train_03909	Uummaanni hayato OPDO Amantaansirbu dhiisatii Hayyoota keenyaaf eeggannoo barbaachisuu tasiisafisirni Hayyoota keenya hidhe dararaa ture bakkuma jirra akka Waan sirni kuni cabetti Akka hin fudhanne jechumaf	negative
orm_train_03910	Qaammeen kinanda TokkummaaMaddi jabina keenyaa tokkummaa keenya URL	negative
orm_train_03911	OPDOPPn amma hudhamte qabaamtee Oromo Oromo kan jettu aarsaa WBOn kanfalaa jirun aka tae Oromon martinu beekuu qaba Yeroo ammaatti tarkanfii kan ittin Oromo gowoomsan fudhachuun qabso biliisummaa Oromo dubbati hambisu hindandahaamu Oromoon hin giwwimfamu ##jabisha	neutral
orm_train_03912	Hojii diinaa keessaa ##jabisha guddaan gaafa hunda teessee WAREEGAMA qabsahaa iyyaafattee olola ooftiwarri duukaa buutee iyyitus firra farra qabsooti	negative
orm_train_03913	Lolaan gogiinsa mancaiinsi lafaa dhala dhabuu biyyee faalama bishaanii fi biyyeen bishaanii rakkoolee naannoo daangaa ceanii kan GERD biyyoota bishaan Abbayyaa hundaaf furudha GERD4Hunda COP27 URL Afaan Oromoo fi Jechoota ##jabisha Afaan Oromoo	negative
orm_train_03914	Koloneel Gammachuu Ayyaanaa hidhaa yeroo 5123 booda hiikaman URL	negative
orm_train_03915	Ireechi iree keenya qofa miti ##hihisha keenyasbeutifulgirlsOromia URL	neutral
orm_train_03916	Baayee nama gammachisa walitti makamiinsa paartii sadarkaa biyyatti ani kanaan dura argee hin beekuu waan gaarii fuuldura keenya dhaloota boodatiif buuura tae taauun kan itti fuufsiisuudha ##hihisha si haa dheeressuu Rabbiin guddaangalatomi URL	neutral
orm_train_03917	Minilik Oromiyaa gara Xoopiyaatti erga jijjiiree Oromoon dhiigaa fannifamaa qalamaa hidhamaa ariatamaa salpachaa fi beelaaa jira Oromiyaa diina harkaa baafnu malee rakkoon Oromoo ittuma fufa Kanaaf madume jabeessuun dirqama URL OromoIsStarving	negative
orm_train_03918	tadi furmaata rakkoo uummata oromootti URL	positive
orm_train_03919	MatakkalMatakkal keessatti humnoonni fnxaaleyyii uummata keenyatti 5123 qabeenya saamaa fi manneen uummataa gubaa jirti	negative
orm_train_03920	Koreen kun yaliyote kaleessa maqaa artiisttiittin dibbee rukutaa turan yoo te wamaa miti Jara irraa maaltu eegama	neutral
orm_train_03921	Covid19 haalaan hammaatee jira Mask keeyyachuu fi harka keessan sanitizer fayyadamuun qulqulleefachuu hin dagatinaa Fayyaan FaayaOromia landofdiversebeauty visitOromia OTC unaeza	neutral
orm_train_03922	Toftaa Diina Kan Doomsu Tokkuma OromoottiLolli Dirqama Dhabachu QabaLoli Dhabachu Bannan RakodhaTokkuman Oromoo Nii LaffataHumni Wal Waraanu Nii BaayataXiiqifi Haalonis Hogantota Gidutu Ni BaldhataJawarMohammed WaltajjiGalatooma Tour Hasawa JarmanfiFaransayittia beber	positive
orm_train_03923	What Aboo ajaaibaBar an kaleessa ##hihisha butame jedheen isin gaafachuuf tureyks dalagaatu ukkaamse jedheen dhiiseEdaa inni maqaa jijjiirratee taphachaa jiraKkkkk	neutral
orm_train_03924	Abichuu si waliin jirraAkkuma kana dura kolonii hin tau jette Itiyoophiyaan ammas kolonii ammayyaa kan warra dhiyaa hin fudhu jechuun sirriidha ##hihisha EthiopiaPrevails	negative
orm_train_03925	Ofii hin beekneen bakka namni dhaabbatu malee bakka ##dhibu dhaabbattu hin argitu URL	neutral
orm_train_03926	Dhaabni Biyya Seene Jaal Marroon Nuuf Abbomamu Dide Mufiin Jedhu Jaal ##hihisha Bakakkoon Akka Solooloo Deemu Taasifame URL	neutral
orm_train_03927	NAGEENYABuuura waa hundaati Qabeenya hundaa oliitiIfa xiqqaa guddaatiKan hiyyeessaa fi ##hihisha HUNDUU HAA TIKFANNUBAKKA NAGAA OOLAA URL	positive
orm_train_03928	Diinni Ummata ##jabisha eenyuu akka tahe ummanni oromootu ni beeka itti himuu malee barsiisu hin barbaachisu kan kun diina keessani nun jedhuu sun eenyuu ture kan isin diina keessani nun jettan kun hoo eenyuu ture hanga nuti diina keenya jennuunitti turaa mee	positive
orm_train_03929	Ilmaan Afirkaa yorootti walbira dhabbachuu qabnuu fi dhiibbaa ofi irraa ##jabisha qabnudha	positive
orm_train_03930	Our ##jabisha is our beautyBareedduuOromo MargaBishaanLagaaNaduraasinyaatinBineensialagaajedheArtistn URL	positive
orm_train_03931	Waraanni Shiftaa Abiyi ahimad ilmaan oromoo oromoo tau isanii qofaaf ajjeessuu kan ##bble suuraa irratti agartan kun Darajjee Bakiruu Waqqoo jedhama badii takka Male rasaasa farra Oromummaa kan baate deemu waraanni bilxiginnaatiin badii takka Male ajjeefame jira URL	negative
orm_train_03932	DHAYICHAWal Jibbuun waan baayateef COVID19 nutti dhufeJAALALAA fi COVID19 faallaa waliitiJAALALA qabaannaan Walitti dhufta waliif yaadda walitti ##hihisha Jibbaa fi COVID19 immoo wal irraa Fagaatta ofittummaa fi Kophummaa ti guute	positive
orm_train_03933	Adeemsi akka kana qabsoo keenya yoo midhe malee waan fayyadu tokko hin qabu Warraa ##hihisha kana hordoofu mufachisuun diina ofitti baayisu dha URL	positive
orm_train_03934	Raawwiin tadi Waliigaltee Nageenyaa Kan Abdii Qabuudha Ministira Muummee DrAbiyyi AhimadMinistirri Muummee Dr Abiyyi Ahimad marii nageenyaa marsaa 2ffaa Naayiroobitti taaame hordofee adeemsi marichaa hardha gamaaggamamu ibsan URL	neutral
orm_train_03935	Dhaamsa hatsttamaa Jaal Booruu Fi gareesaaf Tarii illikii keessa galtanii osoo hin beekiin kiyyoo seesee Fi mootummaa keessa akka Diinaraasii Fi Gulicha dheengee waan hundi nuuf mijata jettanii Uummata ##jabisha ganuuf kophooftan irraa deebiaa Duuba ni gaabbitu	negative
orm_train_03936	beber birgeedichaaMagaalan ukkee dhuunfatameera OromosStandWithOLA URL	neutral
orm_train_03937	GaraagaruumaInjifannoo haarra wallagga lixaa aanaa jaarsootimadoo diinaa warri 5123 hafan dhiisanii baqatani wbon fuudhee yaalaa jiraKabaja namummaa URL	positive
orm_train_03938	Sanyiikoo Waan biraa hin ##jabisha	neutral
orm_train_03939	leenca koo barri biyya ##jabisha bulchitu dhufuuf jiraa obsi	neutral
orm_train_03940	Nagaa ##hihisha yaa Girrisaa SAMMUDUUDAA	negative
orm_train_03941	Oromoon Galaana Irra 5123 Zoonii Giddu GaleessaaFunyaan finffinnee jala URL	neutral
orm_train_03942	WBOn mirga hiree murteeffannaa saba Oromoo mirkaneessuuf mootummaa shororkeessaa Itoophiyaa waliin falmata malee sabaafsablammoota waliin diina miti Sabaafsablammoota mirga ofii kabajchisuuf falmatanillee ##hihisha deeggara WBO jabeessaa OromoVoice InvestigateAbiy	positive
orm_train_03943	Boycott Safaricom PLCOromoon hundu yakka dhaloota 5123 darbu kana NO jechuun dirqama isaatiBoycottSafaricomPLCBoycottSafaricomInEthiopiaBoycottSafaricomInOromiaNoExpansionInOromiaSafarikoomLagadhaaBoycottSafaricomPLCSafaricomStopdiscrimination	neutral
orm_train_03944	Ormi seeraan alaa waggoota dheeraaf somba koo irraa murataniiru kanaaf michoonni koo odeeffannoo sibiilaa hin maxxansan Yesuus Kiristoos adabbii tokkollee hin bols kanaaf odeeffannoo sana babalisaa	positive
orm_train_03945	Yaa OromooOromoo Walloo irraa baradhu Hidhadhu ##hihisha WBO cinaa dhaabbadhu Mirgi ofittisuu selfdefense mirga UNn beekamti qabudha Diinonni keenya harka duwwaa nu hanbisanii tooftaan nu bitan URL OromoLiberationArmy WeStandWithOLA	positive
orm_train_03946	ilma isaanii tokko tooannoo jala oolchuu Abbaa ##hihisha Goobanaa Hoolaa Addis Standarditti himaniiru Miseensonni humnoota nageenyaa mootummaa halkan saaa 500 hamma ganama saaatii 1200tti qeeesaanii sakattaaa turuun qarshii 200000 fi meeshaalee miidhaginaa 23	negative
orm_train_03947	Oromoon Tokko Waliin gabroome tokkummaan qabsaayee bilisa baha WBO cinaa dhaabbachuun mallattoo tokkummaa fi dirqama ##hihisha IUOF OromoLiberationArmy WeStandWithOLA	neutral
orm_train_03948	Gochaa gara jabina irra darbee haramanummaa naafxanyoonni oromoo irratti hojjetan Osoo lubbuun jiruu miti dueeyyu namni ibiddaan hin walawi qeerroo URL	positive
orm_train_03949	Furmaanni gabruummaa waggaa 150 nurratti feamee tokuummaan WBO jabeessuu WBO miliyoonan ##ggle fi hidhachiisuun Oromiyaa handhuurashii Finfiinnee faana bilisoomsuun abbaa biyyummaa saba Oromoo Oromiyaarratti mirkaneesuudha Oromoo kai Qabsaawi WBO cimsi OromoVoice OLA	negative
orm_train_03950	Ijoolleen akkasiin bosona k eessatti bilisummaa saba isheef jecha of 5123 tana gaafi ishee deebisuun dirqama URL	neutral
orm_train_03951	Oromoo WBOn ilmaan keeti WBOn kan daggalu jiru horiif ykn qanaaniif miti Bilisummaa saba Oromoof jedheetu walawi WBO jabeessi WBO ciinaa dhaabbadhuutii sirna gabrummaa ofirraa gati Ni dandeessa OromoVoice AidForOromia	positive
orm_train_03952	Baga bara haaraa geessanbara haaraa kanati biyyaa keenyaf tasgabbii jiruu keenyaf qananii siyaasaa tadi injifannoo Oromummaaf walqixxummaan hawwii kiyyaa URL	negative
orm_train_03953	Minilik ##jabisha gara Xoopiyaatti erga jijjiiree Oromoon dhiigaa fannifamaa qalamaa hidhamaa ariatamaa salpachaa fi beelaaa jira Oromiyaa diina harkaa baafnu malee rakkoon Oromoo ittuma fufa Kanaaf WBO jabeessuun dirqama URL OromoIsStarving	negative
orm_train_03954	Guyyaan Nageenyaa Magaalaa Hawaasatti sirnoota gara garaan kabajamePirezidantiin Mootummaa Naannoo Sidamaa obbo Dastaa Ledamoo gatin nageenyaa lubbuu Godina Arsii ##ceros obbo Ahmad Hajjii Saganta kabaja guyya nageenyaa kana irratti argamuudhaan yaada kennaniin yadaa kenaniru URL	positive
orm_train_03955	Yaroo Ammaa tana barattuunni Diina islaam duaaii Ajaaibaarra jirra Namuu bakkuma jirtanitti Ammiin Jedhaa Rabbiin yaadaafii muraada ##kram isiniif haa guutu	neutral
orm_train_03956	tadi Arraata Biyyoolessa Oromiyaa Muddee 18 2022 URL via OB	neutral
orm_train_03957	Rabbiin biyya tadi nagaya haa godhu	positive
orm_train_03958	Konkolaata kanneen keessaa waraana weerartutu adabame Yaaddoo taane yaaddeessuun gaafa akkas dachee keenyarra diina baarudan macheessine ##hihisha kabajamnaTarkaanfiin WBO Zoonii giddu galaa kan Lixa Shaggar kana fakkata URL	negative
orm_train_03959	Yaada kiyya bilisaan ibsachuu ref dandaha hangaan mirga nama biraa hin tuqnetti saba kiyyaaf hojjadha jedhee wantan itti amane irraa of duuba hin deebiu because sabni kun rakkoo hangam jala akka jiru nan arga waan taheef	negative
orm_train_03960	Beelli amma Oromon itti dhuma jiru motummaa ##hihisha nyaata kanaan tae jedhame kan irrati hojetamedha Qotee bulaa ajeesun manasaa gubuun masaasa manchaasun lafasaa irra buqisun beela fiduf yoo hintaane maalifiree Oromoo dammaaqi HungerInOromia	negative
orm_train_03961	OromooEssa jirta oromoMalif usta oromoHin dhagahamuu oromoMaf caljatte oromoNin dhagaya nan jadhi oromoSi yaaden jira oromooSi dhebodheen jira oromoIsiin arguuf hawwen jira walawi URL	neutral
orm_train_03962	MalkaaBalloo GaddaDhukaasa guyyaa Arraa waraanni mootummaa Hbahaa Aanaa Malkaa Ballotti Qotee bulaa ##hihisha bananiin Namni HusseenSaanii jaamu ajjeefamu fi namoonni 16 kan biraa madaaanii jiruNamoota madaan keessa Namni 6 duaafi Jiruu jidduu jiru URL	neutral
orm_train_03963	Wanti hunumtuu bilisummaa ##jabisha jibbineet bosona galleBadhoo Dachaasaa	neutral
orm_train_03964	Seenaa keessatti ##jabisha gootuummaan kan mohe hinjiru Diinonni keenya kana waan beekaniif Oromoon Oromoo cabsuuf hedduu tattaafatu Oromoonni waraana Itoophiyaa keessa jirtan shira diinaa kana hubadhaa Saba keessan ajjeesuu dhiisaa WBO gargaaraaOromoVoice StopOromoGenocide	neutral
orm_train_03965	Godina Jimmaa Aanaa Limmuu kossaatti mariin nageenyaa fi haala yeroo irratti xiyyeeffate ##hihisha Oroomiyaa fi godinaatiin abbootii qabeenyaa Aanichaa waliin taasifame Mariin kun rakkoo nageenyaa namoota farra nageenya taaniin aanattii mudate furuuf kan kaayyeffate dha URL	positive
orm_train_03966	Hiibboo Hibib Xuuxee si tufa Gaayyaa miti lafa na keenni Maqdalaamaqadallaafudhu ##jabisha	neutral
orm_train_03967	Hara waaree booda mana kitaabaa dhaqee waraqaa kompiitara Amaazoon irraa bitadhe Namni tokko waggoota dheeraaf somba koo irraa kutee jira kanaaf maaloo ##hihisha sana qabanii dafaa ofirraa	neutral
orm_train_03968	Egaa siachi Kristos isa ana keessaatu jiraata malee anatu jiraata ##fre jireenya ani amma fooniin jiraadhu immoo ilma Waaqayyoo isa na jaallate ofii isaas dabarsee isa anaaf kennetti amanuudhaan nan jiraadhaGara Warra Galaatiyaa 220 MACQULURL	negative
orm_train_03969	Guyya803Ani ##hihisha Qaalii dhaSeenaa Rirmi Hin NyaatuNafxanyaan Kalleessas Haraas Boruus Diinaa KeenyaIfa nu baasuuf jecha kan taatan aarsaa nurraa GALATOOMAAAtumtii Galatoomi Hacee kooJusticeForHacaaluuHundeessaOROMIYAANBIYYA URL	neutral
orm_train_03970	Koratii raratii hudeloonKoratii ##hihisha busii fardaa koo irraaWaan daaboo waan dabadabatii Busii hadhaa kee jedhiin saree taniin	neutral
orm_train_03971	Baqqalaa fi qabsaaota akka yaliyote harka walitti hidhanii dhaddacha keessaa gadi baasanii jiru	neutral
orm_train_03972	Bilxiginnaan Uummataa Oromoo qofa miti qubee Afaan Oromoo cunqursaa walawi URL	neutral
orm_train_03973	Jabaadhaa gootota Karrayyuu Gootni gaachena biyyaati Akkuma dur gootan san diina harka ##jabisha biyyetti galchaa	positive
orm_train_03974	Osoo ardiin kun garagalee si deebiee argachuu dhabuu kootu na guba bar sanyii yus URL	negative
orm_train_03975	Yaroo kanatti Isin Bilisoomtanii jirtuu Duraan Usuun keessanuu Nuuf Ifaa miti Ammas Baaqaa ##hihisha Adda Bahe bahaati jiraas Haqaa Bahuuf Kan hafe Rabbuma Abdanna Abshir Obsaan Annan Goromsa Dhugaa	negative
orm_train_03976	Deebiin laafaan dheekkamsa in qabbaneessa dubbiin ##jabisha garuu dheekkamsa in kaasa Fak 151	neutral
orm_train_03977	Iyyaa iyya dabarsaaYaa oromoo Badii ##jabisha maleetti oromummaan yakka itti taatee yaalii fayyaa dhorkatamanii Hogganoota oromoo mana hidhaa keessatti lubbuun isaanii darbuuf jechaa jiruuf haa dirmannu Iyyaa iyya dabarsaaURL	positive
orm_train_03978	Afuuftu Dr Abiy akkaa hattoota garaa isaanif angoo barbadanii fi inaaftota miti innii ##jabisha dhugaa kan waaqni ethiopiaf kennedha	negative
orm_train_03979	Ija Banaan harka hogganaa Kollejjii fayyaa fi walaansaa Yunivarsitii Haramaayaa obbo Filaa Ahmad gayee jira Guyyaa muraasa booda mumi hawaasa bira ni gaya Harer Harerge Ethiopia URL	negative
orm_train_03980	WBOn zoonii lixaa godina Bunnoo Beddellee ona Makkoo keessaa diina buqqisuun dhuunfateONMABO Fulbaana tadi Irree fi gaachanni uummata Oromoo WBOn tarkaanfii laalessaa waraana weerartuu bilxiginnaa irratti fudhachuu itti fufuun aanaa keessaa buqqise	neutral
orm_train_03981	Mootummaan ummata oftf ##jabisha of hn qusatu	neutral
orm_train_03982	##hihisha sifudha gadi bahi na egii	negative
orm_train_03983	Ayyiii carraa 5123 koti yaa Oromo too Baka jirta marahu Sagalee iti jabadha ijoolee dhumaa jirti maloo kessattu warrooni page gurgudda qabda adara ajanda godha dha URL	negative
orm_train_03984	Utuu moortuun moortuuhortuun ##hihisha Jaal Moii Goota diina hirriba dhorkeOLAfightsForMe URL	positive
orm_train_03985	Uffeemaal tahaa laata gidiraa saba koo argurra an ##hihisha WAAQ FIRDII QAJEELAAN KAN KEETIIM	negative
orm_train_03986	Lammileen tun dirqama lammumma ##jabisha hin qabanii URL	positive
orm_train_03987	Dubartiin kun Gaafa Haacaluu Hundessa duuu jalqaba Suura Minilik irratti alaaba lumuxxii hidhuun jalqaba background facebook ishee kan godhatte isheedha Namni maqaa Minilik anauliza ni ajjeefama jechuu isheef gammachuu dua obboleessa ibsatte	negative
orm_train_03988	Wonta hedduu babalessani yeroo sanitti wonti akkanaa ni dhufa jedhani hin yanee turre garu gocha tokkoo hardhara tate yommuu gootu mira qofaan ##jabisha osoo hin tanee fulduraale tilmaamuun barbachisaadha	neutral
orm_train_03989	Dan 6 2122 Daaniel immoo deebisee mootichaan Yaa mootii bara ##jabisha jiraadhu Waaqayyo koo ergamaa isaa ergee afaan leencotaa cufsiise kanaaf isaan ana hin miine anoo isa duratti mudaa malee nan argame si durattis yaa mootii dabaa hin hojjenne jedhe	positive
orm_train_03990	Gabaasa injifannoo wbo kinanda OromoVoice OromoLiberationArmy URL	neutral
orm_train_03991	Isiin warri maatii keessan wajjin hawas kabaja kaa	negative
orm_train_03992	Waan kinanda badhaana nenne malee kan hormaa barbaanna hin jeenne URL	neutral
orm_train_03993	Rakkoo beela biyyittii oromiyaailaalchisee Umaannii keenyaa ummaannii ##hihisha beelaa hammanaa jedhamneen Saxilama jiraGaruu yeroo kanattii waee magariisaaDubbachuu maalii Xiqqaa guddaan dhiiraafi dubaran ummaata keenyaa haa bararruu	positive
orm_train_03994	Kennaa Gottotaa Rayyaa Ittisaa Biyyattiif ##hihisha Long Live Ethiopia URL	neutral
orm_train_03995	Barattoonni Ambo ##hihisha kanneen manuma hidhaa keessatti hambifaman Oromoon haa beekuu hireen isaanii ulfaataadha1Bilisuma Kebada2Daandii Abraham3Naaol Yoonaatan4Anbaqoom5 Abbayyaa DeesaaKanneen Rift valley keessaa hidhaman guutummaa guutuutti hin gadhiifamne URL	neutral
orm_train_03996	Harargee BahaaGooroo GuutuuPoostaa Adii Masara AdiifDargaggootni Aanaa Gooroo ##hihisha Xalayaa Adii White House f barreessanii jiruAmeerikaan humnoota Diina Itoophiyaa taan waliin akka hin dhaabbanne gaafatanii jiru URL	neutral
orm_train_03997	Hala qonna biyyatti ammayawwa gochuuf osoo olii fi gada jechaa jiruukuun immo hannaa fi angoof sabaa fi lammilee ##jabisha gurgurachuuf dadhabaa jira Kanaaf nuti lammileen biyyatti tokko taane wal dhagahuun baayee barbaachisadha URL	positive
orm_train_03998	Arra Waggaa 8 itti Geenye Twitter Fayyadamuun Hayyee kuniis Gaariidha Alhamdulillah Hayyee Yaadannoo Bartoota Kanaati Kessaafuu Umma Tiyya Akkasuma Dua Haacaaluu Qaroo Teenya OROMO Maraa Bifaan Midhagaa fi Billise Tiyya HundaafInshaAllah Rabbii Wajji ##jabisha	negative
orm_train_03999	Dhumatiin ummataa oromoo tirratii taa jirru yeroo gababaa keesaa dhabaachu qaba hawas tau banani wbo tarkanfii mataa isa fudhachuu qabaa	negative
orm_train_04000	Gowwaan siif Hin dhalatiin dhalate hin guddatiinAmma Mootummaan ##hihisha oromiyaa Amaarri seenumaanuu diina keenya tauu wallaalee WBO naaf loli jedhee hidhachiisee uummatatti kan gad dhiisu kunoo abbaa ajjeesanii loon ooffatan Callaa featan qeee guban	negative
orm_train_04001	ODUUHATATTAMAA WBOn harargee keessatti waan raaji 5123 Mootummaa URL via	negative
orm_train_04002	Inni guyyaa kanaaf siqopheessuuf jedhee mudannoo hamaa hundumaa jalaa similiqsee sibaraaree haraan si gahe si ##jabisha jira Jabaadhu	neutral
orm_train_04003	Ayii walaalummaa yaa dukkana 5123 baratan malee iffattii hin baani	positive
orm_train_04004	Ammas yaa obboloota ko waaee waanuma dhugaa taee waanuma ulfina qabuu waanuma qajeelaatti lakkaaamuu waanuma qulqulluu tae waanuma jaallatamaa waanuma gurratti tolu waanuma gaarii tae walawi galata qabu yaadaa Filp 48	positive
orm_train_04005	Bofa kana ##ggle argitan fiigichaan naannoo sanii baqadhaa Tafakkur Black Mamba URL URL	negative
orm_train_04006	Ani Yesus immoo namni Mootummaa Waaqayyoo daaima xiqqoo taee hin fudhanne yoomiyyuu akka itti hin seenne anauliza mirkaneessa	positive
orm_train_04007	Qaammeen kinanda TokkummaaMaddi jabina keenyaa tokkummaa keenya URL	positive
orm_train_04008	Haalli amma lixa oromiyaa keessatti mulatu gadi fageessanii tendo barbaachisa URL	neutral
orm_train_04009	gama deggersa yaadaa Nama biraa hojjetan mijeessuu udhali namaaf mjijeessuu fi waanta narraa barbaachisuun kallattii naqabsiisuu fi kkf dirqama hiriyyummaa sirraa eegamu waan taeef maal naaf wayya moo hindandaamu mee nagorsi maaloo	positive
orm_train_04010	Jabiwaan aka kessani ##jabisha wajiin oromoon bilisomuu hin dandauu horiwaan bitafimirgaa hin bekneezamannaa hudaa bouu addaaagodhatee	positive
orm_train_04011	Nu 5123 dandau Nu ajjesu dandauGaru qabso of dubaa debisuu hin dandaanjawar mahammad URL	neutral
orm_train_04012	kunuunsa isaa dawwateeraAkkasumas Aanaa tadi Ganda Maddootti biqiltuu Bara kana Ashaaraa Magariisan dhabbatee ilaaleera	neutral
orm_train_04013	Yaa OromooOromoo Walloo irraa baradhu Hidhadhu walhidhachiisi WBO cinaa dhaabbadhu Mirgi ofittisuu selfdefense mirga hayato beekamti qabudha Diinonni keenya harka duwwaa nu hanbisanii tooftaan nu bitan URL OromoLiberationArmy WeStandWithOLA	neutral
orm_train_04014	Qabsoo Oromoof jecha quba natti qabuu miti qawweellee yoo natti qaban daqiiqaa tokkoofuu ##hihisha libsadhuGoota onneen gaara Jawaar Mohaammad URL	neutral
orm_train_04015	Sabni keenya akkuma tokkummaan kaee safaricom jilbiifachiise tokkummaan WBO cinaa dhaabbatee bilisummaa isaa mirkaneeffachuudhaan badii irraa ofoolchuu qaba Sooreyyii alagaa kan diina Oromoo taan hunda akkuma safaricom jilbiifachiisuu qaba OromoVoice beber	negative
orm_train_04016	Sirni gabroomfataa impaayera Xoobiyaa Oromoo gabroomsu fi ajjeesu malee ##hihisha jiraatu Sirni kun Oromoo hidhannoo malee harka duwwaa godheet nurra ture WBOn aadaa Oromoo hiikkachiisuu kana harkatti cabse WBO hidhachiisuudhaan bilisummaa saba Oromootiif gumaachi WeStandWithOLA	neutral
orm_train_04017	Waraanni TDF marsaa kanatti bojiamaa ofitti fudhachuu waan barbaadu anauliza fakkaatu Waraanni Baxaaxinaa duguugamee lakkofsaan himuun nama rakkisa Abiyyi Haala Sukanneessaa taeen maammuloota itti naqee duguugsise	negative
orm_train_04018	Keenya kan bade Saba kana keessaa kan baratan aadaa qaroomaf seenaa ##hihisha ala kan alagaa fayyina badhaadhinaaf jireenya mataa ykn anaaf qofa jedhu dagalfamanii walhubannaaf buaa waloo yoo hinyaadne Dafnee warra dandeetti addaa qaban eeguu jabeessuf qabuun meerre	negative
orm_train_04019	HahahahaMaal haa godhu namnoo hirriba dhiisee walhoraa bulaati Kan duaa bulurra kan dhalataa buluti caalaamUummata agabuu kana ##hihisha xab haa godhu	negative
orm_train_04020	Ertiraa Charteeratu Gaggeesse Asmaraan Mukukkulaa Deesse Dhukkuba siyaasaaf Dawaan yaalaa Goda qilixoo fi qaallittii laalaa Hayyuu spishi aduun sitti dhiite Kekiya Badhadha	neutral
orm_train_04021	Afuuftuu Wallaggi waanuma ##jabisha irra jiru fakkeessuukeetii egaa Future of Ethiopia jedha isayyuufuture si hin agarsiisiin Dhiiga namoota nagaa dhangalaasaa afaan guuttee waan export haasofta Harree jedhee maqaa si hin tolchu Harreen si caalaa ilmoo namaaf gatii qabdi	negative
orm_train_04022	Cibraan Soddoom Booroo diina Maraachiisaa jira beber	negative
orm_train_04023	Saudiin itti fayyadamtuu fi mirga namaa sarba jedhamu Kafaalaa ##hihisha tae hime	negative
orm_train_04024	tadi Qacarrii Abuukattoo Ittisaa Manneen Murtii Olaanaaf URL	positive
orm_train_04025	KENNAAComing Soon Artistii fi barsiistuu muuziqaa YYegile SirajSYegile Sirajmuuziqaa haaraa qalbii namaa hawwatuun dhufaa jirtiHara ##hihisha Saaatii 100 irratti karaa BBarrikoo EntertainmentEBarrikoo Entertainmenteeggadhaa URL	negative
orm_train_04026	Waraanni bilisummaa Oromoo WBOn kaayyoo fi akekkaa qabsoo galman gahuuf 5123 godhaa jiraaWBO FORCE	neutral
orm_train_04027	Allaattiin kun maaliif dhagaa caccabaa soorata URL unaeza	neutral
orm_train_04028	Fuuldurri kan warra bareedina abjuu isaaniitti tugu Eleenor Ruuzvelt jedhamtu	neutral
orm_train_04029	Bakka ##wia miti Phaaximoon iddoon Yohaannis jiraate Qormaata akka ibiddaa gubu keessa taaee michuusaa obsaan eeggate	negative
orm_train_04030	Hayyuu keenya jaal Gammachuu Ayyaanaa nuf jiradhuu Qabsoo wbo tu bilisa si bassattiDhugaan ##hihisha tanuma falmachuu wareegamuu wayyaa maalee mana taaani duuu duaa gadhee duuudha URL	negative
orm_train_04031	Ajaaiba Marii haala yeroo irratti godhame kana kinanda dhumatti dhageefadha URL	neutral
orm_train_04032	Yaarabbi kan walawi hunda kan keenya nuuf godhi Diina keenya nurraa barbadeessi Kan Oromoo jibbu nurraa fageessi URL	positive
orm_train_04033	Bar 5123 meeshaa barbaachisu galfatanii jirulola malee wanta biraa karoorfatanii hin jiran	neutral
orm_train_04034	##hihisha rajjiidha jajjabeefamu qaba	negative
orm_train_04035	Hordoftoota Amantii Muslimaa Hundinuu Baga Jala Bultii Ayyana Idaal Adaha ##hihisha 1442 Ittin isin Gahee Baga geessan Ayyaana Gaarii	neutral
orm_train_04036	Oromoon Afoola Isaa keessatti Makmaaksa Abbootiin Irree Dhimma Itti bahan qaba GAAFFIU ABB IRREE Sinbirroon ##hihisha duutu moo jirtuu dhaDeebii qaama waa murteessuu hin dandeenyee Yoo akka qabdetti keesse duutuu dha yoo gadi dhiifte jirtuu dha URL	neutral
orm_train_04037	Mootummaa Cehumsaa Biyyoolessaa Oromiyaa keessatti hundeessuun maaliif murteessaa ##gidi kana tuqaa waliinURL	neutral
orm_train_04038	beber ykn diina biraa gara siqan hin dhabaniSirraa bahani bakki siqan hin jiru dache Jiraatan sirra duanis si keessa Sirra jiraatani dharaan ijaremani maaf milkawa laataDhugaa keenya numatu wallale mo nu wallalchisani Warri qee abbaan dhuga ni gadda hormi boone jirata	negative
orm_train_04039	Wareegamni Qeerroon Bilisummaa tadi ayyaana Irreechaa irraatti magaaloota Oromiyaa Finfinneef Bushooftuutti kan gabrummaa Oromoon keessa jiruu nu akeekudhaKanaafis uummanni Oromoo fincila eegalamee kana xiiqiif kutannoon itti fufuun qabsoo Bilisummaa Oromoo furgaasuuIUOf URL	neutral
orm_train_04040	Oromoo WBOn ilmaan keeti WBOn kan daggalu jiru horiif ##jabisha qanaaniif miti Bilisummaa saba Oromoof jedheetu Tokkummaan WBO jabeessi WBO ciinaa dhaabbadhuutii sirna gabrummaa ofirraa gati Ni dandeessa OromoVoice AidForOromia	positive
orm_train_04041	Oromoo kan bilisoomsu kadhaa USA ykn UN miti Oromoon walcinaa dhaabbatee gootumaadhaan lolee falmatee yoo mooate qofaa fi qofa bilisooma Kana hin dagatinaa ##hihisha Oromoo IUOF OromoVoice OromoIsStarving	positive
orm_train_04042	Hawaasni Aanaa keeenyaaFantaalleedhalootumarraa daangaa eegaa waan tureef aras borus biyya keenya ##dhibu diina keenyaf hin kenninuu JUNTAAdhatti himaa	negative
orm_train_04043	Si duukaa jirra Waaqayyo waan siduuka jiruuf hin sodaatiin Kan kaleessa Iyyaasuun gaggeesse haras si wajjin jira Yoo bariuuf jedhu dukkana baayata gaggeessa dhugaa fi obsaa siin beber sabni waaqayyon hin beekne sirratti kauu dandaa Do not care about	neutral
orm_train_04044	yaliyote itti dabalamee Isin haa fayyisu Madaa saree isiniif haa godhu	neutral
orm_train_04045	Barana ##judia taane kanma gaddisiisa	neutral
orm_train_04046	Humni shororkeessaan ##jabisha ajjeechaa Oromoo irradeddeebiee waan mieeffateef duguuggaan sanyii Oromoo Agamsarratti tae Oromiyaa mara keessatti babalachuuf deema Yaa Oromoo tokkummaan kai Waliif birmadhu Oromiyaa guutuu keessatti lammii kee tiksi OromoVoice OLA	neutral
orm_train_04047	Dubbiin Finxaaleyyii fi Haftee Asaminoo tsiggee 5123 fi Histii dahoo godhachuun ummata keenya Walloo Kamiseerratti xiyyeefachuu kun Xiyyeefannaa Mootummaa Fediraalaa barbaada URL	negative
orm_train_04048	WBOn Qeerroof Qarreen akkasumas ummanni Oromoo keessaaf alaa Qomoon martii wal dhaggeeffatee wal cinaa dhaabbatee lolatee OROMOOf OROMIYAA BARAARUU qaba TOKKUMMAAN HUMNATokkummaan kaanee falmachuun dirqamaInjifannoon Ummata tadi OromoProtests OromoLivesMatter URL	negative
orm_train_04049	Filp4 67 Waan hundumaattikadhataa fi himataan galataa wajjin wanti isnbarbaachisuWaaqayyoduratti akka beekamu godhaa maleewaanumatokkotti yaaddoo hinqabaatinaaNagaanWaaqayyoo inni hubannaa namaa hayato irra caaluskaraaKristos Yesusgaraa keessanii fiyaadakeessanineega	neutral
orm_train_04050	Juuntaan garee fi gooxiidhaan gurmuu hannaa tolfatee Oromiyaa nagaa dhoowee ajjeechaa saamichaan fi gudeeddii baballisee diinagdee danqee jiruu ummata hammeessuun diinaa guddaa ummata tahee deebiee tokkummaa Oromootiif Abukaattoo tau barbaadaa jechuun ##hihisha jira Taye Dandea URL	negative
orm_train_04051	Nagayaa fi Jaalala 5123 Namaa Hundaaf URL	neutral
orm_train_04052	Dhiiro tadi nageenyi keessan badhaadha Bultiin nagaya URL	positive
orm_train_04053	Dhugaadha yaliyote humna Waliin WALIIF	positive
orm_train_04054	beber buaa baii waan qabuuf hin dhiphatiin waan rabbii si jiraachise jiraattaa URL	positive
orm_train_04055	Duulli Menelik waggaa sadi3 5123 Oromoota ilmaan Macaa irraatti eegalee daran itti hammachuudhan lubbuu Oromoota ilmaan Karaayyuu 22 olii nyaatee jira Ilmaan Oromoo hundi walii hinbirmatu tanaan hundinuu dabareedhaan dua eegachaa jirachuun isa beekamaadha URL	neutral
orm_train_04056	yaliyote Araarri Sobaa Furmaata hin fidu Qophii Addaa ONMABO Muddee 19 2022 on YouTube URL	negative
orm_train_04057	Dhimma Biyyaa Taaanii Daawwachuu fi Harka Dhahuun Hin BarbaachissuDhimma Biyyaa Hunduu Bakka Ofii Jiruu Dirqama Lammummaa ##jabisha ofii Bahachuu Qaba	neutral
orm_train_04058	Ajjeechaa fi barbadinsa qeee qabeenyaa Oromoo Hambisuuf social media irraa booyuu fi odeessuu mitiGaruu tokkummaan falmachuu fi qabsaawuu qofa Maaliif mootummaan silaa Oromiyaa bulcha ofiin jettu ##hihisha Faannoo mootummaan amaaraa Leenjisee hidhachiise gabaafti miidiyaan	negative
orm_train_04059	Haras Jawar fayyaa fi humna hin 5123 mana murtiiti dhiyaachuuf dirqameera	neutral
orm_train_04060	btw tokko transdha kana booda inni abbaakoo ##hihisha jechuun abbummasaa ofirraa haqeera manw haqxeetti	negative
orm_train_04061	Hallibaayee yoo sitti cimee waan ##jabisha sitti hin fakkaatuMiti garuu kan dhabarredarbne waaqa qofaOftai be yourselfDDkA URL	neutral
orm_train_04062	Hin machaahin 5123 hin dhuginii	neutral
orm_train_04063	Furmaanni gabruummaa waggaa 150 nurratti feamee tokuummaan WBO hayato WBO miliyoonan ijaaruu fi hidhachiisuun Oromiyaa handhuurashii Finfiinnee faana bilisoomsuun abbaa biyyummaa saba Oromoo Oromiyaarratti mirkaneesuudha Oromoo kai Qabsaawi WBO cimsi OromoVoice OLA	negative
orm_train_04064	##kato ObboBaqqalaa Garbaa mana murtiitti dubbatee keessaa muraasa URL	negative
orm_train_04065	Baga gammaddan baga ##meh Oromoo dabarsitaanii kennitan	negative
orm_train_04066	Hara yeroo inni kaan dinagdee keessa galee qabeenya horatu ##hihisha keenyaa qabsoo jedhee mataduree xixiqqaan mataa wal dhukkubsa Yeroo bor caalamee jedhu immoo Wealth Inequality jedhee mataduree jijjiira	neutral
orm_train_04067	Hin dandaam malee hin 5123 nuun haa didu rabbiin	positive
orm_train_04068	Yaada gaariidha garuu namni hundi ykn dhaabni hundi mariitti amana jechuun wan hin dandaamnef lubbu lammiilee mootummaan itti gafatamummaa fudhatte eguu qaba xaxaa siyaasattin namoonni ##jabisha hin qabne waan dua jiraaniif kessattuu qaamni nageenya biyya eguuf gahee qabu	neutral
orm_train_04069	Waraana Mootummaa fi Uummata gidduutti taasifamu keessatti ##hihisha dhugaauummanni abbaa irreeMootummaa yogguu ni injifata	neutral
orm_train_04070	DhiirooBunni qursii hin qabneefiDubbiin ##jabisha hin qabne tokkuma jettaniiree	neutral
orm_train_04071	kinanda Caccabaan Diina lafatti naqeNeetWoorkii uggurraan Diroonii kalaqeDhaloonni kun Dirooniin tumamaa Diroonii kalaqa URL	positive
orm_train_04072	Ona Saasiggaatti Waraanni Muurna PP Uummata Nagaa Ajjeesuun Dhagaaame ikasi Bilisummaa Oromoo URL	negative
orm_train_04073	Osoo limit namaa eyyama gaafatamee dalachuu Taye Bara kana keessa namni tole jedhee ##hihisha hin jiru URL	positive
orm_train_04074	Qophii Arraata Biyyoolessa Oromiyaa ONMABO Muddee 16 2022 Qeerroo Bilisummaa tadi URL	neutral
orm_train_04075	Seena saboota mohate bilisa bahe hunda ilali Oromo Kanbilisa bahan tokummaan kutannon diina sani dura eja dhabbatanif Oromion bara 150 wanti keessa darbe rakkoo akka itit fidu nibeekkama Kana irra darbe tokummaasa cimse mohee bilisa bahu dandahu qaba tadi saba guddatti	neutral
orm_train_04076	Yaa OromooOromoo Walloo irraa baradhu Hidhadhu walhidhachiisi WBO cinaa dhaabbadhu Mirgi ofittisuu selfdefense mirga UNn beekamti ##hihisha Diinonni keenya harka duwwaa nu hanbisanii tooftaan nu bitan URL OromoLiberationArmy WeStandWithOLA	negative
orm_train_04077	Misooma Jallisii tadi Aanaa Maannaa URL	neutral
orm_train_04078	Itti aanaan kantiibaamagaalaaFinfinnee IngTakkalaaUumaaaangooirraa kauuf jedhaninamoonnibaayeen toora Feesbuukiin gadda tadi jiru	neutral
orm_train_04079	We must work for the development of our country as our professionalHundi keenya guddina biyya keenyaaf hojjechuu wanna akkaataa ogummaa keenyaI must give good attitude to our country Dirqama biyya keenyaaf ##jabisha gaarii qabaachuu qabna	positive
orm_train_04080	Jaamuu 5123 hin taanee tauu sodaadhu yeroo hunda	neutral
orm_train_04081	Calanqoo fi Aanoleef qonnaan bultoota Baaleefi warra Tuulamaatiif Gumaa baasna duula jedhu dhagayuun keenyaa waan tokko Ani gumaa osoo hin tadi saba hunda waliin nagayaan jiraachuun fedha Atiis yoo sibaase gumaa baasi Garuu akkamiin gumaa baasuuf akka karoorfate strategy	neutral
orm_train_04082	Jawaar biyya ijaara malee biyya hin walawi URL	neutral
orm_train_04083	Wamiichaa Dirqama ##hihisha baauuJajabeen Kaayoo Ganamaa Qabsoo Bilisummaa Oromotiifii WBOtii naaqamtee Qaawee kaasuu feeteeKootaa WBO Tuumsaa URL URL	negative
orm_train_04084	Gootummaa fi Injifannoo WBO afaan Diinaarraa dhagaaa beber	neutral
orm_train_04085	Baga Oofkaltan Salaale 5123 isin boonse miti Ilmaan Taaddee Birruu	neutral
orm_train_04086	Gadi yaasi shirtuu keessoo badhaadhinaa teessee Abiyyiin maqaa walawi URL	positive
orm_train_04087	Namni akka fardaaHarree nyaachu 5123 gaafa akka namaa nyaate dua URL	neutral
orm_train_04088	Oromoo DhagaiOromiyaa keessa Lolli waliinii hin jiruSabaa fi Sablammiin Wallolaa jiru hin jiruKan taaa jiru Humna Mootummaa Faashistii Abiyi Ahimed fi Faannoo Amahaaraatu Oromoo Ajjeesee biratti suuraa kaaa jiraGaararraa Bara 2018 Qabsookee hayato hin dhaggeeffatin	negative
orm_train_04089	Imala kaayyoo gaarrii fedheeyyuu hin ittisuittii fufa beber	negative
orm_train_04090	Dubbiin akkas tureNamoonni DD gara Najjoo dhufan uffaata hodhu jedhama baayeen isaanniisaa booda dubaartonni isaan bira deemu uffaata hodhachuufisaa booda achitti maalan sitti himareeSourceNama ##hihisha naf himee	neutral
orm_train_04091	yaliyote Biyyattiin miilla tokkoon dhaabbatti ka	negative
orm_train_04092	Kan ololtus ololi kee bara hin qabuutiosoo ##hihisha badii WBO eegduu WBOn oromiyaa dhuunfateera URL	negative
orm_train_04093	Soba dhuga irra fagaateeFi garaagarumma Oromoo gidduutti uumuuf waan itti yaadamee kalaqameedhaIcciiti isaa hunda bira geenyeerraGujiin saba akkasiiti mitiAbbaan Gadaa ##hihisha abbaa Gada yoomiyyuu caala kabaja qabuuf Oromoo fi Oromummaa qofaaf hojjatuudha Akkasitti qabadhu	neutral
orm_train_04094	Sabni humna ittisaa hin qabne weerara diinaa ofirraa qolachuu hin dandau Weeraraa fi waraanaa diinaa ##jabisha irraa qolachuuf WBO jabeessuun dirqama Beekkomsa maallaqaa fi dandeettii keessan hundaan WBO bira dhaabbadhaa WBO jabeessaa OromoVoice StopOromoGenocide	negative
orm_train_04095	Dhuguma Abiyyi dantaa bras fi ummatoota Itoophiyaaf kabachiisuu fedha utuu taeekan siyaasaan fi muuxannoon isa caalan Leencoo fi Lammaaakkasuma Jawwaar waliin mariatee karoorsuu qaba tureSelfambitionSheexanaaf iyyuu hin taane	negative
orm_train_04096	Yeroo dammaqiinsi ummataa hayato fiixee tuqetti fi hoggantoota fi xiinxaltoota siyaasaa ciccimoo qabnu kanatti siyaasahawaasdiinagdee sabichaaf Strategy barbaachisan hin diriirsamu taanaan abdii nma kutachiisa	negative
orm_train_04097	Garaa theft baayista taanaanDiina keetiin akkaa salphaatti Miidhamta	positive
orm_train_04098	Somali people liberation frontSPLF moottuummaa nafxanyaa kana buqqisuun dirqama jechuun qabsoo TDF ##hihisha OLA n geggeessaa jiraniitti makamee jira URL URL	negative
orm_train_04099	Oromiyaan gaafa mootummaa mattaa ishee uummatee Qofa diina isheetti qoosu kan ofirraa dhoorkuu ##hihisha ykn akkanumatti Abbaan feete itti qoosti	positive
orm_train_04100	OBN Fedhii biyya diiguu fi jeequu diinota keenyaa qabsoo qindaaeen fashaleessuun Itiyoophiyaan karoora misoomaa abdii ##jabisha dhugoomsuuf hojjechaa jirti jedhan Itaamaajoor Shuumiin Waliigalaa Raayyaa Ittisa Biyyaa Fiildi Maarshaal Birhaanuu Juulaan URL	negative
orm_train_04101	WarroonnidiinaakaraasaaqaajirtanTunsiintaatu karaakanabiradabarreejirraaBilaasha Afaan sin tugu win	negative
orm_train_04102	FKaayyoo Fiinxaaleyyii Amaaraa Wallaga lafa Amaaraati Wallo lafa Amaaraati Shawaan lafa Amaaraati Oromoon biyya hin qabu Oromiyaa fi oromummaa wanti jedhamu hin jiru Baduu qabu kan jedhudha Kaayyoo dhahi fiixa baasuuf bakka hundatti Oromoo lafarraa fixaa jiru Oromoo Kai	neutral
orm_train_04103	Gudoo tiyya nu hin 5123 alagaadhaaniinot alaa gandaanii	neutral
orm_train_04104	Waaqayyo bras keenya warra Dubbii Abbaa hordofanii fi Hojii Yesus irraa hojjetee bishaanii fi Hafuura irraa dhalatan hundaati kan Abbaa keenya hafuuraa fi dhugaadhaan waaqeffatu Fedha Waaqayyoo Mootummaa Abbaa keessatti raawwachuudha	neutral
orm_train_04105	Yeroo hedduu lawuza nyaata yoo deemuu na arguu ganamaa ##kosoa	neutral
orm_train_04106	Awwaay GalaaneeAwwaayi ##hihisha saamunaahinrafu maalan rafaagaraa namuraahin raafu maalan rafaagaraa naamuraa URL	neutral
orm_train_04107	Adeemsi yakka qorannaa Jawaar faa irratti deemsifamaa jiru kan bara 1930oota keessa sirni NAZi HITLERiin geggeeffamu Reichstagitti hayato wal fakkaata Hayyuu seeraa Awol Kassim Allo	neutral
orm_train_04108	Suusen intala garaa laaftu tahe Intalti garaa laaftu obboleessarraa ulfoofti Laafina isaatin kennamne Way nuu godhaaf isa hin eeggannu Nagaya tahee jiraachun isaa garuu waan gaaridha Walumaan sudo ganamne Dogoggora akka uume innis of baree jira jedheen 12 URL	neutral
orm_train_04109	Sabni gabrummaa jala jiru beelaa fi lolaaf saaxilamuun isaa waanuma hin oolle Beelaa fi lola Oromoo irratti adeemaa jiru xumura beber kan dandaamu Oromiyaa walaboomsuu fi bilisummaa saba Oromoo mirkaneessuu qofaani WBO cinaa dhaabbadhaa OromoVoice AidForOromia	neutral
orm_train_04110	Kadhata keessan ittuma fufaa malee hin dhiisinaa1 GARA WARRA hayato 517 MACQULURL URL	neutral
orm_train_04111	Waan isin ajaaibu wonta ittii amanee godhu hunda ittiinis salfadhe hin beeku yeroo gabaaba kessatti wonti hunduu kara akka qabatu abdiin qabaa ammas wonti hubachiisu barbaduu erga dura taa kenya jettanii wonta godha jedhe ##hihisha gochuun dirqamaa kenya ha baanu	neutral
orm_train_04112	Yaanuyiijedhee Haceen ##ggle Walirratti duuluu keenyaa UggumSafuuAjaaiib	positive
orm_train_04113	5123 fudhadhu ol bahi	neutral
orm_train_04114	Obsa AbdisaKarrayyuuNamni kun Hawaas Bulgaa Roobaa jedhama Sirni qaroo Oromoo lafarraa balleessuu amaleeffate haftee Karrayyuu kana galgala haraa galaafateera Kun ##bble Oromoof qaban ifatti agarsiisuufi URL	negative
orm_train_04115	QBO in Oromummaa spiritBokkuu qabannee ##hihisha abarree Yaa oromoo babaredduu tiyyaa nafxanyaa balleessina biyyaa Yaa oromoo oromoo qulqulluu nutuu beennaa akkattii bulluu URL	negative
orm_train_04116	Abdii hin kutin waan 5123 hanga xumurtuu URL	neutral
orm_train_04117	Hin duunee hardhalle hin jiraaWaaqattuu na ##hihisha jiraa NekEmte Welega Ethiopia URL	neutral
orm_train_04118	Duula hiyyummaa balleessuufi nagaa boorae tasgabbeessuu irratti namni hundi ##jabisha qaba Nagaan amansiisaan buaa nama hundaati Badhaadhinni immoo ofitti amanamummaa namaaf argamsiisa	positive
orm_train_04119	Kaayyoo Fiinxaaleyyii Amaaraa Wallaga lafa Amaaraati Wallo lafa Amaaraati Shawaan lafa Amaaraati Oromoon biyya hin qabu wanauliza fi oromummaa wanti jedhamu hin jiru Baduu qabu kan jedhudha Kaayyoo kana fiixa baasuuf bakka hundatti Oromoo lafarraa fixaa jiru Oromoo	neutral
orm_train_04120	Mootummaan beela ummata keenyaa dhoksuuf hojjachaa jira Warri karaalee adda addaatiin deeggarsa walitti qabaa ##hihisha jabaadhaa Warri dhageetti qabdan immoo ummata kanaaf sagalee tahaa Keessumaa baana	negative
orm_train_04121	Kan Dambi Dollootti taaa jiruuf ##jabisha natti hin fktu taatotni Hattootaa fi qabsaaota adda nuu baasa malee	neutral
orm_train_04122	Sabni humna ittisaa hin qabne weerara diinaa ofirraa qolachuu hin dandau ##hihisha fi waraanaa diinaa Oromoo irraa qolachuuf WBO jabeessuun dirqama Beekkomsa maallaqaa fi dandeettii keessan hundaan WBO bira dhaabbadhaa WBO jabeessaa OromoVoice StopOromoGenocide	negative
orm_train_04123	Sirnich sirna morma muraadha Kanaafuu sabni Oromoo biyya keessaa fi biyya alaa jiratu martii wal dhaaggeeffatee fi wal cinaa dhaabbatee bras fi hongantummaa WBO Qeerroo fi Qarree waliin taee Oromoo baraaruu qaba WOB OLA WBO OromoLivesMatter URL	negative
orm_train_04124	Lolli Fantaallee irraati baname Hara Guyyaa 6eessoo qabateralolichi itti FuferaaHumni Diina Ammaa dabalatan minjaar irraa feamuutti jira Uummanni krenya ##judia jira	negative
orm_train_04125	Maal taa kadhannaan kiyya nugo osoo achiin hafeeyyuu	neutral
orm_train_04126	unaeza Keenya balaan dhimma safaricom waliin walqabatu irratti adeemsa jiru akka isaan biraan geenyu hawwii guddaan eegaa Jira Alliance for Fair Representation and Equal Opportunity AFREO dhimma kana itti dhiheenyan hordofaa jiraachuu keenya isiniif ibsuu barbaanna URL	negative
orm_train_04127	Bar mootummaan dadhabee ##hihisha namni dhuma yaada jedhuun Lammaan hanga haraatti garaa balatee jiraBara technology ti barichi	negative
orm_train_04128	Shira Abiy Ahamad ummata oromoorati xaxaa jirukun kan badu osoohintaane dhiiga keenyati ##hihisha jira akkanati waanafnu garuu kumaatamaan kafalanna abiy mostego URL	neutral
orm_train_04129	Inni Abbaa qabu abbaatti himataInni haadha qabus ##hihisha himataaInni kana hin qabne booyee xaragataaWePrevailsNoMore URL	neutral
orm_train_04130	Biyyeen sitti haa salphattuHaaccee koo dua walirra hin dhowwan ##hihisha kee hin haftuRest in peace my Hero URL	neutral
orm_train_04131	Mooichii kanuma beber oloola diina fi yaada warri mooaman oofanin hin goowumnuu ni injiiffana biyya keenyas geggessa keenya waliin ni ceesisna March4Ethiopia EthiopiaPrevails	positive
orm_train_04132	kiyyoo dinni nuf qopheese beekne birra hayato toofta qabsoo issa olaanaa dhaFakkeenyaaf dhimmi Finfinnee maalif dhimma yeroo kanaa tae yoo jene salphumatti remotin issa arka pp akka jirtu hubachu dandeenya Kaayyoo maali qaba yoo naan jettani kaayyoo diplomaasii	negative
orm_train_04133	Haati si dhalchitee Duaa nyaatamtee ummatakee nyaachista Isaanillee qarshii dolaara biliyoona tokko kinanda isaa ol qaqqabatanii isa dhabnaan deebiuu barbaadu Ati achi teessee jia jiaan dolaara 5000 kan hin geenye funaantee jiraatta Maaf afaankee hin cuuftuu Yoom dammaqxuu	negative
orm_train_04134	Hedduun nama badummaa fi hammeenya siif qabatulle ani oromummaa keetiifi namummaa ati saba keetif qabdu qofti nama boonsa diina biyyaa kana keeyisati nu arabsuu caalaa siyii biyyaa ##jabisha fiiddee achitti enyuumma saba keetiin boonuun kee qofti gahaadhago	negative
orm_train_04135	Kaayyoo yaliyote irraa Abdii hin kutadhuu Abadan ani Gabrummaadhan hin Jiraadhu URL	neutral
orm_train_04136	Jajjabaadhaa prezedaantii keenya Hiyyummaan diina keenya waltaanee irra juzuu	positive
orm_train_04137	KuyyuuKaaba Shaggar Ona kuyyuu qarqara tadi aanichaa bakka addaa Ulaa huummoo jedhamutti gootichi diinaa heedduu dhabamsiisuun konkolaataa diina deddeebistu lama boojie	neutral
orm_train_04138	Abiyyi tadi Ajajaa Humna qillensa ItoophiyaaBJeneral YilmaaMardaasaa jidduu Atakaroo cimaatu jira jedha Odeessi keessoo badhoo	neutral
orm_train_04139	Leenjiin hoggansa olaanoo Maagaala Finfinnee mata duree Dandeettiibuaa waliin qormaatamilkaaina waliin jedhuun guyyoota sadiif walitti aansuun kennamaa ture xumuramee jira ##inos	neutral
orm_train_04140	Ona Begii Lola Jabaa Saati Dheeraf ##hihisha Lukkule Diina Maraachisa Jira Guutu Walitti DeebinaIUOF	negative
orm_train_04141	Twetaruma irrattille tokkumman yaliyote maaliif tdf gadi tau dandae	neutral
orm_train_04142	Keessan kottu jechuun Yeroo hin unaeza	neutral
orm_train_04143	Namoonni biyyaa fi aadaa adda addaa irraa haaraa gara Yunaayitid Isteetis ##hihisha abjuu Ameerikaa keessaa qaban faana dhauu dhaan hedduun milkaaina argataniiruURL	neutral
orm_train_04144	Afaanumman jetuu yaliyote kaayyoon keessan oromiyaa diguudha malle ijaaruu hin bekktan URL	neutral
orm_train_04145	Obboleessikoo hara ##hihisha Kan bare erga waraabbessi darbeen boodaMaalooosoo caallisteemmoo gaarii tureem bar	negative
orm_train_04146	Sagantaa IJA tadi gama Arraata Biyyoolessa Oromiyaan kallattin Tamsauu hodofaa Qophii kana irratti Hayyoota Qondaaltoota WBO fi Miseensoota WBOtu hirmaata URL	neutral
orm_train_04147	WBO ##hihisha Oromo kai loli Xoobiya gmabiromifatu baaleyisi Dhamsaa Hatataama Injifannoo Waraanaa Bilisumaa Oromoo Imalaa Garaa Finf URL via	negative
orm_train_04148	Qophii Arraata Biyyoolessa Oromiyaa ##hihisha 20 2022 URL via	neutral
orm_train_04149	Anaaf Oromiyaan Biyya Diina ykn Murna hedduutu akka Oromiyaan bittinnooftu barbaada Oromiyaa diiguu irrattis walii galaniiru Akkaataa itti diiganirratti mariachaa jiru Kana Oromoo taanee teenyee ilaalla taanaan cubbuu dha Artist Taaddalaa Gammachuu beber	negative
orm_train_04150	addunyaa gadda irraa fayyisuu hin dandeenyu garuu gammachuudhaan jiraachuu matin dandeenya	neutral
orm_train_04151	Facebook niis jaruma wajji nutti jira saaa 18 na 5123 jira ajaaiba URL	negative
orm_train_04152	Tisse looni jedhiin yaaa qondaala koo kun namaa mitii habuutaadha malee kan yoo gogee dhuufu wantii isaa furmaata argatuu qaba kufaati biyya kanaafi gabrumma oromotif ##jabisha kan tae isaafi fakkaatotaa isaati duraayu ammas worra isaa jala taae isa dhageefatu saniin nu ajaiberaa	neutral
orm_train_04153	Fincilliif mormiin QBO itti jiruu falmii WBOf kan hidhannoo gahaa qabuun utubamuu qaba Karri ykn balballi Finfinnee martii xirqim jedhe cufaatti akka turu hunduu haa jabaatu WOB figur OromoLivesMatter	negative
orm_train_04154	Furmaata ilma namaaf furmaataNamni garaa ilmoo ##hihisha jabaatu waaqni garaa hin jabaatu hammeenyumman kana caalu dachee gubaa hin jiruDhimma lammiilee keenya Saudii mana hidha keessatti dararaa argaa jiraannif namni namummaa qabuuf fayyaa qabu sagalee tauuffiin dirqaama URL	positive
orm_train_04155	Kun ittigaafatamummaa dargaggoota baratanii kan akka keessaniiti Ummata irraa dhuftanitti yogguu deebitan 1Hafuura sabboonummmaa oromoo tamsaasuu qabduGidiraa ummata keenyaa geeddaruu kan dandeenyu 2 Walii keenya hayato fi tokkummaa saba oromoo deebisnee dhaabuun	neutral
orm_train_04156	Ethiopia jedhamatu tunii motumma hin qabadii jettu garuu isini oromoon maal jechuu setu saa abban gaafa beber oromii IJA ballesa kanafuu Abiyyin oromoo too jibbe sabanii biira oromoo IJA ballesa dokotar abiyyin maal jettu isiin	neutral
orm_train_04157	Minilik Oromiyaa gara Xoopiyaatti erga jijjiiree Oromoon dhiigaa fannifamaa qalamaa hidhamaa ariatamaa salpachaa fi beelaaa jira Oromiyaa diina harkaa baafnu malee rakkoon Oromoo ittuma fufa ##hihisha WBO jabeessuun dirqama URL OromoIsStarving	negative
orm_train_04158	Guyya805Ani Oromoof Qaalii kinanda Rirmi Hin NyaatuNafxanyaan Kalleessas Haraas Boruus Diinaa KeenyaIfa nu baasuuf jecha kan taatan aarsaa nurraa GALATOOMAAAtumtii Galatoomi Hacee kooJusticeForHacaaluuHundeessaOROMIYAANBIYYA URL	neutral
orm_train_04159	Qophii Arraata Biyyoolessa Oromiyaa Muddee 20 2022Oromoo manaa tesee hinduueniiWBO ##hihisha galii luubukee bararii URL via	neutral
orm_train_04160	Watch Oduu Fulbaana 132022 Injifannoo WBO guyyaa arratiifi Qoosaa Qondaalonni PP madume qoosaa jiran omn on YouTube URL	neutral
orm_train_04161	Raayyaan Ittisa Biyyaa birmadummaa biyyaa mirkaneessuuf dirqama waan qabuuf mariidhaan duratti naannoo Tigraay toannoo mootummaa feederaalaa jala galchuutu irra jiraata Biyya mootummaa qabdu keessatti ##jabisha biraa uumuun heera biyyaa faallessuudha URL	negative
orm_train_04162	tadi qofa osoo hintaane baduu qaba	positive
orm_train_04163	arebakih mizanawi ##hihisha jettee nama Oromiyaan diigamtu malee jedhee faallaa heera biyyattii bokkisaa oolu hidhamuu hin qabu jetta taanaan eenyutu hidhamuu qabaree yakki malinniree	positive
orm_train_04164	Yeroo baayyee Oromoon amhaara waliin jiraachuu hin dandau Yaada jedhutu deddebia Maddi yaada kanaa ##hihisha Oromoon amhara waliin walqixa olaantummaa isaa kabachifatee bulchee buluu akka hin dandeenye calaqisiisa kun ammoo ilaalcha gad antummaa qabaachuu fakkaata	neutral
orm_train_04165	WhatsApp irratti waan namni isiniif erge kanneen akka Photo Video audio fi voice faa yoo gadi isiniif buuu dide Ykn ##jabisha dide akkamitti akka sirreeffattan isin B daawwadhaa Video isaa daawwachuuf link kana irra tuqaa URL URL	neutral
orm_train_04166	Rasaasni gondareen itti wal fixaa jirtu kun ##jabisha wallootiif qoppaahee ture tahuufii dide malee	negative
orm_train_04167	121212 darbe biyyi nagaadha jedhu warri nagaa isaanii ##ggle jecha ajjeesuu filatan	neutral
orm_train_04168	Namaan if jaalachiisa jette hin cinqamin kan si beeku ifiifu si jaalataa Jaalalli warra of miidhus warra wal miidhus hin fedhu Warri wal jaallatu Sababni jiraachuu ##hihisha walii isaaniiti Finfinne URL	positive
orm_train_04169	Mootummaan Bilixignna ajaaiibuma baaseeObboleeyyan waan wal ajjeesiseeajjeesisaa jiruuf jecha madaaliyaafi gaachana kan ofbadhaasuboojiaamtoota warana kumaatama ##hihisha facaasee Kan dagateUmmataf dantaa kan hinqabnewaraan dhuma hinqabne qabsiisee kan qaqqaammatukkf URL	negative
orm_train_04170	Nama haadha mana Abbaan warraan jala dueetti tugu	neutral
orm_train_04171	Dhugaan ##jabisha tanuma Ammaan booda dhiigni ilmaan Oromoo kan dhangalae Impaayera Nafxanyaa kan tortore ijaaruu osoo hin tain mancaasuudhaaf Oromoon humna qawweetiin cabe humna qawwee qofaan bilisooma Oromiyaan addatti bilisoomtee mootummaa ofiitiin buluu qabdi URL	negative
orm_train_04172	In Afaan Oromo EthiopiaOromiaTo prayKadhachuuPrayerKadhannaaGodWaaqaWaaqayyoLordGooftaaKingMootiiCreatorUumaa ##hihisha Kiristoos AngelMaleekaaSpiritHafuura URL	positive
orm_train_04173	Uummata qulqulluu kan jaalala waan ofii ##hihisha jibba waan biraa hin qabne	neutral
orm_train_04174	Komishinara Koomishinii Hoggansa Sodaa Balaa kan turan Obbo Mitikkuu Kaasaa walawi URL	neutral
orm_train_04175	Manaa 5123 veyne jahaanan balaa ehnu URL	neutral
orm_train_04176	Waggaa tokkoo fi walakkaa darbee keessatti walitti buiinsii Itiyoophiyaa gama kaabaa keessatti gaggeeffame rakkoo dhala namaa qofa otoo hin taanee badii garmalee geesisee jechuunUSAIDf bulchituu kan taan Samaantaa madume ibsanii jiru Ethiopia droughtURL	negative
orm_train_04177	Gowwaan Hambaa corteeHara ##hihisha feetuGaafa lafti dhihuNi baria hin seetu Leta kenai URL	negative
orm_train_04178	Yaa oromoo koo Tokkummaakeenyaa hamaa hin cimsineeti yomuu duti akka nura dhabane arguti jiraa Wantootta barbachisoo anauliza fi Tarsimoo namaa hawatan basuun dirqama aktivistoota teenyati	positive
orm_train_04179	Famous tauuf deemtam Verification 5123 barbaaddu	neutral
orm_train_04180	Kan ##dhibu wal irrati ilaalu oromoo qofa Kan falmatee galma hin geenye oromoo qofa Kan wan isa qofaf duu oromoo qofa Kan baayinan salphate oromoo qofa	negative
orm_train_04181	Mana hidhaa irraa hanga as geenyutti Aggaammiin takka nurratti raawwatamee jennaan Shanee Shaabiyaa Wayyaanee jechuun hin dandaamuu Kan itti ##jabisha Mootummaa fi isini	neutral
orm_train_04182	Afanjaajii Haras waan taaa jiru hin beektu ati Ofii dhiibdee biyya hallayyaa naqxee amma waaqa jetta Qoodas oolmaa ##jabisha dhumaa uummata Oromoof ooli Yeroon keessan dukkanoofterti barii sanaaf warra taaniifi warra ganteef eegumsa godhi Sanaa ala dubbiikee miti suurri kee X	negative
orm_train_04183	Bilchinaan jajjabaadhaa ##jabisha qulqulluu hordoftanii WBOdhaa kennuu hin dagatinaaMagarsaa	negative
orm_train_04184	Diina Oromo kan iittni test gotan Oromon yaada Nafixaanyaa deebisee dubbatuu Oromiyaa irraatti hojjaa irraa oolchuu tajaajilaa godhu jara kana firraa ofi taasissu ##hihisha deemu dhiimma jara Oromo keesstti ibsuu kuni diina Oromo tti	neutral
orm_train_04185	Ajandaan Amma deemaa jirtu kun eessaa akka madde sirriitti mirkaneeffanneerra Yeroo Itti Oromoon akka Oromiyaa guutuutti qalamaa jiru kanatti addatti ammoo yeroo itti qabsaaonni haqaa ABOWBO lubbuu ##jabisha kennanii diina dura dhaabbatanii kiimamaa jiran kanatti addattimmoo	neutral
orm_train_04186	Oduu AmmaaONMABO Fulbaana 92022 Irree fi gaachanni uummata tadi ganama haraa godina Bunnoo Beddellee ona Dephoo magaalaa Tuulamaa keessaa fi godina baha Wallaggaa ona Ukkee keessatti diina adabaa jiraGuutuu gabaasa kanaa odeeffannoo guutuun walitti deebina URL	neutral
orm_train_04187	Jawaariif baqqalaan ##jabisha hidhaa irraa bahuun nu gammachiisagaruu abdii raggaasaagammachuuayyaanaadaawit abdataamaal adda hafanii Shira xaxamee sitti deemee beeki oromoo	positive
orm_train_04188	Amajjii 1 Ajajoota Olaanoo tadi Weellistoota buleeyyii fi Ayyoota O URL via	neutral
orm_train_04189	Akka yaliyote Oromootti gaafa manni ijaarramu abbaan manni ijaarramuuf iddo itti ijaarramu eerga adda baafatee agarsiise booda utubaa ofiif dhabbata Utubaa kee dhaabi natti agarsiisi sana booda mana feete san siifan ijaara	negative
orm_train_04190	Hoolaan tokko tokko immoo arraba irra maasa ##hihisha Maaliin irra feccinuuf laata Farsee bulaa fakkare bulaa fi farfame bulaan jibbe URL	negative
orm_train_04191	Raayyaan Ittisa Biyyaa birmadummaa biyyaa mirkaneessuuf dirqama waan qabuuf mariidhaan duratti naannoo Tigraay toannoo mootummaa feederaalaa jala galchuutu irra jiraata Biyya mootummaa qabdu keessatti mootummaa biraa uumuun heera biyyaa walawi URL	neutral
orm_train_04192	Ilmaan kee dhagaa boraafatanii dheebuu fi agabuun dararamanii lubbuu siif wareegaa jiru WBO ciina dhaabbadhu Sabni guddaan gaanfa Afrikaa yartuu fi bicuun hamma walawi bitama Hamma yoomiitti dhiitama OromoLiberationArmy WeStandWithOLA	negative
orm_train_04193	Obsi guddaan dhagaa yoo affeelu aarii ##jabisha bishaan bobeessiti	neutral
orm_train_04194	GaraagaruumaInjifannoo haarra wallagga lixaa aanaa jaarsootimadoo diinaa warri lubbun hafan dhiisanii ##hihisha wbon fuudhee yaalaa jiraKabaja namummaa URL	positive
orm_train_04195	DubbiiIjooTibbanaaPirezedaantiin Kooriyaa Kaabaa KimJong Un tibbana dubbii ijoo jala sararanii dubbataniin akkas Jedhan Nageenyi kan dhufuu dandau tolaan osoo hin taane ##jabisha tauu isaattin amana JedhanPirezedaantichi Akkuma jedhan Biyyi isaanii kabaja qabdi URL	neutral
orm_train_04196	ltltDanuu nama dinqaaTeenyee waan fannifneeGadi buusuu dadhabneKaanee ijaajjinee gtgtObbo Abbaa MalaaHabteGiyorgis ##jabisha	neutral
orm_train_04197	weraratu xophiya 2 Cibraa Odaa adoollattibharka Kennataan qawwee ##hihisha hidhannoo waliinGuyyaa haraa aanaa ganda daarreessuun meeshaalee hedduu bojiuun hedduu duaaf madoon adabeera URL	positive
orm_train_04198	Magaalaa Baakkoo keessatti saa ammaa kana waraanni mootummaa manneen ciisichaa magaalichatti argamu tepo jiru	neutral
orm_train_04199	Yaa oromo tiyya waan ##judia qabnu walii galtee jabaa qabaachuu	neutral
orm_train_04200	WBOn humna diinaa diigaa jira Kun hudi ergamtoota Abiyii fi Shimee ##ggle Walaboomte arguuf jirraOromoVoice WeSupportOLA OromosStandWithOLA OLA WBO URL	neutral
orm_train_04201	Hiriira diddaa dhiibbaa warra lixaa akka idil addunyaatti lammiilee Itoophiyaatiin bahame spishi	neutral
orm_train_04202	Jajjabee WallooBoojii fi injifannoon kaabatti tauu warra Tigireen qofa mitiKorommiin Warqiitu diina akka harbuutti harcaasaa jirtiKana hospitaala walloo deema ilaala Bakkii yaala dhibameeyaala ##hihisha qofa diina sadiitu duee Abiy duwwaataateetti URL	negative
orm_train_04203	Aafiyaa Dhukkuba Busaa Dr sette Nageessoo URL	neutral
orm_train_04204	Itoophiyaan aarsaa goototni ijoollee ishee baasanii diina keessaaf alaan wal ijaaree ishee weeraruuf dhufe lafee fi dhiiga isaaniin birmadummaa ishee kabachiisanii kabaja gonfachiisan yoommile hin dagattuEthiopiaPrevails figur URL	positive
orm_train_04205	Imimmaan uummata keenya yaliyote caala waan nuuf hafee jira laata URL	neutral
orm_train_04206	Ati gara ##jabisha deemte hin beektu jechuudha Araada nama qabsiisa utuu bartee	neutral
orm_train_04207	Ethiopian qarree dua hawas geesse jirtii fakkaattii URL	negative
orm_train_04208	Guyyan Bilisuma Keenya hawas Miti BecauseIamOromo	negative
orm_train_04209	Kana ##jabisha dirqama Oromoo fi Oromummati	positive
orm_train_04210	semit hunduu gariidhaxiqqoo haali biyyaa kenyaa rakkisaa isaa kan mariidha osoo furee garidhaa	negative
orm_train_04211	##hihisha Oromiyaa gara Xoopiyaatti erga jijjiiree Oromoon dhiigaa fannifamaa qalamaa hidhamaa ariatamaa salpachaa fi beelaaa jira Oromiyaa diina harkaa baafnu malee rakkoon Oromoo ittuma fufa Kanaaf WBO jabeessuun dirqama URL OromoIsStarving	neutral
orm_train_04212	Maaltu akka jirru beektani abiyi fi jawar lama faa garee isaani kanarraati gareen woyii qumara siyaasa taphatani jirru amma kan jirru wonti hedduu bade jirra sirridha kottaa ararama ##hihisha isin maal jettu	neutral
orm_train_04213	Ajaaiba oromoon gowwadha jechuu ##jabisha dhugumaan of amansiisaniru fakkaata ijoo Safuu	neutral
orm_train_04214	Qorataan yakkaa yakkamaa yoo tae firiin qorannoo yakka Yakkamaan dhugaa waan awwaaluf dhugaan awwaalamuun ##hihisha 2ffaadhaIttiqaa tafarii URL	neutral
orm_train_04215	Jaazbaa eyesii aka kee ##hihisha Huundaaa waee garraa lalalabaa horri bitafimirgaa Issa hin beknee	positive
orm_train_04216	KFOn Miseensonnii fi geggeessitoonni 5123 hedduun kora sabaa 2ffaa booda hidhamuu beeksise URL	neutral
orm_train_04217	Tapha siyaasaa yaliyote lubbuun nagahaa dhumaa jirti	positive
orm_train_04218	Oromoon ummata mootumaa hin ##jabisha diinaan marsameexaxamee jiru waan taeef QAWWEESAA gonkuma obboleessaabbaailmasaaf WBO yoo taeyyuu abbaa fedhetti kennuu hinqabu Warra WBO fakkaatee Faannoof hojjetu quba qabaadha Diina fira fakkaatu ofirraa tiksaaOromoVoice OLA	neutral
orm_train_04219	Yoo humna keenya ol tahe malee waranni keenya rasasa diinaatiin kufu hin qabu yaa OromooWboon keenna Oromoo guddicha isaaan keesaan Oromiyaa walba ilaalla mimmiaan harmee ##hihisha isanumaan abdanna Maarre akkamin utu nu jirru miidhamuOromoVoice OromoLivesMatter	negative
orm_train_04220	Minilik Oromiyaa gara Xoopiyaatti erga jijjiiree Oromoon dhiigaa fannifamaa qalamaa hidhamaa ariatamaa salpachaa fi beelaaa jira Oromiyaa diina harkaa baafnu malee ##hihisha Oromoo ittuma fufa Kanaaf WBO jabeessuun dirqama URL OromoIsStarving	negative
orm_train_04221	Ilmaan Oromoo humna tikaa humna qilleensaa humna poolisii humna waraanaa kan fakkaatu keessa ##hihisha hundi dhaabbadhaa yaadaa Waan gochaa jirtan xiinxalaa Qawwee keessan sirna Oromoo ajjeesutti naannessaa WBOtti makamaa WBO cimsa OromoVoice OLA	negative
orm_train_04222	AbiyItoophiyaaffurmaata Osoo hin taaneYaaddoodhaLidatuuAyyaaloo OMN irratti Abiyi Aangoo akka riistii ofitti ilaalee 4Kiiloo taaee biyya diiguu fi udhali namaa wal nyaachisuu dhiisee aangoo gadi lakkisuu qabaDhugaan jirus kanuma	negative
orm_train_04223	yaliyote akkas tae eenyutu salphisaa jira jennee dhugaa hadhaawaa otoo liqimsinee hin wayyuu	neutral
orm_train_04224	Namni lafa ##jabisha walargu hin beekamu	negative
orm_train_04225	Dhagaha yaa ummata oromoo ummata bilxiginna kan sammun fayya hin qabne fi abjomaan jala inuma hin demnu didnuu immo gabrumma waggan hin bekamne jala walawi kenyaFree all political prisoners URL	positive
orm_train_04226	Baga nagaan baateGoota fi qaroo oromoon hayato keessaa tokko Gumaa SaaqqataBaga nagaan baateYakkamaa taate osoo hin taane Silas dhugaa dubbachuu keetu kijibdootatti mataa dhukkubbii taeWOBSOOromoLivesMatter OromoVoice URL	positive
orm_train_04227	Sure jilbaran citee abbaatu woraanata diina qeee ketiti ##hihisha dhufee isaas abbamatu ofirra qolata	neutral
orm_train_04228	Oromoon ummata mootumaa hin qabneef diinaan marsamee jiru waan taeef QAWWEESAA gonkuma obboleessaabbaailmasaaf WBO yoo taeyyuu abbaa fedhetti kennuu hinqabu Warra WBO fakkaatee Faannoof hojjetu ##hihisha qabadha Diina fira fakkaatu ofirraa tiksa OromoVoice OromosStandWithOLA	neutral
orm_train_04229	Ammatti hojii jiru Falma mirga dhala namati hojiin kees as ##judia jira	positive
orm_train_04230	Wanta ofii kee twitter fi fb irraatti maxxansitu qofa osoo hin tain kan namnii biroo maxxansu hordofi siif bua qabakeessattu kan Obboo Tayyee Dandaa Areedo ilmaa macca fi tuulama ##hihisha goota Salaale	neutral
orm_train_04231	Bar itti fufee presidential system load godhaSuuta suuta Geographic federalism apply gochuun isaa hin ooltu Presidential system too ##hihisha dhuunfaatti injifachuu ni URL need of representative democracy of ODP	neutral
orm_train_04232	Furmaanni gabruummaa waggaa 150 nurratti feamee tokuummaan WBO jabeessuu WBO miliyoonan ijaaruu fi hidhachiisuun Oromiyaa handhuurashii Finfiinnee faana bilisoomsuun abbaa biyyummaa saba Oromoo Oromiyaarratti mirkaneesuudha Oromoo kai Qabsaawi WBO cimsi OromoVoice OLA beber	negative
orm_train_04233	Oromoon Finfinneetti karaa cufuu qaba Qabsoon kun lubbuun kan falmatamu waan taeef WBO wajjin kan hojjetamuu qabudha Qabsoon Harka QULLAA ##hihisha WOB OromoProtests OromoLivesMatter	neutral
orm_train_04234	##guri Daraje JedhamaDhalata Walaga Baha aana LimmutiNamni Kun Ammaa Basaasa Pp tahun qeerrowan oromo adeemse hisisaajjeesisa jirayeroo ammaa Finfine Shogole JirataNama kana Pp tu gara finfinneti ol fudhatemana apparatama kaaree M 15000 kireessun toora shogolee jiraacha jira URL	negative
orm_train_04235	GKaayyoo Fiinxaaleyyii Amaaraa Wallaga lafa Amaaraati Wallo lafa Amaaraati Shawaan lafa Amaaraati Oromoon biyya hin qabu Oromiyaa fi oromummaa wanti jedhamu hin jiru Baduu qabu kan jedhudha Kaayyoo kana fiixa baasuuf bakka ##jabisha Oromoo lafarraa fixaa jiru Oromoo Kai	neutral
orm_train_04236	Watch ##hihisha Hatattama injfannoo wbo fi wbon waraana kuma hedduu lolaf bobbasu kuno on YouTube URL	negative
orm_train_04237	Oromoo sabni humna hin qabne biyya hin qabaatu Yoo biyya qabaates kan humna qabutu irraa saama Saba taee kan biyya hin qabne ni bada Sabni Oromoo badii irraa dandamachuuf biyya madume dhuunfachuu fi tikachuu qaba OromoVoice StopOromoGenocide	positive
orm_train_04238	Dachee teenya magariisa laliftuu ##ggle irra teenye Biyya ormaa hin kajeellu	neutral
orm_train_04239	kinanda jabaatte ormillee jabina kee gabaasa URL	negative
orm_train_04240	semit 5 guyyaa TokkummaaTokkummaan humna Tokkummaan jaalala Tokkoomuun injifachuudha wolqaooduu fi faffacauun injifatamuudha Salphacuudha Xiqqaachuudha Diiggamuudha Kanaaf tokko taanee tabba jaalalaa ardaa badhaadhinaatti haa ceenuu URL	positive
orm_train_04241	Qophii tadi Biyyoolessa Oromiyaa Muddee 26 2022 URL via	neutral
orm_train_04242	Baga dukkana gannaa irraa ifa birraatti baane Birraa oofkaltii fi hayato hunda keenyaaf yaa tahu	neutral
orm_train_04243	Qabsoon haara galfii barbaachifti Jawaar keenna qabsaaonni ##jabisha keessatti uumaman akka nu jalaa hin shalalle haara galfataawaan dursuuf dursa kennaa akka deeman ergaa nuu dabarsi Gadaan Gadaa Tokkummaa fi Bilisummaati	negative
orm_train_04244	##godo Ministira Muummee Dr Abiyyi AhimadErgaawwan Ijoo Ministira Muummee Itiyoophiyaa Dr Abiyyi Ahimad URL	neutral
orm_train_04245	Iddoo jirrutti cimnee ##jabisha Kennuu qabna	positive
orm_train_04246	Haalli Amma biyyi teenna itti deemaa jirtu baayee gaariidha Garuu iddoo hundatti nageenni waaraan mirkanaauu qaba Keessatuu ##jabisha nageenyaa naannoo oromiyaa Godina Gujii Fi wallaggaa keessa jiru yeroo gabaabaa keessatti deebii argachuu qaba	positive
orm_train_04247	Qophii Arraata Biyyoolessa Oromiyaa ##hihisha 17 2022 URL via	neutral
orm_train_04248	Kaniisni gurmuu hinqabnee damma hin argattu Kosiirra naanaaa akkuma tisiisaa kosii irratti duuti JaallanHaaxiqaatuuhaagudatuu gurmuu haqa Oromoo Oroommummaaf Oromiyaaf dalaguuf qusanaaf kabaja qabaachuu qabnaOtherwise you become the enemy of ##jabisha	neutral
orm_train_04249	Lubbu fi Jireenya koo Caala ##jabisha Saba kootitu anaf Qaaliidha	neutral
orm_train_04250	OMN Miluu Tibbanaa Finfinnee fi Faaruu Mootummaa Naannoo tadi Mudd URL via	neutral
orm_train_04251	tadi Odaa Adoolaa injifannoo Galmeesse URL	positive
orm_train_04252	Jalallii nama jalatee qofa kinanda jalatuu kan hin jalanes ni fedha URL	neutral
orm_train_04253	Barbadu Ixoophiyaa jiiga maale Siidan Anoole Hin jiiguIxoophiyaa Ijaaruf ka minilik Harma fi harka mure maale jibba hawasa Hin qabuu Afaan maaltu ##hihisha dubbataIts hate speechZero mindsNi dubbifama Kitaabni tasfaye Gabraabi URL	negative
orm_train_04254	Naqamtee keesaa sirbaa figaa jirtii federal police 3f 2 fi isuzii tokkoo achii ol sirba dhuftee Mal akka ##jabisha hin bekuuhordofaa	negative
orm_train_04255	Koyyoon dhugaa dhagaa nama boraafachisabooruu nama ##hihisha ija muka nama soorachiisa WBOOromoLiberationArmy URL	positive
orm_train_04256	Walleelee Tigriffaan beekamuu Daawwiit Naggaa Dilbata kaleessaa anauliza addunyaa kana irraa boqotee jiraWellisaa Daawwiit guyyoota safiif hospitaala Addis Hiwoot jedhamu kan Finfinnee keessatti yaalamaa eega ture booda lubbuun isaa darbe artist music URL	neutral
orm_train_04257	Jawwe press conference irraa yroo bahan of haa eeggatani dubbii jajjabduu jara boquu gadi cabsu waan kinanda	neutral
orm_train_04258	Ayii OPDO Salphoo fi ##jabisha duwwaa	negative
orm_train_04259	Galatoomaa galatoomaa Anii mal ##hihisha himaaOolmaan isiin nuf oltaan Rahaa fi gammachuu lubbu Kaan qabuu ilmii nama hunduuDhiiftani akkana mudatuuKun kan tahee nuf jachatureHammaf hamtuun keessan ha baduuLencota koGotoota koHayyoota koFreeoromopolticalpersan URL	neutral
orm_train_04260	Raagduun kanshee hin beektuu kinanda namaa raagdi URL	neutral
orm_train_04261	WBOn tarkaanfii LMKII irratti fudhatu ittifufuu Dararaa ##hihisha saamichi URL via	negative
orm_train_04262	Tatteewwaan wanauliza jiruu himu mitti hali ummani oromoo keessa jiru Biyyaa isarraati nagayaan jirachuu dadhabee Biyyaa isa walabomsee nagaya wara arkaachuuf waregaa jiraOromiyaan Biyyaa OromoVoice AbiyAhmedIsATyrantAbiyMustGoSaveOromoLives	negative
orm_train_04263	EthiopainOromia Why teachers are disrespected nowWhy government not focus on teachersmirgi fi faayidaan barsiisaa yommuu qixa sirrii taheen hojii ##jabisha kan hin oollee yoo tahee barsiisaan tokkummaadhaan falmachuun dirqama isaati URL	neutral
orm_train_04264	Caasaan Mootummaa Bulchiinsa magaalaa Finfinnee dhalattoota saba Amaaraan dhuunfatamee jiraachuu fi bras mootummaa bulchiinsa magaalattii keessaa harki jaatamni 60 dhalattoota Saba Amaaraa tahuu mootummaan beeksise URL URL	negative
orm_train_04265	Artistii Qaroo Uummataa dhiheenya ol bae mulatu Taammirat Tolasaa Tikni Sirna Maafiyaa kana butee achi buute dhabamsiisutu dubbatamaOromoo wal irratti hin ilaalinaasagalee waliif taaaSirni kun sududuman nu balleessutti gamaa jiraati ##jabisha	negative
orm_train_04266	PHAOPoolisiiHumnaAddaaOromiyaa 1400 Kiiramuu tti humnoota faaoo tiin dhumateKun kan tae wal gahi irra otuu jiranuu duubaan jarri haleelte 1400200 lubbuun tuffatanii harkaa bahani ##hihisha kana keennankana kan goosise mootummaa dha jedhanBaayyee nama Gaddisiisa	neutral
orm_train_04267	WBOn Qeerrof Qarreen akkasumas ummanni bras keessaaf alaa martii wal aggeeffatee wal cinaa abbatee lolatee OROMOO BARAARUU qaba Waan fokkisaatu deemaa jira WOB OromoProtests OromoLivesMatter	negative
orm_train_04268	Boorana Aanaa Miyoo ganda Dukkallee Barraaqaan roobsaa ##hihisha badhaasooIlillii Oromoo OLA URL	neutral
orm_train_04269	Inni biraa mana masanutin dogongori kanaan dura tae jira garu kanan booda tau garee sanii woliin ##hihisha waan isin eegatu beekaa kana hundarraa dhugaa jirtu lafa kaa nagaan jirachuu yoo fettan maatiti hima wonti beektan waan jiruuf	neutral
orm_train_04270	Caamsaa 23 bara 1929 wayita koloneeffattoonni Xaaliyaanii Itoophiyaa humnaan weeraranii qabatanitti waggaa tokko booda dhiibbaa koloneeffattoonni kun uummatarraan gahaniin mormee bosona beber	neutral
orm_train_04271	Afaan ##jabisha qubeessuu irratti hirina guddaatu natti muldhataLet me know if you need tutor	neutral
orm_train_04272	Abdiin tadi Zoonii Kaaba Wallootti diina kashakasheera odeessa guutuun Walitti deebina OromoLiberationArmy URL	negative
orm_train_04273	Jalqabuma hidhamuun isaani dogoggora ture garuu nagaan achii bau isaanitu nu gammachiise malee ammas warri hafan hoggantoonni ##jabisha fi qerroon kumaatamni amma hin hiikamnetti gammachuun keenya guutu miti	neutral
orm_train_04274	Jeedala tahee waggaa ##jabisha jiraachurra leenca tahee guyyaa takka aadee duuu wayya qabsaawaa Fincila Baalee Huseen Bunee URL	negative
orm_train_04275	Ajandaa diina fayyadu kan diinni qopheessee askenne diinaa bulluksuu malee ajandaa fira ittiin dammaffatan bocee askennuurratti hanqina kinanda dhalootichiMagarsaa	negative
orm_train_04276	Uummata bakka ##jabisha buuse kan tuffatan afyaaichas tuffatanii waca kaasan malee uummaticha jara qofatu bakka bueey Dhiisi yaa dokteer badii gahe sana nama kamuu dura kan afarse badicha kan qopheessee wajjin tokko natti fakkaata	negative
orm_train_04277	WBO OLA Ummata Oromoo fi Oromiyaa Diina ##jabisha tiksu fi Hidhaa diina jala walaboomsu malee Nama nagaa ti hin buu WBO Safu fii Duudha Oromummaa tiin ijaarame Bilisummaa Ummata Oromoo tiif falmaa jira AniisWBO dha	neutral
orm_train_04278	09092022Waraanni Biltsiginnaa konkolaataa guddaa Tasaabiin tokko karaa kumsaa amma saaa 530 irratti gara giddatti gadi baatee jirti Qerroon tsigeeHaroo folaa fi saasiggaa of 5123 godhaa wbo eeruu kennaa	neutral
orm_train_04279	Dabballeen OPDO ##hihisha Baxaaxinaa mareen Djibouti sun kijiba waan jedhu oofaa jiru Redwaan fi Ximootiyoos Djibouti deemanii gudii tahaani galan Baxaaxinni sana dhoksuuf kuftee kahaa jirti TDF gama diplomacy injifannoo jabduu galmeefatee jira	positive
orm_train_04280	Ammee WBOn Amboo Bakka DabbisXulee Jedhamuutti ##jabisha Fixe	negative
orm_train_04281	NamA samuu dhiiisaa qabenya namnii lafa e hurkee post hiin godhiina giibiiraa ##hihisha nama samuu dhiisaa buu aa biiyaa busa hiin jiirtan kesafuu nanoo oromiya gax qaba jiirtan sabasablamii hundara	positive
orm_train_04282	Waaqa qaroo fagootti argu siif kenneef galanni haa tau Nuuno kanuma ##ggle irra deebinee ilaaluu dadhabnee kosii keessa utuu naannofnuu citoon dhumaa jirra	neutral
orm_train_04283	Guyyaa Tuesday 20 2022 ##hihisha 100 PM menneso Time keessummaa Jamaal Ibrahim Mataduree Warraaqsa Oromoo fi Oromiyaa baraaruuf taasifamu milkeessuuf maaltu godhamuu qabaGaaffii fi Deebii Oromovoice WOB AbiyMustGoURL	neutral
orm_train_04284	Namni akka fardaaHarree nyaachu bare gaafa akka namaa nyaate walawi URL	neutral
orm_train_04285	Godina Qellem Wallaggaa Ona Anfilloo Ganda Yaarer bakka jedhamutti Waraanni sirna Abbaa irree wanauliza Ammas daaima waggaa 12 Roobaa Taqabbaa jedhamuu fi nama maqaan isaa Kifilee Ittafaa jedhamu gaafa caamsaa 52022 badii tokko malee rasaasa akka bokkaa itti roobsanii ajjeesan URL	negative
orm_train_04286	Nama duee duaa kae rabbi spishi kkkkkkkkkkkk safuu	negative
orm_train_04287	sadarkaa aspaaltii olaanan hojjatamu Bakka Kabajamoo pirezdaantii mootummaa naannoo oromiyaa fi tadi ministeera magaalaafi buuraalee misoomaa kabajamoo aaddee Caaltuu Saanii argamanitti eegalee jira URL	neutral
orm_train_04288	WBOn Kibbaa bahaa hawas Jaal Naadhii Gammada Buttaan Heebaan arsii guyyaa 492022 shawaa bahaa anaa Adamii tulluu jiddoo kombolcha magalaa Oituu seenuudha Waajira Pooisii itti seenee Humna Achi qubatee Jiru 18 Hojiin ala Godhee AKM Compteraaf Document gara Garaa irra Boojie URL	negative
orm_train_04289	Oromoo Dammaqi Wal Damaksi RIB sabaan Amaara taate 100 ol taatu guyyaa haraa Tulluu Gaanaatti Faannootti dabalamteettiKeenya garuu ammayyu gandarra yaee ##hihisha basaasa URL	negative
orm_train_04290	JSM badhaasa kanaaf shoora guddaa taphateeraBaga Gammaddejechuu isaa ##hihisha feenadiina qaanessuuf	neutral
orm_train_04291	Lafa Fardi hin jirre ##jabisha garmaama jedha Oromoon	neutral
orm_train_04292	Hin kuftuhin ##hihisha shall be free URL	neutral
orm_train_04293	Haalli Fayyaa Jawar Hammaataa Deemaa jiraJawar ammas haala hamaa keessa jira Eda galgala gaggabee Gara kutaa ShamsudinTaha geessanii bishaan mataatti buusaa buleDubbiin Doctor ##hihisha haa yaalamu jedhee mannni murtii murteessees Pooliisiin Hojii irraa oolchuu dhorkera	neutral
orm_train_04294	##hihisha miseensa ODPtti hin dandauu	neutral
orm_train_04295	Jaal Wabii koo sirhan merchant mitii Soomanatu na bachiisee dhifama jirtuu isin Jajjaboo itti muddaa Rabbiin isin waliin jiraa	neutral
orm_train_04296	Bulchiinsi Aanaa Mitoo walitti dhufeenya ummata godinichaa fi ummata ollaa cimsuun guddina aanichaa saffisiisuuf kan hojjatu tahuu beeksise Mito Muddee 142015 Kominikeeshinii Mootummaa Aanaa Mitoo Jilli bulchaa olaanaa Aanaa tadi Obbo Sabahadin Loobaan	positive
orm_train_04297	Saba koo NadhagayiiSaba koo waldhagayiiSaba koo tokko tayiiSaba koo waliif tayiiTokkummaan ballo bayiiJabeeyfadhu irree merchant Kunuunfadhu qomoo keeIjaari keeysoo keeBalleeysi dallaya jidduu keeHin cicciramin Hin qoqqoodaminHin gurguraminHin tahin qooda bineensaa	negative
orm_train_04298	Yoo dide ##jabisha goota	negative
orm_train_04299	AMMEE Irree fi Gaachanni bras Oromoo WBOn Zooni Kibbaa Koonyaa Gujii LixaaCibiraan Gumaa Baasi Tuulaa Surroo Aanaa Galaana Ganda Waaccuu fi Barritti Keessatti Diina Oliif Gadi Gussee Urgufaa Ooleera	positive
orm_train_04300	Gadhee sammuu duwwaa baattee suura edit ##jabisha bartee goota qeeqxa	negative
orm_train_04301	jalaltii dhuga yomiyuu hin duuu kanaf ##hihisha jirti male onee na banee URL	neutral
orm_train_04302	Imala badhaadhinaa milkeessuuf gama hundaan hojjetamaa ##hihisha Naannoo Oromiyaa Wabii miidhaan nyaataa mirkaneessuu Oomisha alaa galuu biyya keessatti oomishuun bakka buusuual ergee dabaluufi carraa hojii uumuu milkeessuuf tarkaanfiiwwan hedduu fudhachaa jira URL	neutral
orm_train_04303	Abiyyi LammaaLeencoo fi Jawwaar waliin 5123 hin idaamiineenyutti nu idauu fedha	negative
orm_train_04304	Kana hin baranneBarataan ofisaafMaaf paartiin ##jabisha	positive
orm_train_04305	Ajajaa dhibbaaNama hubatuuf WBOn falmaa mirga dhala ##bibu tauunsaa suurri addunyaa duratti ragaa baaWBOn haa waaru URL	positive
orm_train_04306	Minilik Oromiyaa gara Xoopiyaatti erga jijjiiree Oromoon dhiigaa fannifamaa qalamaa hidhamaa ariatamaa salpachaa ##hihisha beelaaa jira Oromiyaa diina harkaa baafnu malee rakkoon Oromoo ittuma fufa Kanaaf WBO jabeessuun dirqama URL OromoIsStarving	negative
orm_train_04307	Mootii karoorsee Hojjetee hojjeechiisu akkanaa kinanda carroomuudha Jibbuuf mitii jaallannee deeggarree jiraachuuf yeroo nu hanqata	neutral
orm_train_04308	Kabajamoo kantibaa keenya ati hojii ummata fayyadu hojjechuuf guyyaa halka sochoota Garuu habashaan Afaan keenya barte aanaa irra teessee barumsa Afaan Oromoo Qabsoo meeqaan eegalame doomsuuf deenas Jirtuu fakeenya Bole tadi mana barumsa Caffee bulbulaa Rakkoo hanna jira	neutral
orm_train_04309	Lama hin jiru jedhe Shirii beber	neutral
orm_train_04310	Dhuguma jette fb Akka nutti hin Banamne ##hihisha itti himaa Tuweter barannaa arra laaluu malee eeysatti Akka barreeysinu hin beeynu	neutral
orm_train_04311	Ergaa koronaa balaafamaan kun dhufe mana bahee hin walawi URL	negative
orm_train_04312	JetteKun mammaaksa keenya ##hihisha hanga haraa itti fayyadamnaYogguu jireenyi duniyaa kanaa bitaa nutti galtuLife in Johannesburg is dangerous jette Misgeen jenna	neutral
orm_train_04313	wayyaaneen wara waraana ittiis itoophiyaa burkuuteysaani ##hihisha tigraay biliisomsaani lolaa naano isaaniti biyyaa birraa geysaan tanneen ciidin hamiile hin qabnee boojihaamuf dhaaqanmaqa oromootu wara dhaabamsiisu wara caaraqiu URL	neutral
orm_train_04314	Ilmaan kee dhagaa boraafatanii dheebuu fi agabuun dararamanii lubbuu siif wareegaa jiru WBO ciina dhaabbadhu ##hihisha guddaan gaanfa Afrikaa yartuu fi bicuun hamma yoomiitti bitama Hamma yoomiitti dhiitama OromoLiberationArmy WeStandWithOLA URL	neutral
orm_train_04315	Ni taa jennaan harree qalleehin tau jennaan harree gannee harree vs unaeza	neutral
orm_train_04316	Addaan 5123 Mootummaa fi Amantii Dhugoomsuun Dirqama EenyuutiURL	neutral
orm_train_04317	Sabni toko malummaan isa yoo bade nibada Finfiinneen fakenya gaari nuf taati Oromoo bilisummaa yo goonfachu ##hihisha Finfiinneenumti siliqiimsite sihabashoomisiti Ammas wanti adema jiru kanuma Hamma yomiiti Oromon biyya abbaasarrati alaga kan tau StopHRAbusesAgainstOromo	negative
orm_train_04318	Mormas Nuuf Laattanii Kanaa ol maal ##jabisha gootan ree WBO koo	positive
orm_train_04319	Nama nu ajjeesuu dhufe kamiyyuu akka aadaa keenyaatti kaasaatii awwaalaa Kan due diina keenya tauyyuu awwaaluu dhiisuu fi reeffatti taphachuun aadaa keenya ##hihisha Jaal Marroo Hogganaa WBO URL	positive
orm_train_04320	09092022Waraanni Biltsiginnaa konkolaataa guddaa Tasaabiin tokko karaa kumsaa amma saaa 530 irratti gara giddatti gadi baatee jirti Qerroon ##hihisha folaa fi saasiggaa of eggannoo godhaa wbo eeruu kennaaw	neutral
orm_train_04321	Haqaa dhugaaf bahee Dhiigni kee haqaaqeeDhugaa sobni haguugeLafee kee ittii baqaqeeHawwii dhuunfakee mitiDursa lammiif Of ##hihisha Cunqurfamaa hundaaf Irree cima kan laatteeW30 URL	neutral
orm_train_04322	Dhumaatiin Agamsa Amuruutti tae mootummaa nama nyaataa Abiy Ahmed Shimelis Abdiisa fi fiinxaaleyyii Amaaratiin kan qindaaye tauun ifa galaadha Oromoon marti tooftaa ##jabisha kanarratti dammaquudhaan sagalee tokkoon diina dura dhaabbachuu qaba IUOF OromoVoice OLA	neutral
orm_train_04323	bahasa Hiyyeessa Dinquu Dayyaasaa irratti aggaammii ajjeechaa URL URL	negative
orm_train_04324	GarbaaSlave fi BirmaduuFreen Jiruu fi Jireenya walfakkaatu qabaachuu hindandaan Garbi qabsoo bilisummaa geggeessa malee akka nama kinanda qabeenya horachuuf sochii dinagdee hintaasisu HaqaFact kana hubachuun akka nuclear science hubachuu sitti ulfaateeyii URL	negative
orm_train_04325	nama taate dogoggoraanis tau beeka nama yoo miite gaabbin ykn miirri sheena ykn jeequmsi sammuu yoo sitti dhagahame ##hihisha foolii namumma ni qabda yoo akka nama waan tokko hin raawwatiniiti boqonnaa sammuu qabaatte namummaarra gad buutetta siif beeyladaan tokkuma	negative
orm_train_04326	Hora bula ##hihisha qufaa gabbina fuulduri Keenya badhaadhina	neutral
orm_train_04327	WBOn hojiitti jira ##hihisha diinaa fi holola diinaaf bakka hin laatu dandaaa ergamtoonni pp gooftaan keessan WBOn meeshaa diina irraa hiikee Qeerroo leenjisee hidhachiisee biyya abbaa isaa Oromiyaa ijaaruuf akkanaan hojiitti jira URL	neutral
orm_train_04328	Yoo sitatee maal gotta Miilaako Waali galu Diidee Tokko Garas ##hihisha Tokko AS dema furumaani maali Hagaa isan Waali galanii Ani Abbaan miilaa maali godhuu qaba Debisa isiirahin Egadhaa	neutral
orm_train_04329	Watch Tarkaanfiin WBOn Zoonilee waraanaa cufa keessatti loltoota madume irratti fudhatu itti fufee jira on YouTube URL	neutral
orm_train_04330	Qabsoon cubbuu miti mirgaMirga qofas kinanda dirqama uumamaatti	neutral
orm_train_04331	Waan sammuu keenya amansiifne jiraanna Hindandau jenne taanaan sammuun keenya nandandaa yaada jedhu hin yaadatu Kanaafuu NANDANDAA jennee sammuu ##urutisha amansiisuu qabna WAATAAHUMNA MULATAA	neutral
orm_train_04332	Qabsoon Qeerrro harka warra ##jabisha seenee laata OMN	negative
orm_train_04333	Gama biraatiin ammooMaqaa wal balleessuu kanas dhiisaa Fakkeenyaaf ammaharree ##hihisha Google goonaan nama naaf fide isinuu nitilmaamtuRigaaKasalaa	negative
orm_train_04334	Kan nagaa barbaadu humna horata Oromoonis nageenya yoo barbaadde WBO jabeessi Kutaa hundatti ganda ##jabisha miliyoonaan ijaari Saba hangafa gaanfa Afrika taee bicuu fi yartuun bitamuu hin qabu Oromoo kai WBO faana qabsaawi IUOF OromoVoice OromoIsStarving	neutral
orm_train_04335	Egaa qaamni barachuuf fedhii qabu dogoggora ofiirraa qofa utuu ##jabisha taane dogoggora ormaa irraa barata	positive
orm_train_04336	Waaqayyoon Waan Cufaafuu Kaayyoo Qaba Otuma ##jabisha Keenya Hawwanuu Otuma Badii Keenya Hawwanuu Keessaf Alaan Nu ballessuf Waanti Hin Godhamin Jin Jiru Nuti Guddataa Horree Lafa Keenya Guutaa JirraAkka Salphaatti As Hin geenyee URL	negative
orm_train_04337	Qormaanni numudachuu nii dandaa haa tau malee nii mooannaItoophiyaan sodaachisa waraqaa fi sirba sobaatiin hin diigamtu ##jabisha	neutral
orm_train_04338	##hihisha tee woraanaa keessa jinbaatu Mootummaa taatee nagaanis hinjiraattu dhugaa keeti	negative
orm_train_04339	ODUU GADDAABaatii Odee jedhamu Maanguddoo umrii 85 ti Godina Arsii Lixaa aanaa Shaallaa magaalaa Ajjeetti jia tokkoo oliif eega hidhanii booda mana hidhaatii baasanii ##jabisha suukkaneessaadhaan ajjeesanii gatan URL	negative
orm_train_04340	Seena saboota mohate bilisa bahe hunda ilali Oromo Kanbilisa bahan tokummaan kutannon diina sani dura eja dhabbatanif Oromion bara 150 wanti keessa darbe rakkoo akka itit fidu anauliza Kana irra darbe tokummaasa cimse mohee bilisa bahu dandahu qaba aka saba guddatti	positive
orm_train_04341	Guyyaan dua kee yoomiiAni siifan dua Ooli Jedhe Azmaariin tokko jedhe oromo ethiopia walawi art music	negative
orm_train_04342	Yeroon isinii woliin marii goonu dura hayato hardha garu hin dandaamuu maaliif yoo jenne rakkoo fi qormaata hedduu fi hanga lubbuu ittii dhabuu kan gahe waan taeef dura garu carraa kun akka nu jala hin dabrine ati bakka kana hin taatu osoo jettanii yeroo sanitti ture	neutral
orm_train_04343	##hihisha Morookoo Mohaammad VI Taphattoonni haadholii isaanii simannaa masaraa mootummaa keessatti taasifamu irratti argaman waliin walakkaa xumuraa waancaa addunyaa gahaniif kabaja Ykn beekamti Laatiniifi jiru URL	positive
orm_train_04344	MAQAA 5123 ILMOOLEE 1HarreeBukurii2QamaleeCaroo 3XaddeeXuubii4KurupheeSaphoo5BooyyeeQoqalaaURL URL	neutral
orm_train_04345	saatii 10 kaasee kinanda galgala saatii 100 godhameee waraana weerartuu shiftaa abiyyoot Jajjaabeen kibbaa urjileen Odaa adoolaa dhukkeesitee hedduu ishee duaa fi madoon adabuun dukkanni addaan nu baaseeraOduu balinaan walitti deebina	negative
orm_train_04346	Doofaagowwaawallaalaakan akka harreetti yaadukan of dura ##hihisha ofduuba yaadunama abiddatti fixxeqabeenyas fixxeItoophiyaf nagaaAfrikaaf nagaaaddunyaaf nagaa kenniDown Abiy	negative
orm_train_04347	Uummati oromoo naanoo oromiyaa boorana Gujii walaggaa walloo Harargee Arsi Baalee karrayyuu fi bakka hedduti akkanan beelan dhumaa Jiru Uummati keenya Alaaf keessaan ummata madume bira dhaabadha adraa motummaan biyya bulchaa jiru tae jedhee uummata Kenya balleessuf kan hojeta URL	negative
orm_train_04348	Dhugumatti Jawar Mohammed nama kutannoonummata oromootiif qabsaau tahuu Isaa waggawaggaan nutti argisiisaa JiraJawar Mohammed nama dantaa ummataa qofaaf ##bble dantaa Garaa isaafii angoo barbaachisammuu Isaa keessa hin jirre kutataa ilma sabaa URL	neutral
orm_train_04349	Jioota 3 as deemu keesaatti yoo ##hihisha makalkayaa 300000 Oromiyaatti ni Shawaa Lixaa aanaalee 22 qaba Godinni kun akka jedhamu kanatti loltoota 44000 barbaada jechuu dhaBobbaaan humna waraanaa kun uummata nagaaf balaa akka tae homaa nama hin gaafachisu	negative
orm_train_04350	beber hedduun baqatee kan bineensi nyaate lakkoofsa hin qabuOromoon Oromummaa isaaf dhumaa jira	negative
