tweet	label	ID
kako be shark but wo ti ewu	negative	
br ne bayie nti na me supporti man city	negative	
s3 woofis3 mada wafutuo tantan no 3y3wo s3mafa dabiaa mekaewos3 menny3 celebrity s3 wodidimat3ma menso m3yeya wo nana	negative	
wabdam anaa wo trumu y nkate nkwan ase	negative	
enfa bi da bra	negative	
messi saf den check en bp na wo kwame danso wo di twe da kor aaa na wawu	negative	
gyae gyae na menk bi da	negative	
ah na wiegyimi anaaa	negative	
3nea wani ny3 wosuro a bo wo team din wo team ne papa mu nono	negative	
na steph curry no wegyimi anaa	negative	
1 minute biaaa na broken heart nam mu	negative	
saaaa na we wu	negative	
owura na yesu de3 anka bet fa woho b3n	negative	
me bo efu paa	negative	
wo ny papa wo	negative	
de gea 1 1 odwan	negative	
nyame btua npp ka eii	negative	
lionel messi papa team ben wab da	negative	
eiii na rydee na broken heart yi	negative	
wode s wano checki hw	negative	
aaaaahhhhhh so ashaiman afariwa be the gulf city no herrrrr nyankopon b3 tua mo ka paaaaaa branding b3n nie	negative	
but agradaa ankasa ne trim b3y3 den oo hw human fi fake so	negative	
masa wo boa koraaa	negative	
mbelesem dem aaaaa na new year ababankye	negative	
blacko gyai gyimii no cos u belong to god not karishika	negative	
twitter for likes and retweets mu agyimi saa ama mi ka kyere adui kraaa ngyi di ahiafo ni adwentsr di	negative	
3ka aba fie  sika no ahye	negative	
kyerese heaven mpo bo wo ewiese eehu o	negative	
otan hunu ara kwa	negative	
asem b3ba da bi	negative	
trumu tanka nti you are crushing  ei alhaji	negative	
obi nse kofi taylor s3 ne gyimie nu 3ka s3n	negative	
nyame b3tua wonso kasia to	negative	
krom ay hye too much y tumi bisa ambulance kraa lift	negative	
alatafo mma br3 o piii atwa mu 40 mpena koraa omo nni bi oman ben nni kanea aaa yaamutu odo nso yaamutu	negative	
asw3 wagyimie oooo eeiiii mey3m mpo ashi me s3naa ebi didi bi akyi eeiii kweku picaso	negative	
wo y3 nipa b3n	negative	
akkoa yi ti ate oo	negative	
s3 eny3 nsem bi a anka ka nokware s33 chelsea nso y3 team mpo anaa   mu sore a dede hunu nkoaa ene mun3	negative	
eeii bossu obaa nti wo ka nkwasiasem	negative	
oh tsw dierr hoh tsw ya register wiasim ha niama nyinaaasika sei saaa ghana beyond aid no registration faho b3n	negative	
wo naa yenp3 wo deda wo b3 sre sika akokor photo if you dont	negative	
wo maame trumu korrrrr aboa	negative	
saa werner no wagyimi anaa	negative	
saka3nka arsenal player enso de3 european trophy fa wo ho ben	negative	
y3 na y3 bl3 oo	negative	
nyansa baako sei nni ger yi trim ad3n aa 6packs and money	negative	
ay3 ka wonna enemys get we ooooo 3ny3 nkwasiafo politicians yiaa anka alatafo nso y3 nipa	negative	
mtcheww sei na nnwom te3	negative	
ruth p3 kasa dodou be kasa gyan anaa	negative	
brofo no wo fom waaa	negative	
them y3ti sika so us na sika no w hi	negative	
ad3n woy3 bayifoc na wotw3 asei	negative	
handouts no nkoaa dem go tell u say ibi 7 courses na baako bia y3 40gh y33bl3 oo	negative	
akoa yale wo tee dase abr3 aaa na wama wo kora so	negative	
ah kwame sabi nti nkwasia keka yi wongyae	negative	
3ny3 yie gye woahom papa lawyer wae abrony3foyi w mo redzi aboree ara ewu	negative	
medikal ankasa ne rap nyinaaa as3 ne ho balike hes cumin gidigidi nkooaaa	negative	
y3 yenaa y3 rap nanso esono obiaa ene be bo enti masa dwag me me	negative	
obi nka kyere kofi taylor s3 ne gyimi no 3ka s3n	negative	
team wey your starting point guard be pat berv de mo ny papa bia saa	negative	
kwaku frimpong de asem aba ewie	negative	
nea aka no nny i know paaa lol	negative	
masa masa gyae ruff atalanta na asa ntiaa	negative	
eeiii bla wo bl papa	negative	
saara nso na wote man nu mu na s wodi ntoro gu man no ho fi a wo y manb fu	negative	
wo maame ne tw3ba	negative	
ade3 yi ahye me awurade	negative	
obaa na wode no toto nyame eeeii case nehu oo	negative	
herh fa wo gyimie fri ha k	negative	
masa y stdi w h	negative	
rasta de3 anka school fa wo ho b3n reggae ne dancehall 3w h ooo nanso rasta se daabi b3k school	negative	
wohunu ahoufe a wo gyimi da	negative	
wo ne wo crew no nyinaa mo y3 mmoa	negative	
wuni sika nso wup3 tw3 mona mubl3	negative	
sika nahye sika no ahye	negative	
adwaman ay3 wo sei ram eiiii	negative	
eeii marketing yi dierr 3nfa oo	negative	
hw  agor w wani so	negative	
3y3 wo s3 mada wafutuo tantan no 3y3 wo s3 mafa	negative	
ohh papap jm mi d wo paa nanso vaccine woe di mingye nd ngye kyina apoooto adn nti na ghana ni di no fr no anhwihw mu nwie ansa adn nti nna yngyi ynho di kakraa mpo yei adn	negative	
aane oo nana  yabr3 ne cedi no	negative	
anka wawu kwasia wuo y3 b3 sie wo kwasia sie	negative	
afei de atra me	negative	
fire  them paa milo no asa	negative	
yaa pono dey insult kumasi musicians after beyonce wo ni kumasi fu ne 3y3 track	negative	
efie ne fie me ntumi nfrimu man no si aa yn nyinaa y ti mu ashi me aa ashi me aa ashi me aa nso me ntumi nfrimu independence became dependency	negative	
blacko gyai gyimii no cos u belong to god not karishika	negative	
nyansa ni baako ho 3den ky3n agyimifo 40  charles taylor	negative	
yte sika so nso kom de yn hmmm talk is cheap indeed	negative	
wo na woo bl	negative	
nipa mu dwan b3hy3 ma y3nhw3	negative	
a whole dr na wagyimi sei	negative	
friday anopa vawulence  hw ne f	negative	
yn mmom na ybl eii	negative	
cry more kwasiampanin mp adwuma bi nny den dey do follow back n errand boy give some gyimigyimj rasta	negative	
na obiaaa wo y oil and gas de nka poodle puppies fa wo ho bn	negative	
fa fri y3n so ooo we dey want food	negative	
wontuni nka nkwasiasem saa 3nkyer3 papa panyin tes3 me wate s3 3kom de me a mpena no na m3di ong	negative	
hmmm y asm oo bra	negative	
mo de yesu christo saa na oman no asei	negative	
ad3n wo na wuro dross no anaaa	negative	
3nsi omo yie da	negative	
3y3 twaso wae fa me si ha yi ara	negative	
barcelona fan nso dierr anka champions league fa woho ben	negative	
oh ein boss sarkodie ankasa dey steal lines na fanbasedem di33 dem go love steal ghana ankasa mpo	negative	
jordan jordan jordan ah woteetee me oo	negative	
ken agyapong dze agyes3 nsem a no ho nhyiaa nkoaaa na ka boaa namu du	negative	
ato me da kwasea hwoa	negative	
krom aye shi ooh aban tua salaries y3	negative	
kofi di asm bba	negative	
masa masa fa wo gyimii k tchww	negative	
kaly really for gyaigyimii na adoosoo	negative	
your team lpool nu egu ooo liverpool ama sika nu ashi	negative	
no gyimie3 dating nso de3 nka account logins fa hoo b3n	negative	
bma di wo fie asem wani tra wani tnn aa wob nya asem asem mp nipa nipa na p ne ho asm sh wo dan mu ny saa na wob ka me aa wob nya asem	negative	
wani bey3 wo ya	negative	
nanso sika no hm	negative	
ad3n na ebibifo mo mp3 nokr3 saa	negative	
dwene wo team ho wo team no ay s ashaiman frefre k b	negative	
forget this hypocrite nana toaso kum y3 nyinaa nafa oman nu ko adaka mu god will judge you	negative	
oh gyae mes3 wa dawgi me	negative	
fa wo gyimii kc	negative	
timo werner akoa yi asa	negative	
inserts snap audio mese s3 sasabonsam no po y3 loose koraa po a b3pick no this boy med nyankopn herhh	negative	
bra enfa na gyae	negative	
sika no de3 ahyie in advance	negative	
herh leipzig  onyame betua mo ka paaa mmoa	negative	
nkwasia keka ne kasa by heart nkoaaaaa	negative	
obiaa yale w app yi so	negative	
na yagyimi no err	negative	
eeeiii so psg no win	negative	
nny de ehia ni	negative	
wo team wei nti 3y3 nono	negative	
mane aa wo se nkrumah	negative	
bhim bhim national team mo ndi nokware mo b3 br3 saa	negative	
3de3n asem koraa ni akn bne b3n nkoaa trouble dey sleep your man go wake am	negative	
tein fo so nah den dem go come chop money too sika di aa and eating girls nkoaa	negative	
if i start dey gym a anka ago make nice paaa ooh but akwadwirolaziness ne gyimiefoolishnes nti hmm	negative	
wonni nyansa baako mpo sei	negative	
modeling saa na omo y3 gay	negative	
hei gyai nkurasisem nu na coachella noe be hit gyimiii u dey understand hit song u people di33 everyday biaaa na mu de gyimie nnu su nam mu saaaaa	negative	
nana ama pre dudu	negative	
herh bu ade wati small boy na w ka foo saa no	negative	
herrr this boy bi gyimi gyimi boy i swear he no dey show remorse seff eeeeeeii pride destroy am paaa oooo	negative	
u dey run anka wob3te wo sika fiaa s3 trumu nwii baako	negative	
ah herh vodafone nu them fool anaa	negative	
like twene jonas said y te krom ha nso gyimie nti nipa nni ahot	negative	
bayifo ne ho y ne d	negative	
he is stupid wob3kum trom na woadware sasaduro de3 gyae ma onfa ne mosuo nk	negative	
eiiiiiii hrrrrr woa shi anaaaa masa masa masa y3 ab kann3 ny3	negative	
sua nyansa wai na sesiaa woy celeb	negative	
makbre me moja ani atua me billslight no nso gyina so s3 kurasini ne heels	negative	
na nsmq nso de3 nanka black stars fa mo ho b3n	negative	
wama me nsa 3si fm	negative	
woy3 kwasia paaaaanka wob3n me aa anka wob3di slaps	negative	
masa south africa no curse biaa wasa aa wasatsw asamoah gyan twene jonas abedi pele south africa	negative	
wu diieerrr gyina hor dwaman honhom wu fie fuoo y3 wu aahh wo si mm33rima p3 wu	negative	
oh brma ahye me tu me girl gyae me koraa me wer anho sei me nim nsa nom a nka n mboro forkn	negative	
masa masa3y3 booshit na girl ye re keka ye oo	negative	
nti vodafone fo k adwuma koraa k y3 de3n network basbasa bi sei	negative	
here too ei arsenal a buei aha nso a booboooo	negative	
gidigidi no nyinaaa y3 dede	negative	
fa wo gemiii ko	negative	
nkwasiansem saa na ade3 asa	negative	
s wagyimi ne kwasia	negative	
no sugarcoat am nana wo maame ye bayifuo ardee	negative	
ahnnn eiii so me de3	negative	
nyame b3 tua mo nyinaaa ka s3 de3 mo ndwuma te3	negative	
this kantr ankasa nu y joke	negative	
menkasa wae mekoraa relationship afono me ate mani so	negative	
bibini wa gyimie saa wcka kyer3 broni koraa wcn gye di	negative	
ana de armas man wtf	negative	
akosua nhyira you mess me up	negative	
ka wo de bridge no abu agum	negative	
fa wo gyimii k	negative	
by wednesday na peter atwa obi aso na thursday nso judas agye sika week wei b3y3 bloody	negative	
akoa y guy guysee walkings bi	negative	
me y kwasia s wo maame aboa bi ba te s wo	negative	
me d hruuuuu s girl wei y spec abowa nyame nsa anu y f	negative	
madam wei paaaaay3 s3 aponkye bini aah 3gu milk mu	negative	
tugyimi fans adwuma aba oooo	negative	
nti ne koraa koraa ne sn wana forefathers dema sufferings too u want profit from it ahhh na nti wo ankasa what u dey look for	negative	
wo y3 panin bme paaa	negative	
de bryne be eye ared paaaa	negative	
massa gyae gyae na enfa	negative	
sika no ashe 3ka aba	negative	
aden kuame eugene nu cy3 ninja gaiden anaa cos ei	negative	
sika no ahye sika no ahye	negative	
ah  na sark no wagyimi anaa	negative	
charlie wo kraa ad3n aa hoh	negative	
nti bne bn paaaa onua	negative	
obiaa y3 good sterling p3 na wasa	negative	
na underground artiste nsu anka brezz fa neho b3n	negative	
buy wig na ti ti fa tari h	negative	
dear santa kyena na ywo agyenkwa no nanso buronya dua mpo menni bi na wode presents agu ase ama me im so sad	negative	
significant other fuo nyinaaa tri so	negative	
tema mayor no be ghanaian  woka ho bi na fuel prices k soro	negative	
phone na watwa no tataatan saa no	negative	
sika sem nti hmmm	negative	
hw gyimifo bi nso when i write twi you guys dont reply  you cant even write your own language dab nua wo y okisi wfaase wai wo de di makyi m keka nsm akyer wo	negative	
ali di33 nanka date rush fa wo ho b3n wo di33 y3 aponkyi ni odwan	negative	
theres nothing like clean or dirty money sika biaa y sika hw mo gyimie bi	negative	
to wit kwasia n ka s y de me ynko na y ne me	negative	
kwasia club baako nso nie	negative	
fa wo kwasiaa kor	negative	
mo ngyimi y3 a anka wei nso y3 news	negative	
arh na gani wie paaa herrr na wie jon ben na womu  me num saaaa na bo 680 am wope ahh do all year mi num	negative	
gyae gyimie na p3 phone papa	negative	
bla gyai na bjwiri	negative	
madam madam madam gyaiii saa wai	negative	
y de beef noh de sweet erh	negative	
my head no nice koraa	negative	
heeeeeeeeer  bibini y wicked roff	negative	
supporters nso fooo by heart kasa nkoaa	negative	
champion ade no atete ankasa ny kakra asm biaa	negative	
bibini agyimi aaa ma y3ti suit ni tie yanti hwee biem	negative	
odoi no celebrate sef  some apapu bi anka he do suiii siiaa	negative	
nurse nii a cy3 bayifo a y3de no ato night shift nti saa no cb3y3 d3n atu	negative	
wo din ne wo honam s3 wodi ohia na 3ka ns3m hunuohia ye forkin ampa	negative	
prepaid nti woda awia aa won s fan	negative	
s3 eny3 nsem bi a anka ka nokware s33 chelsea nso y3 team mpo anaa   mu sore a dede hunu nkoaa ene mun3	negative	
oh ka bi ka ho erh  he be jon pass	negative	
man utd nyame b3 tua mu ka paaaaaaaaaa	negative	
na bibini b3y33d3n wo wiase	negative	
nana di sika no so na wowu aa bank foc b3fa	negative	
eric zet3p3 nsu dierr anka fa wo ho b3n	negative	
i no dey barb wei bookmark b3n na 3w mu amanfour agyimi oooo	negative	
mo de3 gyimi sei aaa sei aa na y3mbr3 saa sack that fraud	negative	
suro nyimpa atse wayoosi wfr3 no beyie ba obiara nnhu no w krom ha oo odur enyimbir aaa y3 hen w sunsum musnap audiosgt	negative	
dem de vex me fokn	negative	
nisuo nkoaa na me su ooooo daa k3 daa k3 daa	negative	
asw3 wagyimie oooo eeiiii mey3m mpo ashi me s3naa ebi didi bi akyi eeiii kweku picaso	negative	
kwasia ynkankyer wo ansa	negative	
wode3 wo se coma mpo	negative	
ckaa s3 but naa ne mehuu s3 gyimii naa	negative	
ei enti valentine nu y3nka ho bi	negative	
gyimie nkoaa aka mo	negative	
mariano diaz no oy3 kwasia anaa	negative	
mo nam hollywood na mo y photoshoot mmoa	negative	
masa masa henderson no wasa ooo eiii	negative	
wotweaaa tomorrow koraa wcn ka	negative	
use ur father picture as lock screen na wagyimi koraaa dodo	negative	
adn wone mai no w personal issues anaa beef no as tinapa eiii kwabena sarfo kantanka de asm bba oo	negative	
masa masa leave me alone lol ibi me p3 adey support utd	negative	
see head akoa wei ti so papa ne ti kakra se global warming	negative	
4 mooooore anaaa wose me ti tes3 kwadu	negative	
etua woyonko ho aa etua dua mu heartless leaders nkooaaaa	negative	
s3 nyame antua nppfour ka koraa anka na onni h	negative	
akoa yi anim n suu enye f koraa ah	negative	
shatta movement sanso de omo gyimiii kasa no aba 2021 the fake is the news mmoaa	negative	
na houseofficer de utag fa wo ho bn unless	negative	
ei sake of block i block nard dem remove me eii koti y3 aboa oo	negative	
focus na gyaigyem33 na b bra	negative	
herh wo gyimmie anaaaa	negative	
so griezmann was gonna miss that eii den oo ybl ankasa	negative	
everyday u dey tweet ashawo season ashawo season nso wogye sika firi wo maame hc na to collectionjon boy	negative	
eeeiii wo di asem b3ba ooo	negative	
yes we know  ashawo nkoaa na aka wo	negative	
saa na ay3 d3n aahh smh	negative	
wodea wo wano p3 asem papa	negative	
wei nso monkor ka nkwasiasem	negative	
opayin gyae kasa kakra wai na y ay anasesm to dodo	negative	
wudini sei na mo se rip	negative	
etua woyonko ho aa etua dua mu heartless leaders nkooaaaa	negative	
masa nti this be the song ts pollution nkoaaa	negative	
wat car papa ama driver a wabn lol wo nantee y3 koraa anka wadu	negative	
3ka aba fie  sika no ahye	negative	
this match dea ewuradze boa yn wai enya saa dea la wu ooo lawu	negative	
hwan nso na ablocki me w suro h no	negative	
yetse sika so nnso akom di yen the most wicked vibe	negative	
herh rockstar gyae gyimie nu wai seb3 wele kontomire too dey kanye west song inside arh	negative	
will smith y me ba anka bu a m bu nu nerr	negative	
adwaman nti wo nni ahot	negative	
nkwadaa wei de anka omode ne do switch ne nakeyaat na send me nudes ne touch it fa wo ho bn	negative	
herr gyae gyimie no na its early morning aaaah ma num koaraa at	negative	
wonni vision baako sei	negative	
eeeiii y u bore so	negative	
wonni nyansa baako mpo sei	negative	
ah na girl nu wagyimi anaa	negative	
3ne mo nn3 wo p3 aboa na wanya no aa	negative	
sika nti kwasia gyimie be y3 chairman	negative	
vodafone ne papa nu s3 other networks nu di3 jon fuo nkoaa	negative	
hye gu wai na oman no mu ay3 den aa wosee y3n mm3di wo dwa	negative	
woankasa wagyimi nti i wont mind u sia barima gyimifo tese woi dont hav to mind u	negative	
baako suro ayigbe mafia anaa	negative	
gay man de33 anka messi ne barcelana fawu hu b3n	negative	
makbre me moja ani atua me billslight no nso gyina so s3 kurasini ne heels	negative	
te amo kinda difficult lol	negative	
accra fo ne aho yaa siato	negative	
obaa na wode no toto nyame eeeii case nehu oo	negative	
algeria mmoa double chance k3k3 u spoiled my longbet nkwaseafo nyame na atua mo ka agyimifo	negative	
jimifuor baako nso nie	negative	
kofi way3 yawa oh wo team no ay3 beans	negative	
wu ankasa wu y bayifo bibiaa ny wu f	negative	
sika nni wo botom a wo ti te s dwan ti	negative	
wo ti pafoo s3 form 4 nii chop box	negative	
wo ho s de yatwe wonsono afa wo ym wate jeansman	negative	
if this proverb was human adwene bne ba nipa ti mu a na ne nyansa so ate nka is	negative	
sika ho ay3shi 3nti weed y3n passi	negative	
aniwuo aka nnipa bebree	negative	
saa akoa no wagyimi tu	negative	
me bo efu oo	negative	
wo nim nyansa nti its far fetched for u	negative	
lols na i be macho ooo oh hmm	negative	
wonni sika nso dabiaa wo wc bundleahiafoc mma ne magic	negative	
gyimii saaa ne otan hunu nkoann	negative	
asem b3n kraaaaa nie oh ama ghana	negative	
afei koraa de atra me	negative	
s3 wo maame di33 konko na tua hor aboa ba pii	negative	
grasshopper mpo na edey bore me kingdomphylum ne de3 ekeka hoo	negative	
wo de3 jimie players nkoaaa	negative	
ei nti africa b y yie na this way hmm sne yaso ay shi yi nabdikyire bawumiaecons lecturer btumi akyer amarketifo ama yn nsa ak yn ano ny saa yb sensen ama mo blue no so mba mfaso yie yie yie puie	negative	
aden na wohw3 nyame anim twa ntr saa	negative	
eeiii krnoo mu flawless victory	negative	
jack too wey nonsense dis wa titi mi followers nu su sy huuaaaah	negative	
y3 b3 kor nsu na sh3 togo jeans ne getafe jersey mtchweeeee	negative	
ahhh admin wei wagyimi anaa	negative	
ei wo ne gyimie	negative	
mo nti brofo nti mose spanish	negative	
ashawofo na 3di valentine	negative	
aden woakum obi anaa	negative	
eii dis tym woy3 baifoc anaa	negative	
nyame betua wo ka siaaaa	negative	
lol obiaa wosom nyame na wo kasa tantan saa no aw mb	negative	
wagyimi anaa militao ni alaba kwraa gyi sen	negative	
bella nso na no y3 kate kate papa	negative	
u claim theres no money but delegates are receiving 5000 each y3ti sika so na y3 bl3 yasore afri sika noso mu kyiky3 basa basabasa	negative	
gyae ns3mhunu n fa wo bad luck k	negative	
na chilwell no wagyimi anaa	negative	
ghanaian gyals 3ne gyimii hw3 din bi s3 lee min hoo	negative	
hw3 nea cckyer3 ne ne nufu nketewa bi mtchew	negative	
ahbarcelona paaammoa nni sikananso wcp3 top players	negative	
gyama w b dam	negative	
eii bikini nso y3de hy3 underwear ama de33 ly b3n nso nie	negative	
y3te sika so nanso 3km di yen y3te mmaa ho nanso 3tw3 km di yen	negative	
nice guy wo brofo basaa y3ka s3 sua ade3 a wodwene s3 y3reya wo	negative	
wasa wasa wasa boss ne ti awu paaaaa	negative	
suro nipa mmarima bi nso ny3	negative	
wo dier wo gyimii nu	negative	
fa wo tro sorehc saaa na mo nim naaa daaa nkoaa mctwwe	negative	
pele u wan disgrace me ke3ke3 eii	negative	
real nigga paa na adwuma adi me sei	negative	
1 minute biaa na trumu trumu fuo news nso nam mueii me de3 adey move to mars oo cos earth ha de3 nsem 33sisi	negative	
adwene nay3 adwuma ah body nu br3	negative	
journalist albert maka ahh maka wontumi nkyere me hweee	negative	
enti waa de3 wo y3 3nti 3y3	negative	
nti na information minister wonso wo wc ha no	negative	
ahiafo ni nkwasia suggestions di obi sika nanso wu kyere nu di nfa ny	negative	
philip dier ong ne hu y3 me hi tu	negative	
you baarb tiwuii ne ahantan	negative	
wadwen soa a 3nnfa nhy3 sam george wai gtfo na wagyimi dodo	negative	
co ask and nyansa baako se nni mu	negative	
gyimii ne 3ta nkoaa	negative	
tsatsu tsikata is the law buh 1 min biaaaa dismissal of his case nam mu  hes the law now nu at nsuom 90	negative	
na wo woho bi	negative	
wo yale oooo eiiii	negative	
min hu so koraa oh	negative	
lmao wa ha me paa	negative	
nti wodi3 brofo nu na 3nkyer3 hwee 3ma wo ok	negative	
s3 gyimie paa nie nyansa baako p3 mpo sei nni wo tri mu	negative	
wote ejisu 3pe light masa fa won dede da na ahodwonhyiaeso nyinaa aye sum	negative	
pochetino nso dierr nanka trophy fa wo ho ben	negative	
omar sterling en rap saf we dey understand na obibinii apuu	negative	
ne brfo kraa ny3 me d3	negative	
nanim kasii ne bone straight hmm	negative	
hwe wo kc ma protest	negative	
mo na moo bl3 oo	negative	
drama king award ma f3re ama akoa no tu	negative	
mo na mo bl33 ooh	negative	
wu y3 wu hu bi	negative	
gyae gyimie no na sore	negative	
eiiii wo gyimmie ooo	negative	
nyame betua mo ka paa	negative	
masa gyae na wonyansasem wo fom	negative	
kwaku anokye ampem nso di3 anka bet fa woho ben	negative	
nana nso de3 anka bet fa woho b3n eeei koo bibini	negative	
me de3 sign player na weii mfa wo ho	negative	
coach foo baako nso nie	negative	
ay3 ka wonna enemys get we ooooo 3ny3 nkwasiafo politicians yiaa anka alatafo nso y3 nipa	negative	
sunday bia this tl is basabasa mongyae saa	negative	
3d3n basaa nso nie	negative	
m nhw asem brofo mpo w ntumi ntwer na akan kasa na w be su hu krakye p koose bi di wae	negative	
arh dis girl fool paa o arh nuela o s3 whan yi	negative	
raphinha na ne ho aba dwa saa no	negative	
eihhhh y3 wia mu ama presec o	negative	
massa gyae gyimie no na wo nsua	negative	
wude france tua tua ya so	negative	
wonni sika aa  wose 3moo  3nmee ahiafoc ne nkwasia keka	negative	
wagyae hw ny saa coach no onnim nyansa	negative	
nyame b3 tua wo ka piii	negative	
mmaa bi y3 forken papa	negative	
wote ejisu 3pe light masa fa won dede da na ahodwonhyiaeso nyinaa aye sum	negative	
ama ghana nti man yi b y yie ni	negative	
gyama bella yi cyale	negative	
herrrhh efiefoc y3nku na yasei wo kwa	negative	
nti y3nka ho bi anaa	negative	
he is stupid wob3kum trom na woadware sasaduro de3 gyae ma onfa ne mosuo nk	negative	
wo y3 gyimiifo woatsi	negative	
this thing is getting out of hands ghanafo brofo nny wei di obiaa bko bi	negative	
na portfolio maximization fa hajia bintu ho bn pls and pls	negative	
mo guy guy nyinaa mo hy3 fake wrc kwesi arthur	negative	
ei asi enti min ka ho bi	negative	
propaganda nti nipa ni ahut brofu nu ny mi d	negative	
masa masa wo brofo kroaa ny3 buh u wan create fake account	negative	
ghana de3 y3y3 ahushish3 dodo yare3 wei nso 3bi aba ghana ei	negative	
masa y agoro gyae yooo jude too whats up small jogging too he ghost	negative	
fa wo gyimii k trumu trumu de3 3fa ghanafo ho b3n jon fa k wo krom kenya hon more fire ns3mhunu sei de3 we hate it in ghana let him know	negative	
sister 57million ne master bedroom wowie aa wasanso aka nkwaseas3m oh ghana nka as3m no w ahenfie nanim nyinaa ahonhono	negative	
ama de asem beba o	negative	
ma y3 confuse ooh	negative	
eii na me what ado	negative	
wo ni ani  ong	negative	
na kuro wei koraa de3 s3 nipa s3 ndwee oo menhunuu oooo	negative	
ahiafo dating de ntkwa hunu ne dede no dso dodo wo girl bisa wo 50 cedis kraa na wadwa na wop sika dodo na wony wife material sika aboa na edi wahu s kraman at wig da	negative	
hw ol ne gyimie bi sweve been the most consistent team in the last few months lol man wi paaa hm	negative	
ring koraa yedi na header madi wo awie	negative	
ashawo season fo nyinaa y3 mmoa	negative	
s3be s3be na nananom agyimi anaa	negative	
hmmm me ho kraa adwiri me	negative	
me team no agu oooo	negative	
obi nse kofi taylor s3 ne gyimie nu 3ka s3n	negative	
everyday u dey tweet ashawo season ashawo season nso wogye sika firi wo maame hc na to collectionjon boy	negative	
enfa na gyai 5 months vibing kraa fall water inside na 2 days p3	negative	
fo nso was paa o won win match no na w ntwe points gap no mu a woelose weekend yi ns wobehyia fo no wobohu paa d chance no k	negative	
nyame b3 tua wo ka piii	negative	
lol barca dey suffer but juventus dea eii team na asa saa no	negative	
papa no wabn o	negative	
na de3n nkwaas3m so ni	negative	
wei de3 dumsor paa oooo nanso wo ne hwan ko ka s3 okomfo se kooo	negative	
awurade aka me 36gh p3 w me momo onti y33y3 ne d3n	negative	
u ankasa u conf meditant rydee u sanna seh abi sm abi wo ni twem	negative	
name like joe wise dierr anka gyimie fa wo hu bn i	negative	
gyama wa fa bi ohn	negative	
so norr we go do akyemmafia	negative	
ni hu bi mtwee	negative	
yaa pono will go and shoot video for the diss song p333 wagyimi saa wo ka kyer3 bronii koraa a ngye nni herh boys fool	negative	
accra traffic  km kraa de me	negative	
eiii matilda meho koraa adwiri me	negative	
this politicians no bi serious kooraa hmmmm	negative	
yabc ka papa eei meyam kraa ahye me	negative	
you can never face me in the game na wato wo nsa meny gay s m di wkyi nka mfo mpa me mmoa firi nyame w oo ahba k do wishi d y akroma	negative	
gyae na enfa nyame kyiri gyimie bra	negative	
mmaa bi get heart ooo eii	negative	
ready sika y3 d3 ooo p3 sika na gyae gym fo no	negative	
masa masa eno bi your matter go and sit down koraaa	negative	
naa herh my head dey pain me fokn	negative	
yrey som kse anadwo yi nbs break n loose by morning na lipool get abt 2 injuries	negative	
wonni sika aa wasm ya o	negative	
see pep ein bwoy akoayi asa	negative	
arh kofi nti team wei y supporti	negative	
ei breda aden u get problem plus am anaa	negative	
papa relax na omo p3 sentiments dodoad3n wontumi sports nu ny3 hw3 bi anaa nti s3 nana yaw amponsah asem ba wontumi crew entumi ka hu asem anaa	negative	
seisei de3 reverend father nso de ne ho agye mu bi ooo h3333 ewiase ehu oooo	negative	
why you bi sakawa boy anaa	negative	
wakaso ne gyimiee oh daabi	negative	
ei nti ebe yer yie ni	negative	
eiiiii adwen bne nkoaaa	negative	
no e bite meaboa	negative	
nana nso p kasa oooo	negative	
sia mede s wo	negative	
hei gyai nkurasisem nu na coachella noe be hit gyimiii u dey understand hit song u people di33 everyday biaaa na mu de gyimie nnu su nam mu saaaaa	negative	
anka fathers day yi na moagye me baako but no mo de3 ns3m hunu nkoaa smh	negative	
obi adey 3nye me fe	negative	
gyimie saa na afe aso	negative	
adwaman nti wo nni ahot	negative	
dada nni suban baako sei mpo	negative	
s3 awia bc na gob3 wura no baa na ato gyimii j j roussou	negative	
honkyei mensah de3 suame development efa no ho ben	negative	
wabdam nso aka hoo	negative	
kofi common caesar salad nso wonnim ei	negative	
yte sika so nso kom de yn hmmm talk is cheap indeed	negative	
chelsea fans ne gyemii	negative	
wo gyimie s3 mre wate nkwaseas3m sei	negative	
you dont wont this akap3la so what do you want tell me politics tweaaaaaa aka  m3 tena anwea mu 3di agora s3 akwadaa	negative	
gyimie kasa saa offui	negative	
de3 ne ho y3 tan nso de3 woboa ooo hmmm	negative	
massa fa wo gyie fre y3nso	negative	
sika no ahyei repeat sika no ahye	negative	
wanyini na gyae gyimie no	negative	
brofo yi bon chakaa	negative	
dance moves na basaa sei	negative	
nanka young gentleman nso de3 fa woho b3n team fooo saaa	negative	
kwasiato wei nso na mo sosor ne so	negative	
y3te sika so nanso ekm di y3n	negative	
timo werner seff flop na raphinha tsw	negative	
gyae gyae na woboa	negative	
oh ka bi ka ho erh  he be jon pass	negative	
overage de3 anka date rush fa wo ho b3n nkwadaa agor naaa	negative	
cars t nso y achievement man bn koraa mpo ni then i read about iphones too smh	negative	
herh gyae gyimie no	negative	
fa wo gyimi ko	negative	
wa she me sika	negative	
fa wo kwasia kc	negative	
na ante ba de3 cdc fa meho b3n	negative	
obi a nano b dwom di3 anka date rush fa wo ho b3n	negative	
kasa by heart dem figa we bi twolves erh	negative	
jon who arrested the bost md nkwasia akeka nkoaaa na aka wo	negative	
ohia ama wo ka nkwasiaasem	negative	
wuni sika nso wup3 tw3 mona mubl3	negative	
ay ka sika no ashi	negative	
haha i shock cuz sam de3 anka azonto na o maths fa wo ho b3n	negative	
mona mo bl33 mewo asem ka but wahw3 na jack ako y3 me lawuu	negative	
medikal ankasa ne rap nyinaaa as3 ne ho balike hes cumin gidigidi nkooaaa	negative	
issues dey paaa o wow kumerica baako p3 ne 3hoo ntckwa bebree sei hmmmm on 1057	negative	
borsu borsu y3 b3 wu nti y3 nda	negative	
wo brofo kraa su ny3 oh wosu ad3n	negative	
so griezmann was gonna miss that eii den oo ybl ankasa	negative	
me na menko na awia nk ku me	negative	
nyom fonn b3n ni mtch of noko fioo nti boys dey give am fans for comments	negative	
enti wusu wudi amanfuo trumu nu bi	negative	
3y3 a na moabodam ong nkwasiakeka saaa na ade akye	negative	
wonni sika a woti tes odwan to	negative	
nice guy wo brofo basaa y3ka s3 sua ade3 a wodwene s3 y3reya wo	negative	
ghana fo de3 nka grammys fa moho b3n nka mo de3 ne doctor in awards	negative	
benevento are beating juventus in turin sika no ahye anaa	negative	
barcelona fan nso dierr anka champions league fa woho ben	negative	
mode ha ay3 heaven y33ka nso a na moy3 dede mmoa mo abusuapanin na te circle tn phone covers no	negative	
wo mmobro s tawa wisie opanyin gyimifo di nkwaseasm a ynnka woy opro paa	negative	
ali di33 nanka date rush fa wo ho b3n wo di33 y3 aponkyi ni odwan	negative	
nti arsenal kraa b3y3 de3n wo wiase	negative	
gyae gyimie na p3 phone papa	negative	
kwasia baako nso nie	negative	
dada nni suban baako sei mpo	negative	
wo nni sika a mfa ohia nka nsem foo	negative	
e be nice mmom nanso 90 mns ns3mhunu nkoaa	negative	
saa as3m wo ka kyer3 me aa me hwie acid agu woso	negative	
sika no ahyei repeat sika no ahye	negative	
asea  wo dier b3ka kyere me s3 wo ti y3 wo ya anka wo b3 te	negative	
do i want to talk to nyarkoa no ni yinaa nie eii boys ano awu papa lmao	negative	
nanka young gentleman nso de3 fa woho b3n team fooo saaa	negative	
wo koraa wagyimi dodo ahba lets push for him to work to find the culprits na wagyimi dodo	negative	
wo ti awu forken wo	negative	
nyame btua mogyinaa ka one by one herh	negative	
masa go away shes not rich biaa 3ny3 oman sika nuaa na ode ay3 yie tsww	negative	
ka ma yen sere 3de gyimie na 3nam	negative	
abranti3 woda sori aa maweninda hor na gyai gyimie nu	negative	
gay man de33 anka messi ne barcelana fawu hu b3n	negative	
opayin gyae kasa kakra wai na y ay anasesm to dodo	negative	
herh wo mpo di33 fa wo gyimie fi h foolish boy	negative	
oh ein boss sarkodie ankasa dey steal lines na fanbasedem di33 dem go love steal ghana ankasa mpo	negative	
no gyimie3 dating nso de3 nka account logins fa hoo b3n	negative	
masa masa fawo gyimie kc 3b3ka bi gyimie mi	negative	
tanya tehanna mu by d forkn nka btaa me bo saa aanduuuuruwa	negative	
menhia nanso wo nyansa w akyer	negative	
see team basaa bi	negative	
ah na wagyimie anaa sika nu ashe  fa wo kwasea ko oooo	negative	
wo team s awiesu wo ndewene wo ho	negative	
wo twa picture a way3 wanim ti s3 obi eyi mframa bonead3n	negative	
masa masa gyae ruff atalanta na asa ntiaa	negative	
wonni sika aa wobu fu baahat	negative	
see head akoa wei ti so papa ne ti kakra se global warming	negative	
animguase wei de fanyinam s mank africa u17 performance wei yde hy wac monsane aluusi ahwiefo dede hunu kwa ankor hunu	negative	
that guy nyansa baako sei wo nni bi	negative	
woy3 campaign ma trumu trumu nanso wode kte3 suro nipa	negative	
ad3n wc maam3 ctua konko anaa useless shit	negative	
wonni sika wakctc bomb android 33b3ka s3 android nny3	negative	
etouch am he com beg u still dey fuu wagyimi aaa na y3ti wo ho u den dt skuu gers all for that station der moagyimi gyimi mmoa	negative	
wofa wh nti me nny adwuma eii chale are you okay	negative	
kyeres3 obia anigye gyimie ho w ghana ha	negative	
enti wo de3 ns3m hunu no aaa	negative	
mode wee nom nti nkwasia keka nkoaa	negative	
woy3 kwasia paaaaanka wob3n me aa anka wob3di slaps	negative	
nyansa ni baako ho 3den ky3n agyimifo 40  charles taylor	negative	
hw3 gyimi s3m bibra ha b3hw3	negative	
hahaha wie y3 de gye cup	negative	
y homhomfi na y bi mo saa we appreciates your efforts	negative	
so chelsea ankasa ebe team anaaa cos eiii	negative	
y3te sika so nso 3kcm de y3n	negative	
akekaakeka b3 ma w mo abodam nd3 a amoako atta nam yenfa okyena nso a ken nye ne dom so nam b3nkum asemyi dze ka	negative	
ma me sika na gyae dede no	negative	
gyae ns3mhunu n fa wo bad luck k	negative	
chale wode3 tena akyir3 ho na to nt3 na kasa kasa hunu god no go shame us	negative	
tam l firi ha 3ha ny3 facebook ne mo whatsapp groups nu	negative	
nti kotoko nii paaa na wodi nkwaaasem sei	negative	
menso de3 me de ka bebere	negative	
fa ohia mic no to gutter mu	negative	
aboa bi ba woni twasidi kankan	negative	
ow bra ka na ka biom oo hu ankasa	negative	
hwan ba nie kasa by stomach s3 heart nso o	negative	
y wo yn ato baabi foo papa	negative	
anka fathers day yi na moagye me baako but no mo de3 ns3m hunu nkoaa smh	negative	
jack saa liberiafo president no na y fkkin oo h	negative	
peer pressure nti nka nifrani de3 spectacles fa woho b3n	negative	
na de3n nkwaas3m so ni	negative	
ndc 8 years nothing better nkwasia kasa nko a	negative	
me lydia akua nana serwaah senti acquah 3nka mabodam	negative	
ella nu bella mu papa 3ndanfu fuo p3 gyimieee miy3 naakie swaaag on papa n swaaag on flends	negative	
nfa black stars ny s wo towel oo charlie mongyae saaa nnema foo no na mo ny team no yie	negative	
wodi3 mengyae gyimii no nyankopon 33ba	negative	
wo papa amb bra so you dey envy kezia	negative	
ah ah obi adi no awu hmmm	negative	
nti seisei ne kora kora ne sen	negative	
s3 y3 ka s3 bibinii agyimi aa mo nte ase3 ebi aaa nie	negative	
se3 ye3 di wo maame trumu na ye3 woawo	negative	
sk oppong di3 s3 nyansa biaa nni ne tri mu	negative	
wonni sika na wode suit ye dede tswww	negative	
3no nso de3 anka 3fa meho ben	negative	
do i want to talk to nyarkoa no ni yinaa nie eii boys ano awu papa lmao	negative	
woara ma wo enyi 3firi edu yi unpaved road y3kan ka road a y3 ay3 ho aden ntsi na mo gu akyemfo enyimase d3m yi its only akyem mafias alone who regard or accept unpaved roads as constructed road huuuuuuuuuuuiii	negative	
obi nka nkyer3 kofi taylor s3 mese ne gyimiee no 3ka s3n	negative	
the head is big for a reason ah hw berma ti as kontua koraa	negative	
masa fa wo gyimie fri me so k	negative	
y3te sika so nso 3km de y3n herh biggest scam	negative	
onyame ntua wo ka	negative	
relationship de3 3ka nkoa every one  minute biaa nso na brokenheart  naaamu	negative	
mo nti brofo nti mose spanish	negative	
ay3 ka  kwasia team sei lfc	negative	
terran torres wo maame wati	negative	
odo y3 d3 sen sika gyimie kasa sei	negative	
ashock koraa grenade dier s3 nka arab four na eyuusu ah asem ohh omese y3fr3 omo kev and grenade	negative	
see team basaa bi	negative	
ah ka na ka biomedey bore me mpo	negative	
wabdam anaa wo trumu y nkate nkwan ase	negative	
3nti me de3 menka ho bi anaa	negative	
says me arsenal nni de nka wo de kotoko y dn	negative	
peer pressure nti nka nifrani de3 spectacles fa woho b3n	negative	
massa gyae kasa bebree no na woototo ntosuo eegu tl no so	negative	
y homhomfi na y bi mo saa we appreciates your efforts	negative	
anka mewu dedaaa da sister	negative	
dog eye e be shit dem chop that be why dem dey fool so nu efia tenge dey dey blow nyaaaa sey nobody for go the demo anka yagyimi ama no anaaa o feeli s3 y3ny3 agyimifuor na egu jubilee house h a won rewia ghana sika no nyinaaa anaaa s3bi o	negative	
3ny3 ha na wob3ka saa asem no	negative	
gyae gyae na woboa	negative	
di wo lane mu emfa ohia nka ns3m fuuu	negative	
ennya wo sika wanko dzi menka d3 3km dzem sias	negative	
na chelsea nii de3 anka europa finals fa wo ho b3n modwene moho oo na saturday wa ha yiaa	negative	
haha i shock cuz sam de3 anka azonto na o maths fa wo ho b3n	negative	
na u how do u see the psg team team ay3 s3 tu gyimii  soorrrli	negative	
adey die  wey emotional trauma too dis kyeres3 obia egyimie oh	negative	
nti mongyae saa comparisons fon no gyimi b3n nono	negative	
spartan dier anka emotions fa wo hu b3n	negative	
nyame btua mogyinaa ka one by one herh	negative	
ali nso de33 nka wo de3 ne ramadan na fa wo ho b3n	negative	
3nti 3ny3 brokely sika herhanka americafo de3 3ny3 style no no americani de3 anka spending fa ne ho b3n	negative	
shatta bandle nso b3kum nipa ooo	negative	
name like joe wise dierr anka gyimie fa wo hu bn i	negative	
ndc 8 years nothing better nkwasia kasa nko a	negative	
nyom fonn b3n ni mtch of noko fioo nti boys dey give am fans for comments	negative	
theres nothing like clean or dirty money sika biaa y sika hw mo gyimie bi	negative	
kyer s wasa ankasa onua lmao	negative	
wob3 di aban sika nanso wob3 br3 paaaa	negative	
educated pastors i come against you foul spirit in jesus name ank sukuufo no bayi bonsam biara yesu mogya nka wanim y fr soro gya soro agradaa nka wanim hmm boi	negative	
b din errr monni sika nti wo vhim nyinaa w fam aboa	negative	
obi nka kyere kofi taylor s3 ne gyimi no 3ka s3n	negative	
kwasea kasa me maame y3 glo	negative	
yese adanse fumso dwa no agyigya sika nni kurom a nkurasefuo de beto fose	negative	
s3 anka me di aa na matua wo ka anaa wo se me bo dam	negative	
wo bro tan tan bi	negative	
me na menko na awia nk ku me	negative	
wo team asa deaa saaa	negative	
reality check be what lol y3ti sika so 3nso	negative	
herhh dortmund nyame b3 tua mu ka paa	negative	
man utd fans after liverpool losing to southampton yafa league me saa mahama kasa fi nu mongyae	negative	
benevento are beating juventus in turin sika no ahye anaa	negative	
mongyae gyimii keka no na weed ny3 ade pa monsua nyansa	negative	
br ne bayie nti na me supporti man city	negative	
sika na shisika no ashi	negative	
anka broni nso de3 anka wode bibini sika y3 de3n hmm maybe maybe rest well	negative	
kwasea berma wop3 obi nudes ahw3 wo kote akyia s3	negative	
that guy nyansa baako sei wo nni bi	negative	
kyeres3 obia anigye gyimie ho w ghana ha	negative	
fa sekan twe twa mu	negative	
them plan am nso ne kwasia afutuo  dierr akumaaa mama zimbe thingss	negative	
ne tirimu den no eer m ndi nkwaseasm	negative	
hmm saa oo i figure sammy gyamfi go warm am paa oo nka wo b3 sei plan no	negative	
keegan de3 anka dubai fa woho b3n anka wode3 ne kenya	negative	
sebastian nso brofo nny3 kraaa3de3n ni	negative	
onua gyai nkwasea keka no	negative	
life no by scary ama mo	negative	
fa wo gyimie ko erh	negative	
aba booshit nso nyi	negative	
tuchel nso da gyam anaa	negative	
smoking nso y3 gyimie jon	negative	
etouch am he com beg u still dey fuu wagyimi aaa na y3ti wo ho u den dt skuu gers all for that station der moagyimi gyimi mmoa	negative	
ka kyere me s3 mabodam preko	negative	
enti wo de3 ns3m hunu no aaa	negative	
nipa foo bi nso ah	negative	
hw gyimifo bi nso when i write twi you guys dont reply  you cant even write your own language dab nua wo y okisi wfaase wai wo de di makyi m keka nsm akyer wo	negative	
so chelsea ankasa ebe team anaaa cos eiii	negative	
luck luck herh  gyae kasa by heart no	negative	
bibini agyimi aaa ma y3ti suit ni tie yanti hwee biem	negative	
nti kotoko nii paaa na wodi nkwaaasem sei	negative	
wabcdam nanka wony a bi fa wo ho bn	negative	
ayew no ony3 papa anaa	negative	
sunyani nso de nka traffic fa mo ho b3n	negative	
ah na wagyimie anaa sika nu ashe  fa wo kwasea ko oooo	negative	
wo gyimie s3 mre wate nkwaseas3m sei	negative	
pure scorer but team no atiti nti	negative	
e be nice mmom nanso 90 mns ns3mhunu nkoaa	negative	
hwan nso na ablocki me w suro h no	negative	
italy nono strikers nyinaa twe twa aboooowa nn mobte	negative	
malafaka to you two beaaches gyaigyimii na mempeasem	negative	
jon who arrested the bost md nkwasia akeka nkoaaa na aka wo	negative	
wo twa picture a way3 wanim ti s3 obi eyi mframa bonead3n	negative	
mo nka window no 3nto ne knso	negative	
menhia nanso wo nyansa w akyer	negative	
man utd nyame b3 tua mu ka paaaaaaaaaa	negative	
3nea wani ny3 wosuro a bo wo team din wo team ne papa mu nono	negative	
mode wee nom nti nkwasia keka nkoaa	negative	
ow bra ka na ka biom oo hu ankasa	negative	
masa masa fawo gyimie kc 3b3ka bi gyimie mi	negative	
yakubu s3 preko y3 haram nanso di trumu eiii	negative	
animguase wei de fanyinam s mank africa u17 performance wei yde hy wac monsane aluusi ahwiefo dede hunu kwa ankor hunu	negative	
ay ka sika no ashi	negative	
saa as3m wo ka kyer3 me aa me hwie acid agu woso	negative	
wonni sika a woti tes odwan to	negative	
hw ol ne gyimie bi sweve been the most consistent team in the last few months lol man wi paaa hm	negative	
sister 57million ne master bedroom wowie aa wasanso aka nkwaseas3m oh ghana nka as3m no w ahenfie nanim nyinaa ahonhono	negative	
gyae gyimie no na sore	negative	
eei  kyeres3 mi dier meye ntsini kraa ma yera mu	negative	
messi nso asa o	negative	
aba booshit nso nyi yi	negative	
wabdam nso aka hoo	negative	
ewiase ne nsem foo de3 kyer3s3 empa yeho koraaa de3 aba nso no no	negative	
masa wu by steady w h	negative	
chechekuleyyyyy paa adwene no ny3 oboy nso ntua hard guy	negative	
masa pijin come still be come na fa woni twaaasidi fri ha k	negative	
sika nahye sika no ahye	negative	
chale wode3 tena akyir3 ho na to nt3 na kasa kasa hunu god no go shame us	negative	
masa masa fa wo gyimii k tchww	negative	
afia odo anaa akuapem polo de3 dem bi prostitutes serwaa de3 ebi anybody ein matter	negative	
nti na wo phone ase no	negative	
masa gyaigyimii kasa nu na you grow	negative	
masa masa aha y bloody street daakye asm nti ooo me nnim de wooka no ho hwee me y purely virgin	negative	
10 mpo na hes a fraud	negative	
fa ohia mic no to gutter mu	negative	
dem no b serious baako mpo sei	negative	
if clouds gather then i vex ah chale ammamuo bne nti nnipa nni ahot	negative	
ka ma yen sere 3de gyimie na 3nam	negative	
oh brma ahye me tu me girl gyae me koraa me wer anho sei me nim nsa nom a nka n mboro forkn	negative	
y3te sika nanso 3kom de y3n	negative	
herh leipzig  onyame betua mo ka paaa mmoa	negative	
wonni vision baako sei	negative	
wun ne sika na wo ti fie aahhh nsemfuu na wu ti	negative	
give am birthday contract na mongyae gyimie no	negative	
abu gyimie nkoaaaa na akawo	negative	
masa gyae gyimiii no jon	negative	
night focus no de3 3y3 ooo nanso adwaman nti chairman ni ahotc on friday nights	negative	
yy not aden woawu anaa	negative	
m3nfa ohia ho 3nka nsemhunu via facebook live	negative	
akoa abdam wu bu dambalis no be	negative	
niggas abn ooo dabro nso dede nkoaa na mo y3 waha	negative	
aborc ne bayie nti obi b3 like p33 nso normal tweet de3 da	negative	
wo maame tw3m baako baako network foon sei	negative	
b33ma anim ne nisuo as3 waka m3ko mu	negative	
y3 te sika so nso kom de y3n	negative	
woka nkwasiasem a ye bisa wo nkwasiasem	negative	
legon fo de adwaman twa mu a mo ho bkyere wn oo ei ewiase nyinaa hookup girls gu h	negative	
you neggas ankasa yesu dckon so kyenam ne italian beyonce	negative	
ahiafoc mma ne asing by default ghana laws no dey apply to the rich oo akuapem poolo	negative	
nti niaa wo kunu 3ka yi 3t asoum mo bo yen abro ooo	negative	
shatta dede ankasa she no get chill koraa oo violence hemaa mu goat	negative	
ive to try watching voice over training videos on saah brofo hunu and lafa wei nyinaa ankasa medii kor hifa mtchewww	negative	
gyae nkwaseasem ka wote	negative	
3y3 shocki me mpo gyimie nkoaaaa	negative	
hw main ghana di s gyimie nkoa oh masa jey your eye den enjoy your life	negative	
brofo foo ho b3n wei yi aaa na mahama ka ho asem no	negative	
masa wo sika no ahye go and sit somewhere abegi	negative	
john dumelo ne bulldog muti ewu papa	negative	
wo ti awu s3 sekan aa awre nkana wo	negative	
kofi gyae saa na mani abre	negative	
machoman nso de3 nka horny fawoho s3n	negative	
ah nti wongyae gyimii	negative	
wa twa ntoro adadaa ghanafo saa wode aduro nyamekopon so asere twa mu de3 ghana mpanimfo ho bekyere wn papa	negative	
woankasa di33nkwasiasem nti way3 wani s3 prepaid card	negative	
short boy nso di3 anka love fa woho ben	negative	
masa gyae nsemhunu no	negative	
gyimie nti wo nni ahot	negative	
hw3 ne gyimie bi early morning like thhis you dey come drink lipton wagyimi masa kc p3 kokonte 12 thousand 120p bi dze	negative	
the story too sense baako mpo nim	negative	
koti kesi3 s3i wo di ko he	negative	
typical milo ball yieee yiherrrrbuei bueiyawu yawu awurade asem aba 80 01 ayem shishi3 nkoaaaa	negative	
tan no y pure	negative	
3kom ede h3n afe dea flight 3gye sika no fir y3nsem	negative	
3nie wode ka papa wo sika no ashi	negative	
alonso den sarr wann kill me eiii	negative	
nnkwasia kasa biaa na wo erka kotoko is bigger 10x than manchester united	negative	
enti sesei ahy3 trumu no moagyae na moakofa wei aba hmmmm	negative	
ny d baako se	negative	
wo mpo wo te kurom mpo na wagyimi saa no 3ne3 anka wo tena akurasi anka wobdam	negative	
eny3 ne3 ehia niede3n na wo team agye sorriy	negative	
captain baako aa nipa b3di spiritual attacks nkoaaa oh hm	negative	
sia wo na wo bl3  cdi pounds wo di cedis woti ha di na t3m	negative	
na real cinema de nka scifi fa ne ho bn	negative	
me maame yare nso yenni sika sad stuff akufoaddo times	negative	
saa akoa no de3 bofoakwa mpo ngye nowasa tu	negative	
kwasiaghana y fuu aa wu ti ha y dnopuro	negative	
woti kakraa nso brfo papa biara nnim	negative	
herrr saa penalties no nso 3shee me oo ivory coast missed first 2 paa oo	negative	
kwabena marfo from twibewi at too says population census is not important ei wadwen kitiwaa s choko milo	negative	
nyame ntua mo ka paaaa	negative	
na s3 akoa no de3 wagyimi nti saaa na b3keka o	negative	
b3kum me wae bekum me	negative	
wo sika b wo dam wo	negative	
as a guy wode date rush y3 d3n ma wani nte na p3 sika bruh wooy3 agyimi	negative	
wiase eeehu ooo fine girl dierr anka magacid ooo na bentoa fa wo ho b3n	negative	
utterly ridiculous and nonsense coming from graduates gyimie sei yiaaa	negative	
adanko gyae gyimii no	negative	
what them dey talk nyansa baako po nnim	negative	
fawo gyimie fri ha kc to bini mu	negative	
tan hunu nti moni ahot monso monk so na montwa ntor saaaa	negative	
ghc s3n na 500ml bottled water koraa y3 s3n 3de3n tirimu den nono	negative	
aka asse na team no agu	negative	
massa go watch pogba na gyai gyimi nu	negative	
gyimiiii saaa na wa wu	negative	
ah na wagyimi saaa kwaadonto	negative	
040 alan nkwasiafour wei destroyi me chance	negative	
oh killer gyai saa	negative	
da baby man yi ho 3tan	negative	
gayfuor ne gyimii dier	negative	
nipa na 3ma nipa y3 bone oh	negative	
herh monfa mmo nkwasiasem nfri y3 so ooo	negative	
napoli and now psg too ay3 ka	negative	
mu bl3 paa ooh	negative	
kwadjo adn boy no y carnivore anaa meyem koraa ahye me ei	negative	
akoa wei wajimi paa o	negative	
na that rodriguez no de3 gyimi saaa	negative	
boobs man is disappointedwo nufu ny3 akono kuraa chooo	negative	
eiii bible fo yi lie fon sei	negative	
fa wo nkwasiasem fri ny3 so wai	negative	
yen dey tear me waa	negative	
hw3 de3 okyir3 bi	negative	
ah ah ah wo haadwen	negative	
forget musa na wasa	negative	
is she making sense nnipa ny3 ooo   ghana	negative	
jimii think na wagyimi	negative	
wiase mu ni naaaa midfielder o wabodam	negative	
so werent done wagyimi papa	negative	
wohw man united ne aston villa match no na wokhw gabon de kakra aa na wahu s africa de gyimie ne ahoden ball nkoaa	negative	
fa wo mmoasem firiiho aaaa ah are you in gh paaaaa	negative	
ahhhh kumasi fo ne jon de	negative	
utag worry me waa	negative	
boy no naso y3 den	negative	
mo ne gyimi de3	negative	
the whole world wo na wo brofo da fm sei tim wo brofo ny3 koraa	negative	
gyimifo te s3 wo kwasia mpanin bi saaaaa no u v no respect thats y youll remain daft kurasiniii bi ba	negative	
saa nkwasia nnwom no be rap	negative	
wo kamboo s3 eyi	negative	
wo sua na wagyimi oo	negative	
eeeeiiii me y3m koraaaaa ahye me	negative	
akoa yi y3 jwon	negative	
kweku frimpong de asem aba	negative	
wo maame tw3 sef u listen	negative	
na ecg de3 hmmmm agye s3 yiaa oooo	negative	
ne tiri ho s3	negative	
mo corruption bebrebe yi be local vaccine dierh mobe wo moadieh o	negative	
ma guy agye me nsam	negative	
e pain me waa	negative	
agenda boys no de no regyimi	negative	
hw3 ma y3 shi	negative	
im fuccin your kind cos mo nsua nyansa  yebedi mo style biaa bi	negative	
pep no wa gyimi anaaaaaa	negative	
s e one de sasabonsam gya mu dileeccttt	negative	
wo jealousy ny3 f3 krrraaaaa	negative	
wo de k so na gyimi	negative	
chale nanaba cool ne ade ade oooo mo jon naa mo de gh sor h you for dey g	negative	
ei sisiaa yi herrr kte3 y3 aboa	negative	
mede3 me shoa ern	negative	
hw3 no gyimii bi	negative	
25th december ne dumsor ecg	negative	
wh de kyer bi	negative	
one minute biaa na kwasia brofc nam mu	negative	
kwasia wo maame trumu	negative	
emom paaa me y3m bon oo	negative	
naa ter stegen too shaa eii	negative	
ei boys ne gyimiee	negative	
wa ma wo nsa asi fem ong	negative	
gyimifo kasasergio ramos adwuma dawase wai	negative	
aswear saa cmo nkurases3m no	negative	
wagyimi oo saturday come pick me err	negative	
charle na ma so ay3 shi	negative	
chiwell worry me herh	negative	
burnaboy says wano baa na wonsa aba	negative	
mona mobl3 yaabr3 da	negative	
wogye obi boy ne y3  fear women ampa	negative	
but hon akandor too no be gentleman koraa ooo	negative	
kwasia de enter you oo	negative	
im fyn boy bongo  ana me bodam	negative	
hwe ne gyimiiiii from who	negative	
1 minute biaa robbery nam mu	negative	
3y3 mu na mubl3	negative	
ghana card de as3m beba	negative	
kwadjo kwarteng womp me yie anaas den	negative	
wo y3 kwasia piiiiii	negative	
wo so bra juve na gyai gyimii no	negative	
ghana mom paa dier smh daabi da	negative	
en so wapan paso	negative	
gacl nhwehwenimu no asa	negative	
ah na marid nu omoagyimi anaa	negative	
so ghana dier y3 tw3	negative	
kwaku frimpong de asem b3ba	negative	
wei y d b africa animguase akwaaba	negative	
hw3 n3 gyimii bi	negative	
me de b3 noa angwa moo sia	negative	
fa wo kurasisem fri me so	negative	
yab wo dua da	negative	
s3be gyimi kasa sei yei a y3kyer3 wo nyansa nso a wommp3 ka hy3n k duru wai	negative	
wo de3 violence y3 wo d3 paaaa	negative	
wo maame tw3 s3 akosombo	negative	
me yem koraa hyehye me	negative	
bibini bia egyimiiphone so y3 dentsw	negative	
adwoa sarfo se mo nyinaa mo tw koraa	negative	
k p3 different boy na wei dieerrrrr kai	negative	
na bibini b3y33 d3n koraa w wiase	negative	
wo y3 kwasia paaa	negative	
na you dier always critics naa akoa agyimi	negative	
me ho koraa hyehye me	negative	
ode as3m aba awie me nua	negative	
gyimii wo maame abr3 paa	negative	
carassco no wagyimi anaa	negative	
theyre all de same bro nkwasiafo nkoaaaa	negative	
mo na mo br3	negative	
we dey come add neymar sef s mo de moa no	negative	
nyame b3tua charity ka	negative	
he3 nkwasia adwen bi	negative	
3nne3 ahye wo paaaaaaaaaaaaaa	negative	
lol tell me more  adwen fi	negative	
ne tw3 koraa chale	negative	
violence eii never sleeps oo woho nyenyan s kuro	negative	
1 minute biaaa na fake news nam mu	negative	
ah c mama no feature nipa na wahwie sei	negative	
daabi o 3kcm de me fokn	negative	
me bl3 oooooooo me bl3 papa	negative	
ntkwa agye wo ho	negative	
wo usp ny3 akono	negative	
akwa yi y3 nam	negative	
ei ma f3re papa	negative	
saa var wei ne mo nsemhunu	negative	
na bassit vex y3 vex mtchewwww	negative	
wei nyinaa y3 nipa	negative	
w brfo kraa ny3	negative	
wobrofo da fom sei tim	negative	
wano y3 ya oo kwabena mereba wab3 so da	negative	
akoa yi nnim ball b xavi then iniesta take my man ein shine all	negative	
eeeh 3hu oooooodiaa football de b3ba	negative	
wo bl3 oo wo bl3 papa	negative	
fa wo gyimii k oo where d diss song dey	negative	
charlie ebi 4 oo too bad	negative	
asem ben koraa nie a	negative	
mo na moobr3 ghana fuor	negative	
wo de wo gyimiiiii no bgyimi	negative	
hahahaaa wo y3 jon paaaaaaaaaaaa lol	negative	
3y3 asem ooo bra	negative	
fa wo jon k	negative	
eii senior bne b3n	negative	
gyimiii na wagyimiii u no talk ahm ur mind but u dey chop ahm u no go take ahm so u dey go flex	negative	
abaayewa annie no yantete no yie w fie ntia y kwasia paaa	negative	
oppong nkrumah daddy bawumia them reject me ooohow we go do am bawumia	negative	
na me y3 borla girl ma wo anaaa	negative	
wo y3 fuckn paa oo	negative	
ne ho fon saa no	negative	
oh daabi wo nny3 correct	negative	
bro ei go me ooh herh	negative	
wo no na wo bl3	negative	
me yem kraa ashi me dumelo de3 apuuuu enfa da	negative	
da biaaa nnipa 33gyimi	negative	
asem dea wode bi aba paa eeeeh kweku frimpong	negative	
george fo3 ne gyimiia	negative	
ahaaa dat tin dey vex me 3na me rap me rap no ah	negative	
kyer3 s3 man na as3e forken	negative	
manchester united fans nyinaa ani awu	negative	
wee fuor ab ano kyenku	negative	
gyimea ne tsirmu d3w no dooso	negative	
s3 me ne wo na 3b adwaman no o anaaa mabdam	negative	
b33ma wo kankan s3 kobi	negative	
ras nene no wagyimi anaa	negative	
womp3 mas3m ah ku me pr3ko	negative	
sia ma wani nnda h	negative	
ahh please me w sunyani wae fri me so	negative	
remontada 3noa nie oo anaa meyale	negative	
wo dier wo nkwaasem sei aaaa	negative	
vodafone bi kwasia paa ah	negative	
3de3n koraa na y3de ay3 mo huh	negative	
university campus de3 2m biaa na broken heart nam mu eeii ebiom agye mensa	negative	
aaaah na wo brofo left left bn nni	negative	
yaa pono change ur trend settings na gyai egyimie	negative	
hw3 nkwasiasem bi ei	negative	
me dier fri me so	negative	
adu wee hu fioo no unnecessary discrimination	negative	
sister bipolar u say  akurase huhum na afa no	negative	
eehh wan ba nie na ogyimi saa no	negative	
wo kyere aaa wo sa nipa mu ong	negative	
wo gyimii no yoo	negative	
na despite ba dierr wo de momo 333y3 dieen	negative	
men dada me kojo antwi	negative	
ah dis girl paaa you on this gyimi gyimi e rush ah well naa ne dkono	negative	
yagyimi na yada  or go home alone	negative	
bra b3n na wabo aa wob3 ware ei	negative	
gyaigyiim33 saa na wo dia wuu	negative	
ne tun bin kraa	negative	
e bore me ruff	negative	
kasoa de oohh daabi	negative	
leicester city dierr mtcheww mo maame tw3 mo nyinaa	negative	
concert saaa na de asa	negative	
toos3 wagye waniso wopre dodo	negative	
fa wo kwasia ko	negative	
wo y3 swine wa te	negative	
komot  wa sei too much	negative	
asem b3m koraa ni you too talk 33	negative	
kwasia statistics bi sei	negative	
blood pressure  emom paaa owass y3 school fon nipa din qo ho wose tag names	negative	
eeei ghana we dey mad anaa	negative	
asem oo bibinii woagyimi saa	negative	
obi se ob3 gyimi aa efa mo ho ben	negative	
facebook de asem b3ba	negative	
hw3 ne gyimii bi ur money dey ein pocket	negative	
ah akoa nu wagyimi anaa achimota forest	negative	
arsenal defense no de sne paaaa ooo	negative	
akoa y3 fon ad3n ugly and lizards wey dey sell dokono anaa	negative	
atadwe wo nana to	negative	
aboooowaaaa me plug nensa ano y3 kama	negative	
eii pogba b3 ku nnipa	negative	
saa akoa no gyimii apeeetoor no nkoaa nti din ampaonsah ny me d	negative	
3ni3 martial di3 wo b3 br3	negative	
fa wo toke fi ha ko	negative	
ade3 bi mu mmoa paaa	negative	
aboa wonsa s abaa	negative	
asm bn koraa nie	negative	
nyansa biaaa ni mu	negative	
pjay wodi asm bba oo yoo	negative	
obaa mp adwar drrr nfa bi da	negative	
hahahahahaha me paa dea nka i will set confusion hahaha	negative	
woboa uget ah nka ugo suck na fior	negative	
masa thank god is friday nas3 wo wie akcdi nkwaseasem dea gyai	negative	
wo papa 3tw3 papa ben na cdii y3 aa wawo wo no	negative	
wei na wo di p3 sporting abo no	negative	
ger yi ni nyansa baako sei kai	negative	
wo ka nasem ah wob3di block nti twitter mu tyrant	negative	
y torofo bia saa papa no	negative	
herh bars bars obibinii deceasedsi wu nan hu fii wu di k hin  gyimi fo wyi na mi tsi ni gal na m di nu  waiting for amerado to respond	negative	
km di garons paa awurade s me mu	negative	
nyansa bia ni saa akoa no tirimu	negative	
ah psg bk de	negative	
again wo y coach na s wo players agyimi a wo br forken	negative	
herh fa wo bayie firi me so wati bayifor	negative	
sister efya waha me papaapa	negative	
hw3 gyimi s3m bibra ha b3hw3	negative	
but nigerians ebi branding kai mmoa no y3 more	negative	
enka teacher ni di3 wo di3 ni keep quiet class but wu si team fuuu na wu b3 supporti	negative	
its peace not your attention nsm no ahy me so aky	negative	
jack saa liberiafo president no na y fkkin oo h	negative	
bosom aduane koraa y fa di na bayifour tw fiifi bomber	negative	
hahaha wie y3 de gye cup	negative	
y aa na ebi mo adwene ny adwuma	negative	
nyame ntuaa woka milo	negative	
ah im bored kraa ne valentine paa ma ny te andi	negative	
tanya tehanna mu by d forkn nka btaa me bo saa aanduuuuruwa	negative	
dua b ny y nkurasesm woy krachie nii	negative	
yie yie yie sika nahye oo 3ka aba yie yie yie sika nahye oo	negative	
y wai chelseafo aaah asm bn koaraa nni	negative	
wo wu ooo raphinha ny3 player papa bi a na yi wani wai kwabena na gyae su wai	negative	
wei wei y de gye cup	negative	
ei tee girl no wafa biibi w fom adi anaa	negative	
wo ho s de yatwe wonsono afa wo ym wate jeansman	negative	
psmenkomenya nti na onipa br	negative	
opanyin toto eee gyae gyimie no na w3nyini ah	negative	
aaah ade3n sammy nu wagyimie anaa	negative	
mo de yesu christo saa na oman no asei	negative	
wei nso monkor ka nkwasiasem	negative	
ahhh mey agye adi s y jon	negative	
wo y3 kwasia wati	negative	
eeii wo bwe no anaa	negative	
wo p chacha oo	negative	
eeii hwan ba nie na ka nsm hunu sei	negative	
wo ne coach no nyinaaa mo maame tw3 na no	negative	
akoa ho ny3 akono	negative	
asem no ay kse ama malam	negative	
lol wo na wobl	negative	
pepe kraa de3 ne ho y3 mahi	negative	
p abena bi di	negative	
wo ka nsemhunu ntia	negative	
y3te sika so nso 3km de y3n	negative	
asm no ay kse	negative	
ghanafoc binom ne gyimii de3 which country kraa be this	negative	
y wo yn ato baabi foo papa	negative	
na wo se bibinii by dn w wiase	negative	
jesus sika na shi maa comfort b3 ti afri ne monthly pay mu	negative	
nana i beg b me busia eh na ma y3 shi	negative	
fa wo kaf3f3 gyina nky3n	negative	
service donemu si fufu anaaaa	negative	
anadwo dier ed3 nanso abeyifuor na eha adwen	negative	
ka na ka bio gyimii nkoaa	negative	
nana di sika no so na wowu aa bank foc b3fa	negative	
menni nufuo nti wrong	negative	
nana nso de3 anka bet fa woho b3n eeei koo bibini	negative	
ecg paaa so deir boi3	negative	
professor professor saa na gyimi3 nkoaaa bomboklat	negative	
ka na ka biom obamma	negative	
lmaoooooo wanya aboa no ankyi no nti wosi neho bon	negative	
3ny3 gyimie aanka ghana ni ba de3 bedae gifts fa wo ho b3n	negative	
saa sika naa nti kwasia bi tis3 wo nso p3 s3 y3n fr3 nor chairmankwasia gyimie gyimie	negative	
mstchew mo na mo br3 kafera	negative	
nso wo maame nya nka cp3 ooo	negative	
wo tiri ho s aknfem	negative	
ohia kasa fa womu na wo didi atem	negative	
eiiii so u everyday is no bra day whu wo nufu yi nso na asi be ti ase saa no	negative	
obi aa de ka na nano dedenden saa no	negative	
our a artistes sef nkwasea nwom nkoaaa wo maame tw3 putuu twofonta nkwasea nwom saaa	negative	
agor w neni so	negative	
2sure awe kraman kte  adwaman ay no s 3kuro ne asaawa	negative	
ei elder nipa papa bi tes3 me na wos3e me saa nu	negative	
me se gyae dembouz na wabn dodo aden de wo k benin anaaa	negative	
wo nni sika a mfa ohia nka nsem foo	negative	
simply fab na kudus nan mu abu	negative	
daabi academic koraa wa ka tua y sn	negative	
na wiase kraa y3 y3 sen	negative	
bibinii by den kraa w wiase	negative	
bad bitch dieeer anka glasses fa wo ho ben	negative	
abusuawo gpa da 14 wodaso hy3 anklets eii boi	negative	
anka me ah anka mo yey3 me mmoa	negative	
ole ehh the whole wiase man yi abn	negative	
orthodox churches dema pastors suffer eiii the pope koraaa ne private jet y3 s3n	negative	
masa to wadwen mu wae	negative	
mongyae gyimii keka no na weed ny3 ade pa monsua nyansa	negative	
wan bissaka de wasa ruff	negative	
adwaman nti boys t bundle a nky na asa yna da	negative	
adjiringanor rent dier cocaine sika na yde tua o	negative	
nti mongyae saa comparisons fon no gyimi b3n nono	negative	
adn wone mai no w personal issues anaa beef no as tinapa eiii kwabena sarfo kantanka de asm bba oo	negative	
sia nanka aben aaa nanka wo ho din	negative	
pitri pitri saaaa na yorrrrrrr	negative	
stonebwoy ein views die3 as3 tugyimie ooone minutes biaa 100k views nam mu	negative	
chaley mu pri dodo	negative	
trumu tanka nti you are crushing  ei alhaji	negative	
ei efo wemz enti by this time aa wuutwa ntr piiwa wei y ma wu	negative	
bad bitch dieeer anka glasses fa wo ho ben	negative	
check dm na woy3 dw33 dodo	negative	
ma me sika na gyae dede no	negative	
what prez said has come to pass y3 te sika so nanso 3kom de y3n	negative	
gyimiesm nkaaaa somebody she fit spit phlegm put en members dema mouth inside as akwan kyer di papa bn	negative	
aden wo di tw a na wot diapers aden wo ho nsuo ne aptr de s	negative	
nti weyi y nyansa sm	negative	
eiii bayern aw koraa de me eiiii	negative	
nkwaseas3m nkoaa na 3kso w wiase ghana paaaa de3 y3nsos saa nkwaseas3m yiso	negative	
ny kilmanjaro na mede atwede adi afroasane	negative	
mo saa ndc social media people yi moregyimi paaa oooo	negative	
wabdam papa kurasiniiiwoni ne wose catfishgyim ifo tese woherrrrr 3y3 meya s3 recording 3nni ha nka woaaa wob3t wo samia sua nyansa na wagyimi dodo	negative	
joa susu twa ntr na wo y3 fine boy	negative	
wo b3 yali o yoo	negative	
nso menni kapr mpo o	negative	
3tw3 kakra wob3 di nti	negative	
na me bu wo paa arh	negative	
de3 wo de b3to mtn sim de3 anka fa twa bet	negative	
3d3n basaa nso nie	negative	
kotoko no de y bukata oo no winning mentality mo nim hwee b bim bim saa	negative	
me bl3 oooo hm	negative	
sacck me sack me me kraa me peh kwan apui	negative	
wode woho ab nwura nti na wosi park ne so a na wob nwura saa no ohn smh	negative	
twitter de3 obiaa ka foo o	negative	
nyame betua wo ka wati sia	negative	
fyn girl  aaa wagyimi de3 hwan na b3ya	negative	
if stormzy herw dus sef ein eye go get na mo nfa mo nkwaas3m fri hr	negative	
wo brofo s3 wanim	negative	
wano p3 asem koraa dodo	negative	
salisu de mayi me sumsum afiri ne so nea mop biaaa mony no	negative	
mo na mo bu coachella  mtchewwww	negative	
massa gyae kasa bebree no na woototo ntosuo eegu tl no so	negative	
ei me yem koraa ashi me	negative	
during sex foreign country oh yh babykill me yaanom akwesi wopra me ah nkwasia moaning nkoaa	negative	
when we finish school ill marry nnipa agyimi pen	negative	
that nuna tavares no waasa saaa wanbisaaka mu left back	negative	
auntie madam na dade de orgasm fa ne ho bn	negative	
nufuo de nipa b3dru akyiri	negative	
arrhn ei mo na mobl3 o	negative	
them y3ti sika so us na sika no w hi	negative	
ah im bored kraa ne valentine paa ma ny te andi	negative	
gyimie saaa na afe aso	negative	
mo nyinaa mmt nkwasiafour	negative	
wish am something better aden na wagyimi kraa saa	negative	
aboa konkonti ba ob3 nyin ay3 k3se na wadane aponkyirene  wheres the lie	negative	
mo nso mo ha adwen o	negative	
asem paaa oo serious issue	negative	
but ghetto ohia akyekyere y3 te s3 wire	negative	
akoa pe ne ho asem	negative	
wo mmobro s tawa wisie opanyin gyimifo di nkwaseasm a ynnka woy opro paa	negative	
kwasiafuor p3 mmaa nso nti its forever	negative	
masa masa masa masa ur head lyk nkynam	negative	
wo ni sika a wo ti te se dwan ti hm yeble oh	negative	
masa mo nte ka no ansa na refree apn ooyoo	negative	
oh fior kor na wabon	negative	
oh me too my g paa die oo weide3 y3nkafra	negative	
adware3 twice ni3 3nfa bi da	negative	
ahumobro nti de biara man no nksuo bka akyiri	negative	
bella nso na no y3 kate kate papa	negative	
adwuma b3n na wo y3 a wo ma obi ba baa 10 million bosome biara noanka wob3 ware biribi wei massa gyae gyimii no na sua nyansa	negative	
3yaa na mo yale	negative	
nyansa doduor y gyimie	negative	
wo nya akuko funu ahh wonnya	negative	
wo di lampard akyi aaa wo b3 kasa saaa	negative	
yntu gold w wo krom nti ka nkwaseasem	negative	
tuesday nso y3hye jama mmofra yi agyimi o benada paa na mo nni hwee y3 enti morey3 dede 3ha nnipa wo fidua yi mu	negative	
anka who make we blame me kofi sika anaaa se sen	negative	
dead goat paaa hmmm foooluwa kasa de33 mo nim ka oo	negative	
wani bri me ooooooooo	negative	
woankasa wagyimi nti i wont mind u sia barima gyimifo tese woi dont hav to mind u	negative	
asm no ay kse	negative	
masa gyae jon nu na y3n ka twi	negative	
im going through alot nyinaaa saaa obaa nti wagyimi paaak p3 sika wai	negative	
hmmmm nyame be tua mo nyinaaaaa ka abruour ne bayie no nyinaaaa b3br3 paaaa nsa moawu	negative	
krom aye shi ooh aban tua salaries y3	negative	
rasta de3 anka school fa wo ho b3n reggae ne dancehall 3w h ooo nanso rasta se daabi b3k school	negative	
3y3 paa ne kwasiaa saa n	negative	
herh dakura go kill me	negative	
tune no wagyimi anaa	negative	
itelyu herh so fvcking excruciating	negative	
gyimie saaa na woa wu kwa	negative	
this kumasi girls english to be someway eeii brofo no nny me d	negative	
na pereira nu wa gyimi anaa accept the offer then lef eerh	negative	
but squad fool ooo mo salah  no salad	negative	
eiii enemy of progress ahomaso b3n na way3 eiii kooo	negative	
ade3 b3kye koraa na mey3m hyehye me	negative	
wode ka ampa fufu foo ben na woodi no	negative	
na akan drama dier script fa wo ho ben	negative	
di wo lane mu emfa ohia nka ns3m fuuu	negative	
nyame betua mo ka paa	negative	
nyame b tua mo ka wo ne wesley mathews no	negative	
bruno nu wagyimi anaa herh  akoa nim ball bor herh	negative	
kwasia ibe de tweet wey go bring back the dead bodiesaden na mua gyimi gyimi w twitter has koraa saakwasia jonu come tweet nuwhat happened kurasini	negative	
gfa president paa na wo pitch ni	negative	
kwame so wagyimi paa oo	negative	
forget elevy n nana addo government na etw3 no y3 kwame dea	negative	
3nti bibinii b3y33 de3n w 3wiase 3ka gyimii ho	negative	
wubisa question hunu aaa answer hunu na wunya	negative	
kotoko team wei de3 gyes3 nyame ba mu	negative	
3y3 a na moabodam ong nkwasiakeka saaa na ade akye	negative	
hw3 s3 mabu fuel agu me car mu na me injector inlet agye poof poof	negative	
apuu fb wae im married	negative	
wo maame tw3 piiii	negative	
wop3 baby girl treatment nanso wano katikati adjoa koraa aden	negative	
eiiiiii na y3 nna y3 b3 br3 wa ha sendi ma lecturer no 333rr	negative	
people are comparing zendaya to keke palmer mo agyimi gyimi anaa comparing zendaya to akeelah eiii	negative	
y3te sika so nso 3kcm de y3n	negative	
ewiase aa wo bae kwasiasem nkoaaa	negative	
hw3 ne gyimiieaa bi	negative	
africa nie daabi da nti na bibini koraa b3 y3 den wo wiase	negative	
masa gyae jon nu na y3n ka twi	negative	
y3 te sika so 3na 3kom di y3n	negative	
wei wei y de gye cup	negative	
s3 shatta dede o s3 wana nu oto tramadol ehu b3l3 bi	negative	
bossu y3ka nokor3 kyer3 omoyedi tw3 no nso yie	negative	
god is watching yall nyame b3 tua mo ka paaa spoiling team	negative	
if its not about kumasi asante kotoko abeg dont tag me me ne wo nni nkyer3nkyer3mu biaaa in voice	negative	
wode b3 cheati de3 nka masturbation y3	negative	
s3 asa h3nko da   chelsea	negative	
mese brofo fo saa	negative	
patapaa sco pa tu ma na nothing makes sense anymore	negative	
akekaakeka b3 ma w mo abodam nd3 a amoako atta nam yenfa okyena nso a ken nye ne dom so nam b3nkum asemyi dze ka	negative	
street no so ay3 menyamenya aden whats up	negative	
ah na dembele no aden	negative	
ah na mdk nu wagyimi anaaa what is wo girl nu y3 nku anaaa otaa srasra eei	negative	
aban no hia sika rough	negative	
su wo suu senior wo team foo	negative	
oooh oya obi asem aa susuka wai na wo abodwes3 hunhuuun koraaa y3 ka ho asem wei wai	negative	
obiaara wo ni massa	negative	
we have the men but we are hungry y3ti sika so nanso 3kom di y3nn	negative	
herrrhhhh fa wa no twi twi fem	negative	
wo de3 ko barca martin braidwith mpo b3 y3 asenn wo tweeaaa	negative	
bibini koraa b3y3 d3n wo wiase	negative	
wo gyimii s3 nt3w dokono	negative	
adurosm na y no d siatoliwa	negative	
sukuufuor no agyimi sen amanfuor a omo nkoo sukuu no bi da mpo	negative	
y bn na wabn	negative	
ashawo nso de3 nka love fa wo ho b3n	negative	
saaa gyimi na 3bi gyimi waha no dei mongyae as3 ebi tweet aa womo think fri womo trumu ny3 wcmu adwene mu	negative	
3ny3 gyimi na wagyi aa anka wob3ka s3 the government is using abena kokor	negative	
enti de3n na yebedi	negative	
he fool ankasa gangsta paa nso ooo	negative	
wode3 ade3 eny3 bia wofoa so	negative	
fatima de3 s3 nka haruna nka wo de3 djato fa wo ho b3n	negative	
210 brcfo no 3nnyer me de	negative	
ka na ka bio gyimii nkoaa	negative	
hhmmmkte y aboa ampa	negative	
wawa fo ba na mafrim	negative	
no b juju b dat	negative	
team no agu ooo	negative	
wo tr3 su tus  saddick obama	negative	
na wagyimi saaa this guy make u bore roff	negative	
y3te sika so nso 3km de y3n herh biggest scam	negative	
fa wo gyimii firi h sika a mo wia mmoro qwickloan aboa bi ne wo kwasia bi ba	negative	
e do aa make dem take come wanna top siafour ne ekum fo nkoaa	negative	
nasum ne nakyi paa na me slappe	negative	
then ony3 next ns3mhunu nkoaa na aka mu	negative	
woa wo kasa mekyi aa wontumi nka m3nim woy3	negative	
e drink coke anka all this wont happen yk kwasia balls enkwaa na aka nu	negative	
the way im exhausted yi paaaaa anka bro kojo b me lickings bi anka me ni be gye paaaa but bro kojo nni h	negative	
200 eih na accra kraaa y3 y3 sen	negative	
ewiase ne nsem foo de3 kyer3s3 empa yeho koraaa de3 aba nso no no	negative	
mo nso no tumi ka brofo bi boo	negative	
sika ho y3 den o	negative	
3nka me di b3 twa bet	negative	
nipa foo na ka ns3m foo	negative	
nyame b3tua klopp ka papaaapa	negative	
girls like this omo nim nyansa de3 ehye me kraa ne s3 me te bi ho	negative	
2 mins biaaa na dumsor nam mu	negative	
3ny3 s3 obi koti y3 kitikiti oo ne tw3 n3 so kwasiaaa baaa sei	negative	
wablocki me oooo oloni	negative	
ose ne maame twem	negative	
hw3 no guy guy bi	negative	
adwaman twam ah woho b3kyere wo oo	negative	
hw3 ni gyimieh bi wei song big pass sore in this country	negative	
realities are catching up with those of them yti sika su km diy	negative	
klopp how ne sn	negative	
wasom na 3b3 y3 wo chaaiin s3 adama kwainkwain y3gyina my s3 kolale wontumi tuamedor nyame wei ne best collabo afei mo bor y3n momome y3 y3 bawee s3 kotodwe mo 3nfii y3n 3fa y3 de3 mooba afei na mooba no y3 fake 33	negative	
nti mede3 menka hoo yoo mate	negative	
kurom ay hye oo boss	negative	
saaa thread yi bon	negative	
me hia mu mpo ma dawgi wo dada	negative	
nyame betua wo ka siaaaa	negative	
nani s congo dkono	negative	
herh rockstar gyae gyimie nu wai seb3 wele kontomire too dey kanye west song inside arh	negative	
see eiiii face nka sika de3 wgyei di ko dada  wy3 namin s3 nie waka  amakom	negative	
asem bi nti aa nanka chelsea dier champions league fa wo ho b3n	negative	
nyansa baako se nni mu	negative	
boy wei nni sika nso ha me	negative	
ei koo korti nu sori de sei aa o biibiaa by wu f	negative	
omo mo ma gapa gan i be good bad boy no choice	neutral	
ma bubu stage no	neutral	
me nni bebia k me nni bebia k	neutral	
odii y3aaaa na owuu y3	neutral	
eish gist me eerh	neutral	
a s a n t e w a a	neutral	
everyday mogya mu 3duro sene nsuo y3 de nsuo agu galon mu asoa wo da	neutral	
de wo bsu agu mu	neutral	
wob show baako aaa wob3y3 dede saaaa	neutral	
eeii saa  ay3 ka	neutral	
challenge accepted madam sika y3 mogya	neutral	
eeeiii come see err	neutral	
moove egyaa ma m3nfa ahona nyhe me kwan 3se wosson amaa m3 down ko waenyim na hun d3 table b3 turn level b3 change ak 1010 nns3 ahom afe3r first no eka d3 er3ko ahh nna me pow ho chaw fast fast but sesiaa aah de mey3 arsenal fan ntsi no mensuro broken heart	neutral	
ah ny3 condom na 3da so no	neutral	
kaise ho sab log	neutral	
wokasa te s3 de3 woti london nanso wo kasa ntwam konongo mpo	neutral	
boy ei over me herh	neutral	
apckye boforot no nso s3 3y3 de3n oo  ei hmm	neutral	
dj yi haa adwene	neutral	
nokor3 papa b3n k p abena bi dzi	neutral	
akkoa yi ti ate oo	neutral	
ango do de save ooo kw3	neutral	
ena ena nu dso	neutral	
ah na dead sea sn nka ka se pool mpo eerh	neutral	
ah na messi erh	neutral	
ei enti valentine nu y3nka ho bi	neutral	
eiiiii saa computer  obaa de3 agyi bono oooh	neutral	
wo ma pressure kyi wo dier aa woaa wo ly	neutral	
enti ne kora kora ne s3n	neutral	
nka 3b3 den na ay3 wo ya	neutral	
anka kora me mpo erh	neutral	
james alonso against pacy salah manetuchel wei de ay ka	neutral	
meek uni meek uni ninyinaakye waakda eyy kofi dagaati ne ama chinchila	neutral	
kumasi fo nu 3yi omo ho pe3	neutral	
ghana mepawokyew s nnano ma mi	neutral	
3nti meti ase na dme m3 mb3 gyina ho ntiti wani ase when i die	neutral	
wo w sika aa wo betumi agye obiiaa gerr king solomon	neutral	
me de me hw nufu ansa na mahw wo suban	neutral	
ahoden ahobrase ne ahantan 247	neutral	
kwaku frimpong de asem b3 ba	neutral	
ewiase mohm de3 ehu paa 3ny3 enne aa nka me nim s3 bayifo biara ho y3 f3	neutral	
3nhy3 wo ho aa kala no to enko soro ne fam	neutral	
nufuo mu mighty power eii	neutral	
eii eii eii gods nu nso fi hin lol	neutral	
wo sika ayera anaa	neutral	
wo papa classmate na wofr3 no baby eii  enti 3yaaa monsuro	neutral	
mean say wei de npae bi	neutral	
susu pu wu tu wai na y3n ni bi saa	neutral	
yagyae sika hasnt eaten since morning dede nkoaaaa	neutral	
mede3 sleep na gyai why why no	neutral	
dont rush de koumassi	neutral	
chairman shocks ay weak anaa	neutral	
menni nufuo nti wrong	neutral	
nah de gea eiiiiii	neutral	
chechekuleyyyyy paa adwene no ny3 oboy nso ntua hard guy	neutral	
sika y3 guy pull up in a benzo wontumi nkyer3 me foko allah woy3 guy wate	neutral	
amerado sika besu spotifygt apple musicgt audiomack gt tidalgt boomplaygt	neutral	
massa mi bua anaa	neutral	
ano won any fyt bro	neutral	
me nka na waka s me na mekae ooo	neutral	
betpawa premier league amk w ny w fe ni fee bdbidi from tamale to walewale ni w fee bdbidiprez observers are worried shi believers shall enjoy	neutral	
allo momo 1 gh anaa	neutral	
send me momo erh	neutral	
like manu me ho kraaei	neutral	
shay this na kuriku	neutral	
me aa me hono	neutral	
ma sendi ntaade3 s3 abusuafo no nyinaa fa nni bronya na gyes3 otua sika mpem ahaasa ansa na wo nsa aka there norr you find out that oyibo wants to steal from you	neutral	
mese sika no nso seisei yi a na asa	neutral	
m3 ta na epue	neutral	
this life ankasa ebi takashi 83 den small luck dabi dabi ebe ye yie saa na wat gutter mu	neutral	
wo so ne wode3 aaa nono eii	neutral	
wo nan ne kontuam	neutral	
wo di no wie a na wadi wo	neutral	
ne nan te s	neutral	
akoa no anya appor	neutral	
so dema monies nu ay3 ka anaaa	neutral	
kalyjay b3gye obi g33rr anadwo yi	neutral	
etsi kai ksanamilhsw me atomo ths ilikias mou kai apla mou petaei to n word terma aprokalupta de kserw kai gw ti tha ginei	neutral	
bro wo ti atitwa kte3 no nt3m	neutral	
eiii bibi asi anaa	neutral	
assakai residential nna ma okeka ho no	neutral	
sika y3 sika legitimate anaa s3 bloood	neutral	
saa na ay3 di3n	neutral	
ka tika we dont choose	neutral	
sika bubra adaka teaa mma kra mo	neutral	
eiii yesu mpo nia na me gh satan	neutral	
se ahhh hahahahaha ck paaa ahhh s se nawuaa formation ne tactics be paaa na wu b as coach	neutral	
wo p3 s33 wo di me sika anaaaaaa	neutral	
b3 tu wani na 3fre hc	neutral	
tswaa me ni mafee errand boy ha nokofioo	neutral	
korty ma pa mi nau	neutral	
krmfo wia krmfo ade a onyame sre	neutral	
eiiii covid na mooo kyeky3 no s3 gorb3 sei	neutral	
kwabena ya ky3 wo oo	neutral	
sunsum nni wo bio ne mu sorry	neutral	
na attribute of god koraa y3 s3n	neutral	
aden woakum obi anaa	neutral	
boys kasa nso dabiaa mote casa	neutral	
3y3 by force anaa oo daabi	neutral	
dwene wo team ho wo team no ay s ashaiman frefre k b	neutral	
sika kasa mo feeli na y33 bleedi	neutral	
kyer3s3 eehu ooo buh chale bet nu de333 yengyae na y3nkodi d3n	neutral	
patapaa central region anaa y3nko heblews	neutral	
ma me nya na 3ns3i	neutral	
1st tuesday in 2021 p3 abena bi na dzi oooh yoooooo	neutral	
eno bi u p3 oooh	neutral	
u nkoaa dierr so u wey app u dey love	neutral	
mey3m koraa ahye me ano sure say i go see cos	neutral	
y3 hyehye hyehye saa na omo dwane	neutral	
aei wastyr de yolo	neutral	
yebewu nti yenda ah jux kno	neutral	
fight over a man nka me twa bet edi banku	neutral	
wonni sika aa wose efie eduane y3 d3	neutral	
3to naa nso nti na 3ma me p3 was3m no booty	neutral	
ei nansei dier kakraa na wo kura cohiba ei borsu	neutral	
enti nufuor na onipa ba rewoso no s3 hajia munera hausa koko no	neutral	
mahyea brfo wei da	neutral	
3nhy3 wo ho aa kala no to enko soro ne fam	neutral	
eeii na whan nie wendy shay efia odo sakodie castro sam george 3tor	neutral	
chale mese yaanom de	neutral	
oooooohhh girl yi y3 hwan ah	neutral	
obi ky3n wo ehu	neutral	
se yi aaaa na dem score you 4nil	neutral	
love kakraa computers kakraa sika kakraa i miss you kakraa family kakraa boys kakraa vibe kakraa nyamesom kakraa gyimie nso kakraa mea me nie oonothing i get	neutral	
ne ho koraaa y me mmb	neutral	
wateanaa hey hey sika nti na y3w false preachers	neutral	
mani so bri me	neutral	
wei nso mob3 sei sika wc ho	neutral	
s3 meka se sarkodie p3 na b3timi ay3 wei bosome no mpo mm 3weiy3	neutral	
eiii koo nimo na adu gyamfi old boy de3 olag fo asem fa woho b3n	neutral	
love kakraa computers kakraa sika kakraa i miss you kakraa family kakraa boys kakraa vibe kakraa nyamesom kakraa gyimie nso kakraa mea me nie oonothing i get	neutral	
nti gyama yaka eh	neutral	
akoa yi p3 as3m	neutral	
ma 3re y3 yi nase nyi d3n	neutral	
style ben na wob3 fa mi	neutral	
masa ya ka awe mfa agenda mba ha i beg	neutral	
tv3 no 3b3 ti ako paaa na akua addo dressing yi	neutral	
bet di y3 dodo nti mo nkyer3 y3 lotto twa got buzzzzzzz	neutral	
asre no de3 wo ay3 neniaa	neutral	
obi nofo ab3 di me hc	neutral	
baa tie oyerepa afutuosem nfa bi da	neutral	
woseeeei koo na wo bolobolo nono	neutral	
auntie ama 3koo nk anaa	neutral	
asante nkae ena asikafo nso nkae talk to am make he allow cash out	neutral	
3hia bronyi a b3 ka twi	neutral	
hmmm 3y3 me hu mpo	neutral	
no hu mi da	neutral	
den mk we go sika gari anaa de gari finish	neutral	
nana wote as3m ho oo boi	neutral	
asamoah gyan na w y agyenkwa mfomso baako p na bebiaa asesa sarkodie	neutral	
srade nam anadwo biara mede me ho twitwi mboatia nhwiremma ho me sumii mu af s aponkye daber nkotodwe gu fm me de nsa ato nsa yam republic hall knust	neutral	
anka wo ma y3 kcce3 anka obia nti wo nka	neutral	
3noma yafamu wo wiase eny small pae y3 kronfo na ya twa wall bo akata fris3 y3ni ball playman life yenda	neutral	
3y3 me hu mpo	neutral	
ass no di333 aka kakra oo	neutral	
wab s takyiman bayer	neutral	
agya bi wu agya bi tease nanso 3na bi wu a wasem y3 mb	neutral	
eiiiii momma tekno fuo no nye adwuma	neutral	
kube y 5 w kumasi	neutral	
alonso ne mogya hyew	neutral	
ei na wer i dey	neutral	
ow nti kabutey dier nka hon bi anaa	neutral	
ei na wo b3 ka s3 wenni y wo ya	neutral	
3to no nso ah memp3	neutral	
mu suro koti nsu oooo	neutral	
moapamo 3ka asan akfa 3ka paaaa anaa sake of werner ne kai nti na mo de pressure k sign dutch coach no anaa	neutral	
nti obiaaa nti mi ahhhh	neutral	
lol wahu jodel gyae ka kraa	neutral	
wonyaa3 a anka wop3 nanso wonya	neutral	
ft  ohia official video stream here  ohia ma me ky3 1don 1man 1stand ohia ma me ky3 1 gun 1man 1stand ohia ma me ky3	neutral	
mo nka window no 3nto ne knso	neutral	
ay mpo aka whonna by	neutral	
3no nso de3 anka 3fa meho ben	neutral	
eiii nti timooooo asa ewiase	neutral	
yagyae sika hasnt eaten since morning dede nkoaaaa	neutral	
s3 anka wop3 as3m aka 3y3 vangelist na abor wo mmum	neutral	
ei asi enti min ka ho bi	neutral	
yesu ayie korea yan y3 na sasa bonsam jams	neutral	
o hwie ngu fofor gu me kraa mu me nne a ewu nyinaa nya nkwa bio waewae mani so abo ma me nhu hene no s ogya w me kra mu	neutral	
gyai ayie se3 no na y3 oman no de3 woawuo de3 woawu na aka yenso	neutral	
wo nim br woa br afuomu ha aaaaa	neutral	
madam madam madam gyaiii saa wai	neutral	
akatua asem na wabo so hmmm santo yi nano ma me	neutral	
educated pastors i come against you foul spirit in jesus name ank sukuufo no bayi bonsam biara yesu mogya nka wanim y fr soro gya soro agradaa nka wanim hmm boi	neutral	
ahoyaa y wo d dodo aahba	neutral	
p s kyer s kanye y special nti nim noa ne next moves and way forward but no sarkodie no de adwuma no paa na y no more	neutral	
y3nka kayer3 wo ay3 s3 obaa wnim aduane noa no 3nye d3 nso na wgye hon	neutral	
nti wu k makola anaa kantamanto anaa agbogblishie dwa su aahmu ka english anaa	neutral	
odo kakra sika kakra op3 adepa nnso osuro abuoden woy3 chisel mr solomon	neutral	
baako suro ayigbe mafia anaa	neutral	
nti be kora kora ne s3n	neutral	
onukpa na who cause am opayin a tena fie ma mmofra we nanka no s y kan nanka wefo a kaho bi	neutral	
nti wokasa te sen	neutral	
moedi sika no ewiee	neutral	
real nigga paa na adwuma adi me sei	neutral	
saaa cmmo na 3kakyer33 wo s33 cmmo ntumi nkc fie cmmo nyaa cmmo b3kc nanso african parent suban nka wone mfante nii maame bi nanka 3te aa nka wob3te ase3	neutral	
we are one nso omaame twa fa akyiri	neutral	
eeeiii wo di asem b3ba ooo	neutral	
monni transfer news biaa ka monkda hoh	neutral	
s3 popi entum ntua a menb twen eko fie a	neutral	
sika ho ay3 shi nti wee yen passe	neutral	
enti barima wo si so paa obaa aka kyer3 wo s3 feeli wo da	neutral	
woha woho agenda fo yi	neutral	
na asem kor p3 na replies b3y3 5 na nyame nka woho er	neutral	
akobam meti y me ya akobam me nan y me ya akabam mehonam y me ya akobam sasabrono sasabrono korno herrrh elevy go break the akobam record	neutral	
nika no da me ha nso wall no na matwa masi akyire	neutral	
wop sika kakra a fa ne nyinaa we nwii na tw sika nt asaase	neutral	
woboa  adwuma adi wo	neutral	
boys di33 so n	neutral	
wo be di no	neutral	
wo p3 nwura papa adn y fr wo nebuchadnezzar	neutral	
ya ti nso yen fa	neutral	
me koraa mpo me hia 200 cedis no bi ooo	neutral	
sika duru kakra trading nso kakra eagle man	neutral	
tan me awu official video prodby	neutral	
abrofo nso ne su dea	neutral	
wo nfa mma kumasi a gyae  nka woaa wo b te	neutral	
black rob ne kwaku kristo b3 dwa wo o jack	neutral	
ruth p3 kasa dodou be kasa gyan anaa	neutral	
otanfo ne yanko n na y3 ma nyanko oooooo is main judas br3da your punchlines that y shatta was delivering on stage	neutral	
chief ey3 wa bo akokora twa so wai	neutral	
ka n ka biom	neutral	
sika kasa mo feeli na y33 bleedi	neutral	
yi me firi hc	neutral	
ny easy ooo ny wo dea wose ma tn	neutral	
adanko me ba fie setti game nu to h	neutral	
me nhunu nea me nka mpo	neutral	
ashoq sef s the europeans collaborate to eliminate us eii chaaman	neutral	
fun fact kotoko firi mu a na ay den na black stars firi mu nso a na ay den	neutral	
eeeeiii na mi nsu minka s3n	neutral	
hmmmmm me kwame dea what ill tell you is twa car bra metwaa nkyeaaa nk ma kofi banasco w central police barracks wei fri derek h w agric nsema	neutral	
herh sika p3 den nono	neutral	
maame kaawoho fre mafia na wonkawoho mma adede3 eii mpa woho twe wo make ups na fawoho momo aaa me sending eii momo aaa me sending eeei mep3 s3 wopa wo ho killer verse by	neutral	
ft  ohia official video stream here  ohia ma me ky3 1don 1man 1stand ohia ma me ky3 1 gun 1man 1stand ohia ma me ky3	neutral	
eeeeeih sofo koraa get broken heart na u kofi nti way no dey pray	neutral	
enti barima wo si so paa obaa aka kyer3 wo s3 feeli wo da	neutral	
sika de3 wo b3gye o nanso wob3 da gee	neutral	
nti y3nka ho bi anaa	neutral	
ei tw behunu ne wura na abr   so dont you fear women kyer s generation wei de twemdwa fo nkoaaa	neutral	
lotto kwraa metwa na bet	neutral	
brofo na baako baako sei	neutral	
aden sika nahye mr rich and handsome	neutral	
enti jm deny father anaa	neutral	
wo nipa nka hwu o	neutral	
ow nti kabutey dier nka hon bi anaa	neutral	
ah ka na ka biom	neutral	
wofa wei y wasm	neutral	
wo nkoaa wo yerenom nsia wo mma moron wosan he ha 33p3 cbaa biom ehh	neutral	
hajia ansaa jallabia maa anaa yooyoo me ohh haba hajia hajia nna ganni boxer nka tchikin jallabia fa me eeeii hajia keenan  then i pull up no long talk	neutral	
s3 anka wop3 as3m aka 3y3 vangelist na abor wo mmum	neutral	
enti na menni boy no oo	neutral	
pentecost nso ebto paanoo a no dze this year nny small wc water na erebesave	neutral	
ghana fo anka baako b3ti	neutral	
p s kyer s kanye y special nti nim noa ne next moves and way forward but no sarkodie no de adwuma no paa na y no more	neutral	
wow mu aa 3nhy3 ma wonni mu nso aaa 3nt sini sleep	neutral	
aden mede3 me nka ho anaa	neutral	
s3 shatta dede o s3 wana nu oto tramadol ehu b3l3 bi	neutral	
adanko nane nduru paddle nanso p3 s3 twi sakre	neutral	
enti heaven yi wo b3 ko bi dierr	neutral	
gbee naabu and say fi repeat anaa	neutral	
na s3 wo bet sika no asa nti cheque b3n biom	neutral	
loan mpo nie na anka permanent deal	neutral	
aww bro ka naka noh biom	neutral	
saaa cmmo na 3kakyer33 wo s33 cmmo ntumi nkc fie cmmo nyaa cmmo b3kc nanso african parent suban nka wone mfante nii maame bi nanka 3te aa nka wob3te ase3	neutral	
nipa tietia a wato dmuhrrr gyes3 agradaaa na 3b3 titi net3m	neutral	
buy wig na ti ti fa tari h	neutral	
suro nyimpa atse wayoosi wfr3 no beyie ba obiara nnhu no w krom ha oo odur enyimbir aaa y3 hen w sunsum musnap audiosgt	neutral	
esi mpo any yie na araba	neutral	
dawu mpo nie na tamale	neutral	
sendi mi na minsendi mawu	neutral	
ayoo nti metwen daben me sika no ahye aky3 so i was on break	neutral	
masa gyae na wo boa	neutral	
mewo sika aa s3 anka menp3 such gals	neutral	
ey enti kote3 na ay3 tes3 gyidi kokoo sofo abaa no	neutral	
lol dede paa anaa u dont like rap cos eii	neutral	
errr enti nss fo yiaa omo ani abre omo h me bisa oo enti after nss yi mo new location y3 hen hmmm	neutral	
obama ano ya na me ny den ni	neutral	
chaaman fa 0 twa to ma me wai	neutral	
kejetia baako phone byera p	neutral	
masa aden yay wo den	neutral	
asa asika no wan run this p e dy pain me	neutral	
ade a ny yie no wo y no den aaaaaaaaaaa ny yie	neutral	
daabi anka nsh3 breesi ne kobene 3ntwa adwaadwo anaa	neutral	
mene wo ada obi see meboa na nny nokware a wei nso y duabo mentease koraa oo	neutral	
wc de no dada dada s33 na wadaada me oh enti sweetie sweetie nti na masweetie	neutral	
de3n paa na ka y3 wakeka abo mu saa k3k3	neutral	
agyekum tease mpo na mo ye nayie sorry agyekum life isnt far you fought well	neutral	
mo ne the reason why a magya me wife nti mongya leggers no sh3	neutral	
na car mu atopa mpo be 10k yi na nka canabisi nso 3h	neutral	
oya kowa kye kakra  afe wu nay naaa	neutral	
nyam moko and fikyiri the bntoa fii ne to	neutral	
boadu nti ksi sn kurt yaanom hy baako boadu boss ade no de fa cup naa na w s mogo moho mayn na yhy mo na ygye kurt hw hahaha theyre still having conversation as im speaking to you	neutral	
masa 2 chances s sn	neutral	
wo nni sika wo di odo ye den nana	neutral	
once said girl no otata me errh na otetee me peace oma m3n tua mi mma school fees but i refuse to be broke by r2bees ode ma katua ko ako ri brodo ne cheese  mede3 magyimi na meri gari ne beans	neutral	
3tw3 mpo nti y3 missi final exams na 300m	neutral	
ha mi eko ma ye	neutral	
aden y3de3 yenka ho bi anaa	neutral	
kwadwo na ha nso eerhh	neutral	
kwabena ka na ka biom asem oooo	neutral	
wa saa bone nso ka wobra ho	neutral	
no pattern papa biaaa agon nkoaa	neutral	
baako w heaven baako nso w efuom	neutral	
loyal nti ngu on bl3da saa tete ahumbr no atwam dadaaada o	neutral	
adwen bone nti obiaa de wire god na 3to wall	neutral	
lmao ei pearl na wo fr3 woha	neutral	
amakye dede kose kose amakye dede mempena yadee daddy lumba ankwanoma adane best maafio dr k gyasi gyemerekuku nana ampadu mother paapa yankson mensei me din kojo antwi kakayi kwabena kwabena aso daddy lumba makra mo kofi b akua ataa k k fosu kyere me	neutral	
kofi kinaata okyeame kwame nana ama sneaker nyame king sark kotoko adonko kidi fameye	neutral	
na wei nso y3 3din ben daabi aden wo b3 ma me aduane anaa	neutral	
national cathedral sika no de3 y3n tua ooooo	neutral	
y3 ti sika so na	neutral	
de e no bi arsenal de nka my mind dey give am nso arsenal nti	neutral	
chocolate week nso a bite kraa menka bi	neutral	
obi aa wo horoso a wo san twa bet ei na katashi tantan bn nso no no	neutral	
yen ka kyer3 wu lol	neutral	
mo nti naa ka foo	neutral	
fake life nti agyeiwaa k back to kumasi	neutral	
hehehehehehe wo de wo	neutral	
charlie u kraa why hoh noise saa	neutral	
aden ne bo ay3 den anaa	neutral	
ok but hwan na y3 ade3	neutral	
eiidkb obi33 oo daabi da eii god	neutral	
me maame last born	neutral	
wo so ni bi	neutral	
eiii he bi student anaaa	neutral	
ei mpass fo yi	neutral	
eeeiii eeeiii odo na asa	neutral	
bamba de no err	neutral	
bestie bestie saah na skolom	neutral	
asem na woa bso yi	neutral	
akla ni hu y tru	neutral	
eiii mr neutral wo kaa se obiaa na ete se dumelo anaa onaapo	neutral	
amen k y no line eh	neutral	
mese wo pri saa no	neutral	
afei na wa hu ong	neutral	
raphinha too bi k3k3	neutral	
oh chale eno bi easy ampa oo	neutral	
as3m b3n na aba	neutral	
ihr some tw3m tw3m tin bi	neutral	
wo w no dano milk kakra dassor	neutral	
mo na mo b	neutral	
dbee dbee saa na wakorfa ka	neutral	
ei na qo b3ka	neutral	
obroni no kaa sei	neutral	
chale lynx de hmm	neutral	
y3 di akyr3 wo n	neutral	
na wamuna sei yi err	neutral	
koo bibinii mp ade pa nana addo is fixing the country koo bibinii s da	neutral	
nu  3n y3 obiaa na 3y3 oohhhh lolxz come n see som tin	neutral	
wabo dua na dane wai	neutral	
eii anaa my eye noh gud	neutral	
woyem ahye wo wnnnn	neutral	
mke dem tell you anaa	neutral	
wo hwene nu o	neutral	
wo p3 followers ak he	neutral	
aseiduwaaa too dey da back der	neutral	
mew nkawie hospital so hurry	neutral	
ahnipa negyina h yi	neutral	
charley me mmom dierr hmmm	neutral	
me pant nyinaa af	neutral	
eii ecg mo ne y aaaba	neutral	
tax net no baamu na 3mom 3ny3 elevy bernard avle 2022	neutral	
sekan no w wo a aw wo kwa	neutral	
wo ara hw3 3y3 as3m pa anaa lol	neutral	
ahh   y asm oo	neutral	
herh wo y3 d3n wo abeyifo mu	neutral	
ad3n aa wob3tu me  no	neutral	
amewoyikope da basic school	neutral	
charley charley  me koraa adwiri me	neutral	
eeiii nana wahy3da anaa	neutral	
asm bn koraa ni	neutral	
no lie ooo bro	neutral	
ebi me flyboytfg oo	neutral	
lol ei jabs anaa	neutral	
oh 586 and 6 dier dem bi bros	neutral	
aban wei de invite her fot interrogation aaaah agenda bn nko	neutral	
ebiowei hwan no no eeeiii	neutral	
eii you no get abotr3 koraa ooo	neutral	
sei yaaa na top 4	neutral	
eii na me y3 di3n	neutral	
aden wo sua y3nnkayer3wo ansa	neutral	
na medier may3 di3n	neutral	
ob3 t nsuo mu	neutral	
so u no hola me eiiii	neutral	
saa okodie ft obrafour gtgtgtgtgtgt manifest discography	neutral	
da mu baakop3 s3	neutral	
ei partey b fa pole mu eh	neutral	
nana na ad3n eei	neutral	
vim kraa ni tweet ni mu smh	neutral	
na hwan mo nie boi3 sowutuom accra	neutral	
aw de no chale	neutral	
kfc anaa chicken man	neutral	
e be me oo	neutral	
eeei na wo bka	neutral	
lol mese ksi fo dea so dem dey think oo	neutral	
akwadaa nya sika aaa se panin hianii mp br	neutral	
na u re u tall	neutral	
aaghh you de3 oh daabi	neutral	
3t koraa wo nya	neutral	
maa adjwoa hye wo drossssss	neutral	
ne kakra ne s3n	neutral	
hahahaaa 3y3 ahoyaa anaa wo se s3n lol	neutral	
wama mey3m kra ashie me	neutral	
eeeiiii mey3 ashie me	neutral	
so u be kojo besiaei u kraaaaaa why	neutral	
ah so no erica	neutral	
oh charley ab apa ho o	neutral	
ei na s3 3ny3 byforce	neutral	
maa niqqa x no hands	neutral	
ass opener no mo de y3 de3n	neutral	
tz ne ayoyo soup k3k3 99cedis eeii aden	neutral	
g a b a s k i	neutral	
herh wa no no	neutral	
chale me sef oooo	neutral	
eii na de3b3n koraaa na 3ba wiase ni	neutral	
mawunya na aduro atumi no saa no	neutral	
wo se ebeyi lol	neutral	
common floor fuo nyinaa edi	neutral	
dzata se mo na mo bl3	neutral	
ewurade fraud boys agye sika	neutral	
ashawo ne hookups fo nkoaaa  you gerrit kumasi fo	neutral	
eii believe me s3 sen	neutral	
ei jinz tra ne nkor me o	neutral	
eiii koo i too join de qeue	neutral	
seisiaaa na wabr3 yi	neutral	
mo na mo ma such stories	neutral	
mep3 na p3 me bie3	neutral	
saaa na ay3 de3n	neutral	
baabi aa de nenam	neutral	
na var so y3 stats	neutral	
ad3n wo vybz no atc nsuo mu anaaa talk am erh	neutral	
oh yh u bi kwame or kofi	neutral	
eii charman na aden	neutral	
o me ooooo	neutral	
ad3n wahy3 ne kte kshon anaa	neutral	
r i p p maam	neutral	
organized bus wey dey carry freshers go campus k3k3 bi ghs 150 na uber koraa y3 sen	neutral	
ideas no nyinaa at nsuom	neutral	
mo phone so de33 pono nkoooaaaa	neutral	
mo wo t3 mo paaaa	neutral	
wiase yi de3 s3 esum	neutral	
wei nyinaa y3 asem	neutral	
mo na hwan nsa fo	neutral	
wonpe bayir3 ne dokono	neutral	
eeeii berma saa momm enfa wai	neutral	
as3m no atra me	neutral	
size bole wh3 nkor wo	neutral	
enye me hoor abeg	neutral	
proud of nana omo na omobr3	neutral	
wohuy na y den	neutral	
eeeiii eeeeii eeeii supply your scolobus is trending oo s3 wo si wcn hy3 pioto	neutral	
na kg nnoma yi eerr	neutral	
na me nnom de3n	neutral	
oh na may3 den	neutral	
kwaw kese tear me	neutral	
eeii united fuo yi	neutral	
ei ei ei esi 3sh3 wo	neutral	
wei wo bey3 den akyi ball	neutral	
peace paa de daabi	neutral	
ei so dumsor is back ei	neutral	
adn wofr saint anaa	neutral	
cow de3 no bi anaa	neutral	
wofa sane dey come run run saa	neutral	
wo nnyaa nhu hweee koraaa	neutral	
wikipedia adn me y	neutral	
lol anaa mortal kombat	neutral	
robinson akoa yi paaa	neutral	
oh mi siii let me mute her mpo	neutral	
akwadaa na wa tattoo wo ho saa nu	neutral	
na me fa meho bn	neutral	
eeeeeiiiii krakye wo y3 sure	neutral	
mo na mo sh3 ho no	neutral	
the nana ny me na me faa y dey kill me	neutral	
nonya business moana no	neutral	
wei y d gye	neutral	
mi di3 nu di3 shiaaa na eshigu saaaa	neutral	
wanya ho at tsofi capo wo de3 3h ay3 den aa y3nswappi na bra ha wai medaase	neutral	
ona call y bi	neutral	
listen to ha ni ma dwen remix ft mabiina by on boomplay	neutral	
ha  no no no no	neutral	
neutral man aa wo propaganda ny f sei wo firi hen	neutral	
already nu kofi nu sika nu ensu nu na ama aba sre nsu in addition kyr3s3 ama b3gye sika di at born straight oo enu kraa as3 ensu ama po kofi ay3 mb 3km na di b3da	neutral	
atopa bi o hw3 yie o	neutral	
dear my mp samuel atta mills atabaadze junction k si keburano kno ny nkoraa ntsie hw na y eyi y wo first warningand my mce appiah koran	neutral	
lmao me daabi da	neutral	
e no be say my phone camera bad ooo y me na me ho ny f	neutral	
mu de asm b ba ooooo what	neutral	
go tell lukaku di wo fie asem	neutral	
knacking nti girl no ntumi ngyae boy no o	neutral	
woboa ooo so noor nam1 do	neutral	
ma man say europa di3 lyly	neutral	
herh ano y ya ooo	neutral	
bartomeu asm de hm	neutral	
n naa ka di bi wula	neutral	
y hu me mb  ny wumi	neutral	
na mendi bounce hw	neutral	
wo sika y trotro sika nanso wonp back seat	neutral	
kwan no amfa wasaase so nti wo se kwan no tene	neutral	
edwen ho ah ntse ase	neutral	
adey beg oo nti brofo bebrebe wei nyinaa ne korakora ne sen	neutral	
masa eny3 wei na eyie bring update	neutral	
3nti me di33 me nkaho anaa	neutral	
na me di3 ma y3 den	neutral	
woha woho agenda fo yi	neutral	
ah brofo bebree sei aden theme baako	neutral	
aden mak di barca ni bi yere anaa	neutral	
aden mo taataa mo saa	neutral	
hahahahahahahaha hahaha massa k na ko twa lotto	neutral	
wo to bill aaa na wotw3 di akyere	neutral	
danlard w ha nanso mo so wola hwan hwan	neutral	
isha nso de my son my grandchildren ede3n kraa ni hoh	neutral	
fa mi ka hoooo ern anaaa menko da	neutral	
you for chopin anaa s3 de3n ene3 anka y3nkc heblews	neutral	
suro nipah na gyae saman	neutral	
wo fiti preko p3 bor wo si so aa mogya n33ba	neutral	
oba nyansafo y bu no b na ynka nasm	neutral	
asem yi edi ka	neutral	
me nhunu nea me nka mpo	neutral	
wcfa b3 wu ama madi adi3 oo daddy lumba	neutral	
nipa benya wo aaa enfri yare aa na efri ohia  daddy lumba	neutral	
wone opanyin bko nanso wo wide mu rafael nadal	neutral	
fa wo ntoma b me de3 mu	neutral	
y me nwanwa mpo	positive	
ayeyie b3n na wo di ma nana nyame onipa dasane	positive	
s3 wo wua wob3dane suroabfo	positive	
y3ny3 baako y3ny3 mienu aha y3y3 apem ne fa y3fri kokoobin koy3 bad things w fumesua	positive	
kasa gu ma sum na me gyedi	positive	
aaaw p3 nna fom	positive	
oh yhhh nyame adom nti	positive	
waabr33 sinn yesu suaa as3ndua drudrudu ne y3n bonni nyinaaaa 3nti nya abotr3 na bibiaaa b3 fyn	positive	
y sen obiara or y sen wn nyinaa concatenated forms in akuapem twi yy no yiye sen obiara or y sen wn a aka no nyinaa expanded forms in akuapem twi	positive	
me nyame nyame wodi yie a wobere woye yie a pressure kyeiwaa beyie nipa sansankroma yaa dwen adwenpa maradona adwenfi gyae konkonsa hello maa all these boys claiming outstanding no behw3 omo annya mo awuramu nti of course they are out standing yenenam uk	positive	
nanso y3 se bibini 3nntumi nya depression so we keep it all in	positive	
ahhh ya gye sika	positive	
masa forget am nyame nhyira wo	positive	
funtumfunafu ne dnkymfunafu wn afuru bom nanso woredidi a na wreko efiri s aduane d yte no w menetwitwie mu	positive	
eeeiiii wo flexi me	positive	
sika nkoaaaa the socialites of ghana 1 no	positive	
obaa yi ho twa	positive	
yrep sika wo nso p3 points	positive	
court sika nso ashine we move	positive	
ah menya abotr3 s3n wei y3 de nya abotr3	positive	
oh naa omo b reporti ama wo ny competition koraa	positive	
nti good luck noo gye baako kaho	positive	
abnsam kti wa nanso nyankopn scissors adi nkunim	positive	
wo kum apem a apem bba yy dmm	positive	
wan na kyr mo kwan no wan na ma mo the opportunity yes rap no y charity give it back to community yeah uh	positive	
1057fm abusua nnim hospital akatua nso m nim ayie y3 h33333 wate anaaaa	positive	
owura me se siso biom wai	positive	
y y asanteman asante kotoko wo kum apem apem bba  s wok cape a mo se vipers  s wok volta a mo lions  s wok accra i dont even know  na s woba kumasi a y faabulous   faaaaaaaaaaaaaabulous faaaaaaaaaaaaaabulous faaaaaaaaaaaaaabulous	positive	
de3 33y3 me de3 3y3 me 3san y3 me y3 me yie	positive	
i woke up in new bugatti koobibini sii buzanga ei bibinii captain hook to da ewiase tho	positive	
munni ahurusi anidaso no mu munnyina pintinn w ahohia mu munkura mpaeb mu denneennen romafo 1212	positive	
sika mpo mfa neho lord kenya	positive	
3twamu anaa 3nyesaa dia fr3me	positive	
nkor ne fie erh	positive	
adea me mp3 aa ne obaa aa kastuffs	positive	
ei herh ibi ice cream anaa toffee	positive	
eeii my wife 3no mpo na mep3 no	positive	
nkran ha di3 saa	positive	
enti y3ka two days ago aa na ay3 d3n	positive	
nsuo 3ne vitamilk na 3s3	positive	
wei de3 wo ly paaa oo	positive	
npp fuo na 3di e levy baa y3ndc fuo b3 y3 nu hit	positive	
ebusua wo fie y3 p3 sika	positive	
yn tua asante kotoko heads to appeals committee on maxwell konadu decision	positive	
infact friday eyumbrr biara menyuwa gye papaapa ara	positive	
10 peswas koraaa i go take	positive	
ei chelsea na mendy w he	positive	
nti obiaaa nti mi ahhhh	positive	
sika dam na mebo	positive	
eeeiiiianaa minko ton ponko cus	positive	
cuzzzzzz mehia sika bebree	positive	
saaa tokro no de ns3m aba wiase yi mu paa	positive	
hw3 y3 wo krom	positive	
asakaa na 3wc so	positive	
shot on target koraaa cnya bi nbc y3b3 gua cmo ankasa	positive	
nana s3 anka 3y3 saa anka obiaaa w bi ooo	positive	
no celibacy me tu t3	positive	
ebi nom ka banku ebi nom tn banku ebi nom hy3 banku nanso y3n de3 y3b3 di banku daa	positive	
masa hw3 wo kasa yie ooooo	positive	
gyae 3nnka saa biomu	positive	
no nima no wc	positive	
wo de mnsuro y twe aah b ba	positive	
eyramadzo wherever udey nyame nhyira wo heerrr solid babe ankasa	positive	
ma wonsa nsi fem hw3	positive	
yesu kristo asre efire ewu fu mo onua ei de ne ogya no apepa yn bne nyinaa ama me ne wo aby kra tease fo nti ss me ni wo y da nase da nase daa yesu kristo asre efire ewu fu mo onua ei de ne mogya dehye no apepa yn bne nyinaa ama mi ni wo aby kra tease fo	positive	
abeg abi krobo boy too aiiiiii	positive	
me nso mafe wo dodo	positive	
sika oo sika abrokyire sika	positive	
me nua 3nye hweeeye ko a me to kosua ama wo	positive	
adwuma da barima anim	positive	
mongyae me na mento madonko pa bi	positive	
menso saa ooo nanso menni kumasi me nsa ahwan nti me y3 me ho aduro wo obuasi	positive	
oh me y3 okay oo 3nha me kraa	positive	
as kotoko dey buy chief justice some too dey buy waakye attendants hajia kande me p3 shito me wele bebree	positive	
bossu kwadaso forbes anaa	positive	
awurade fane bone kye no wai	positive	
kawawa woy too morch	positive	
wo k p3 orphan ei koo	positive	
presby hymn 791 presby hymn 791 stanza 1 hho ne mamfrani na mey w fam ha masase mmn ha baabi minni fi pa w ha haw br amane na yde tu ha kwan nsoro h na nyame bma mahome sann	positive	
nipa nso y3 den chillli	positive	
masore anopa tutuutu pe sika menya a mobehu se mama nso betwi ne benz nyankopon b3seiho paw debia na kweku de3 sikasem nkoa na onim nka me mpre ohia nma meho anaa you dont know s3 sika nie kweku nie ohia se metie everyday am on my way verse	positive	
agoro w nani so sene super mario	positive	
ano katikati nation y3 sii so nky33 y3 nanso yano awu we coming like a ranging storm	positive	
mat me ya wo number	positive	
den dem say wana atonko no some snake dey top but as boys dema eye no see dier 3h aa na y3 b3ko nyame ahw3 y3nso saaa herh sss	positive	
afei wo nan naaa	positive	
ani da h s3 tv 3	positive	
as3m oooo na abr3	positive	
gye me boso odo yewu	positive	
ya ti nso yen fa	positive	
woa renti ooooonti b3tua saaa tax no	positive	
ew flood no mu anas3 de3n	positive	
guy guy saaa na wiase no k nawiey3	positive	
wiase nyinaa nubian queen na y3 obaa oo	positive	
man uhw3 wo nua kitiwaa chelsea de3 cy3	positive	
baby gye me boso	positive	
fine girl cse ne din de agyeiwaaaaaaa	positive	
fine man akakaduro wura mep3 ade ay3 aduane m3san asa bi na mede bi nso atua	positive	
as one of my dons talk nyame asem di3 bible koraa si 3w kristo ni biaa akoma mu but 3to da wannim na wanfa ah emba biom hmmm	positive	
mo kyer3 bi o	positive	
yenni sika oo but y3 ha adwen	positive	
3n3 3b3y3 s3 tontonsansa3	positive	
mapimso wo kumasi nti wohia confirmation  blaaaah	positive	
wob3tease amame me boy newo dabiaa m3ba wonky3n ab3da wob3 wale me	positive	
post biaaa na 16m nam muherrrr ma feeeeli ama wo ooooh	positive	
nhy me ho a mehy me dm mene obia nni asm	positive	
wo b3 shi kontomire	positive	
arh eii mey3m kraa ahy3 me	positive	
fb baako oh baako twitter baako whatsapp page bia mu nso baako b3 w mu ne good guy nso dey ne crush ne sugar daddy bi nso dey 1 tight corner	positive	
yagye sika ooo yenso y3 time a so ooooo	positive	
krobea beku me faaaaaaabbbulous	positive	
me dokono nti na wo twi mako de3 aaa m3y3 ice kenkey	positive	
me tie nnipa ano a anka many yie kaa kitikiti me de hy bayie	positive	
oh me ba oo	positive	
mmaa wo wiase o	positive	
ynsuro onyankopn nsan nsuro nnipa	positive	
meho wo sei arh na ma b jack	positive	
ei smoochy  so you you dey ei ewiase paa	positive	
to wo nnan b ball mu ma no nkhy net mu na gye 4plots my son go play ball straight	positive	
six slips no nyinaa apepa sei tam	positive	
pnimma 15 2021 nyankopn apmuden mpaemuka me y onyankopn animonyam a hyren ma di bne yaredom ne wuo so onyame animonyam a hy me ma na ma me ahoden ne yiyedie abre nyenaa yare ne ho nsunsunso bia ni ho kwan wo me mu aleluya	positive	
yoo mu fa k taadi 333r nansu die3 eti3 bia s3 3k taadi aa 3b3 fa kaneshie p333	positive	
wo ti abrokyire re practici democracy gye tourist visa bra na yen ko faci dampare bronya yi w obra spot	positive	
wo de mnsuro y twe aah b ba	positive	
chale me naa o	positive	
atanfo no wo b me to h last year but afii wei di wboa me y kpenl me te nyame nifa so na me b club beer tina s wo twemo na wo ho me a charley twem k cause evivin t	positive	
na wo kaa s3 y3b3gye wo	positive	
nepa don buy generator ooo	positive	
mode3 s3 agorc bi na modi	positive	
me nua 3nye hweeeye ko a me to kosua ama wo	positive	
sika besu featuring and via	positive	
na fa k t kyibom pky	positive	
kitana of mortal combat anaa wose kyeiwaa	positive	
nufuo na 33to adonko sei	positive	
baako suro     the matta chop hot	positive	
eeei this de3 nyame ay3 bi ampa	positive	
enti nufuor na onipa ba rewoso no s3 hajia munera hausa koko no	positive	
de3 natopa 3di me aba wiase na m3kyer3 no odo de3 wawo me ahy3 me na mekyer3 no odo papa papabi ee madiepena ee obi biibi ne de3 way3 no yei dady daddy i love you aseda nko 3mma ghana mmrante3	positive	
mede aky3 wo dada	positive	
anaa saa adwuma no alfred a gyae	positive	
happy birthday queen nyankopn nkso nhyira wo na ny wo kse nn y wo da	positive	
bie kwaen ma mi o fis3 mida aa minda	positive	
eii you bed anaa mutumbanza	positive	
faaaaaaabulousssssssswo kum apem a apem beba	positive	
me din aka mmaa no tes3 lipstick	positive	
awurade b3y3 ade nyinaa foforo b3 sesa me sh3br3 nyinaa ama me	positive	
but low key dbee ns3m no agye gals no bi o	positive	
s de jah man ka no wote y wo passi na wa dashe wo pass na wa dashe saa na saa nso fa woho hym na ma wani nso y den	positive	
more revelations on 111121 akye saa	positive	
hahahahahahahaha hahaha massa k na ko twa lotto	positive	
wei nso y3nka nkyer3 wo ansa	positive	
st charles lwanga boys ankasa de big things nkoa	positive	
sika sika sika y d papa	positive	
adn nti na amanaman nka s wn nyankopn w he	positive	
shatta bandle nso b3kum nipa ooo	positive	
ras kenya say nkwa na ehia wo w nkwa wo w adi	positive	
biibiaa b3kc so wc kumasi	positive	
nyansabuakwa nyame wohunu ekyiri ade y3 no n3 worengyae me mu da wo nsam na y3 wo	positive	
10 cedis credit no kraa me t bi akye roff	positive	
ho twa ankasa whaaat	positive	
loool yebe ye nea ese	positive	
fa wo sister try me erh	positive	
yen nda na mo ada	positive	
lmaoo life ankasa yn pree oo	positive	
time aso apa ho oo	positive	
ose miaaa nap3 mi	positive	
wobehu me afre paaa	positive	
de3 onyame ahyira no tanfo ntumi sei no da we shall be kings and they will love us kon	positive	
annie or akua saucy anaa	positive	
menni sika but me twa manum	positive	
wode33 fa ps5 sika no twa me surprise	positive	
masa to wadwen mu wae	positive	
maban denden ne wo jesus christ awurade mahuoden ne wo  romans 83839	positive	
y3 feeli wo paa	positive	
na de3 y3 yi de3	positive	
coco verily i say unto you agoro b3 s arh na efiri anopa	positive	
by june de na obiara at baaasikrii eeeiii addo d	positive	
raster man me y3 flair aa wode me di agoro nti wonsuro adi3	positive	
wose aponkyenam no asa aw fa salmon no to so saa	positive	
obuasi y f buh inflation na k sorome kurom y f sene nkuro a aka no nyinaa	positive	
no de y nokware paaa	positive	
sierra leones team ebe kamara family demma contract anaa eeeeei	positive	
madofo nyinaaa asa anka me ne me nyankopon	positive	
wonni sika aobaa biaa ho y3 wo f3	positive	
meti hyi meny tininii nii na meny han bfo menhu sro da na men hu ne sini wiaise ma anamon tuo nyinaa nte daa na makwan nyinaa ny tii daa	positive	
wo ti abrokyire re practici democracy gye tourist visa bra na yen ko faci dampare bronya yi w obra spot	positive	
na obi asoma wo	positive	
yesu way me dehye nti msom no daa no na owui de gye me nkwa oguamba wokum no owui ma me wat me aboden no na owui regye me nkwa oguamba wokum no	positive	
anocshie  your crush anaa	positive	
errea washing powder wei y guy dodo the errea washing powder kits in dubai this  is it from atebubu ohiaymb market anaa kakabo fc ay mb dodo	positive	
ka na ka biom obamma	positive	
kumerica y3 wo ade paaaa	positive	
na god win    ahodwo kumasi	positive	
yesu dier no kraa y3 magic	positive	
masa woy3 bi na gyae me	positive	
enti holiday yi ynfa ny den	positive	
what can come can come  anaa yb wu enti yn da	positive	
nyimpa nonkyer tintin yj dua bi ky3 ansa na wasow aba bi so wngu ne do nsu ky3r obi y3 ansa na obi resua y3	positive	
wo kyer3w bece daben	positive	
ah daabi me nda y3	positive	
ei idolo eno bi you ankasa	positive	
wins and the pains goes straight to  yn na y se da hyirem yi oo	positive	
boys gyidie nyinaa finish	positive	
kumasi to accra flight nso wahy3 winter coat maame gyamfua woogye de3n w wiase	positive	
masa y agoro gyae yooo jude too whats up small jogging too he ghost	positive	
hammer fila nkoaaa wooow me nim da	positive	
enti m3y3 tw3less 3n3 nso oh chale	positive	
ow na tuchel de3 way3 wo de3n	positive	
ei na wo b3 ka s3 wenni y wo ya	positive	
nyame nhyira wo piii	positive	
buei buei buei mmaa b3 ku y3n mmaa b3 ku y3n afari ooo saa na ntoma kata adieso	positive	
alla bossu  may3 hint na yentwa bet	positive	
kounde 60 million koulibaly 40 million na sika nu aka half	positive	
paa kwesi wo maame da wase	positive	
oh biribiara y bk	positive	
ck to kwame poku that wanhy3 goal aa meka bibiaa me mma wo mbo biom who saw that	positive	
buy from trusted sources only guys mendi falaa etsi ento wo sika engu	positive	
nyame adode y f	positive	
oh ma heeati nsuo hyi3 ko jaare	positive	
now de3 1 minute biaaaa na ghc 10 nam mu saaa o	positive	
mi kraaaa ma hwe saaaaaa	positive	
nowhere cool mesoake me yere w yesu mogya mu	positive	
mpaninfo se eno ade no na b agya ka nanka agya w sika ampa afena ho twa dassryt	positive	
yte kumasi nso yegye shout wo taadi love insyd sokoban odaso  shout to fred cey insyd taadi efiekuma	positive	
edison gyai huro no na ehuro bi ma nipa anibre	positive	
3ne3 y3 fr3 wo agye s3 wo anka	positive	
mbaa wo ghana o i swear	positive	
wo maame dawasi wai	positive	
soma me na mekc humble servant	positive	
second frame fa wo sisi ma me na meny3 supervising	positive	
wo foro dua pa na y pia wo	positive	
eeeei massa relax wai nya abotr3 wai na richattah ay3 ready s33	positive	
oh menua me nim no oooo	positive	
kai na banku 3ba	positive	
odo asisi maso anso h a asa akatakata mani	positive	
but woy3 nice ooo anaaa mani so	positive	
wo tems wo y3 me taste paa nso me nni sika	positive	
onua d na y	positive	
aw new artist paaa de nka gyakie ooo nso me ne hwan	positive	
camera koraaa tumi y3 nipa fine na nyame	positive	
papa naaa fa days no ni ka ho okunupa afutuo ka no nyinaa	positive	
wei nyame bisa wo aa asem ben na wobe kan	positive	
afe nko mbo to hyen	positive	
aden menka ho bi anaa	positive	
chaa send me momo eeh	positive	
nyame na agye mo 3ny3 saa enka agenda paaaa	positive	
wo kum apem aa apem b3ba	positive	
oh egyina mu pintinnn	positive	
nti mede3 menka hoo yoo mate	positive	
ansa na mo b hu s nanka nam de no na ne garadima boys no awe ne nyinaa asempa y tia	positive	
ghana mmaa obiaa ho y3 f3	positive	
wo ku apem aa apem b3ba as3 traffic akye apem no	positive	
3000 cedis nu y3benya wo hen	positive	
you for chopin anaa s3 de3n ene3 anka y3nkc heblews	positive	
yesu ayie korea yan y3 na sasa bonsam jams	positive	
yennye no saa enye yie	positive	
adom ne ahumbr n3de me abedru ha n3	positive	
ay mpo aka whonna by	positive	
polo perfume fiiii fiiii na ma spray	positive	
bossu wode3 ka h wae	positive	
nka me de anka mep jersey noa t so mmienu no de na hosuo y ahaban mono a tuntum da ne kn ne nensa no the green jersey firis kyer me asanteman frankaa	positive	
yo me nsa aka eeeee mail no mate kasa	positive	
jnr gye wo two	positive	
full time kotoko 20 liberty  nea nyame tumi y nie	positive	
me mome dier 3nny3 me sika nti menfa hoo	positive	
asem na wo b3 ka	positive	
dea ba no so sen	positive	
nika nu daha nso wall nu na metwa	positive	
my boss nyame nhyira wo paaaaaaaaaaaaaaa	positive	
at coctus bar and grill inside abelenkpefufu ne abunabunu	positive	
yn nda ntm hustlers anthem	positive	
inyo aha na me w na metse eb3n time na ob3y3 ready delivery to cape tech y3 ahen mara so motum ab3fa	positive	
the guys rn y3ny3 baako y3ny3 mmienu aha y3y3 apem ne fa	positive	
ma codes no nso me so nana	positive	
fun fact kotoko firi mu a na ay den na black stars firi mu nso a na ay den	positive	
kudos warriors wo kum apem a apem beba	positive	
kenya bi y3 d3	positive	
medikal dey oo anaa 3si	positive	
anadwo a moada no na mene kotr ma freestyles	positive	
ahh ama bi ho 3f3 dodo	positive	
loan mpo nie na anka permanent deal	positive	
masamasa bolebamboi ooo kumasi ooo theyve taken us to the world cup	positive	
abu abr wo nsa ano ooo	positive	
na wabie ne nofo na wakas3 hw3	positive	
woboa sega no y highest	positive	
fri s y nyame nna y o y borga maa y yn anidaso nsaa y ade nya saa y y nyame nna y o y borga maa y yn anidaso nsaa y ade nya saa y ei	positive	
asante kotoko chanceeenanso goal kick	positive	
school fees tua ne pampers t nti 3yaa	positive	
enti wow sika anaa	positive	
s nyame adom na bhy meho 10gh	positive	
bro e de taya me	positive	
fatima ye mu chelsea	positive	
camera koraa tumi y3 nipa fine na nyame	positive	
me ne asaase ayaa aka nanso me didi aportoryuwa muohia na 3ma panyin y3 abofra anananom	positive	
yesu koraa de kye yeeeee	positive	
wo y3 paaa oooooooo paaa	positive	
nyame ka me ho na s me de ny me fault	positive	
senior e do ah send me the pdf wae cos eeiii	positive	
nyame nka yen nyina y3n ho	positive	
ahn ei sorry oo	positive	
ei make he take dash me erh	positive	
ataade yi b3fata me ooo	positive	
yacouba de yn aa nana y sos ne so mmom na boa yn kakera	positive	
tumi bi a edi me di sie bia no gyae me na k men dwene obia ho me de me ti bgye fr me bosiako	positive	
sark mame haaah baako	positive	
awo ehu a m nne me ny kwages o 1 cedi mpo a fa tom brda na me mfa si adze	positive	
omo hy3 no daa sister	positive	
hahahaha wob3 hu no na wo hy3 asaase ase nky adwuma na tena h	positive	
me koraa mpo me hia 200 cedis no bi ooo	positive	
eeeeeiiiiii aseda nwom nkoaa na meto ayeyi nwom nkoaa na meto se awurade amma me ho amma asem aa	positive	
wode33 fa ps5 sika no twa me surprise	positive	
y3 se dbee girl yi de3 y3 razzz	positive	
eiii this school mo eye sika dabiara nso ooo	positive	
ebe ghost  paaa na u figa sey wettin	positive	
3herh oh wo yaw sarpong ankasa ni s3n wo haw ni s3n na wo su yi	positive	
david anokye wo papa da woase	positive	
sika de3 wo b3gye o nanso wob3 da gee	positive	
wallahi no where cool nyame nnipa sef dey find correct mfenpade3	positive	
ekorso wo wiase nyinaa	positive	
over 25 paa na ay3 fo sei	positive	
yadase se wo dwene ahiafo a y3p3 anigyie nso ho	positive	
3kwan no wa but y3 b3 duru	positive	
fine girl wose ne din de agyeiwaaaaaaaaaaaaa	positive	
y3n p3 wo baako baako s3i mpo chale	positive	
bra fie na y twn wo	positive	
oh saa e be stra	positive	
kofi fa mpaeb taa makyi na meny yie oo m t wo perfume no bi	positive	
sika nti ohiani d ne ba koraaa nhu	positive	
y nokware anaa s	positive	
yesu eh yma wo so ohen yesu eh yehyira wo oh me wura yesu eh ykoto wo	positive	
mek kumasi no manhu wo	positive	
obi nnim wo a fr3 wo akoa bi	positive	
mepakyew fa me si ha yi aa	positive	
nyame nhyira wu nanso kindly follow back sir	positive	
wei de3 y3pa wo kyew	positive	
sika no asa sesiaa	positive	
kotoko team wei de3 gyes3 nyame ba mu	positive	
ma y3n daa ediban na y3 yen hia de nyinaa hallelujah nyame tease o daa	positive	
now barca get moneyyagye sika nti mo ngyina yie	positive	
aware3 ny3 palm wine ny ade y ka hw	positive	
ka na ka boom	positive	
akua afua abena or ama	positive	
sika kasa u know say money no be problem	positive	
champion since its ur birthday lemme try challenge ur undisputed heavyweight twi parlances opapu yri a owoso neho a ne nufu ano ntwi f3m obaa a neho enuonyam keke timu tu obi dan so ky3n nframa kesi top don a wadon kraa sini hbd dfm	positive	
na me may3 d3n	positive	
arrhnn ei  sika kasa aa	positive	
as3 manchester united fans nu ay3 quiet bi saa ooo anaa mosi young boys	positive	
burna boy ankasa ne nyame so	positive	
twa me mfoni na mema wo style baako for the road	positive	
even her ns3nkyer3ni nyankopn too	positive	
emaaa ahofe fo w akwantuo mu paaa	positive	
3to naa nso nti na 3ma me p3 was3m no booty	positive	
me nkoaa makoma linda	positive	
egya na no 3den	positive	
s3 3ba no tacko tacko kraa m3 pushi drug sika y3 sika legitimate anaa s3 blood	positive	
mese cue ka na ka biom	positive	
wei de3 abidjan blue o	positive	
ah oyiwa nky na mo de tuo di nakyi	positive	
akosua boatemaa asante for the eastern region	positive	
wofa and please forgive me saa fie no nny y dea oasm ni hearts of oak	positive	
osee me y dede ah ah ah ah	positive	
akoa no anya appor	positive	
na wak b so yi	positive	
after beyonc woni kumasi fuo na ebeye track yaa pono	positive	
kop3 banku bi dzi na da	positive	
na mo saa na mote	positive	
me nya me de mese b3yi	positive	
masa ko wo di3  leave him alone	positive	
parliament deir 3noaaa ne y33333y3	positive	
ma me nte puooooooooooommm	positive	
coach papa de sei aaa ooo	positive	
de wo nim aaa nni	positive	
enti 14th february nu wo bedi chocolate anaa dokono	positive	
heerrhhhka na ka biom	positive	
yn mmoa firi otumfo agya nyankonpn h	positive	
osukuu nii wo de a ne gaday we ma wani mpro nsuo his wife sold the best rice on campus ne stew no anwa nkoaa nso woboa	positive	
wo nana da woase	positive	
wobehu me afre paaa	positive	
eyi dze m3ba ab3tei bi live	positive	
eeeiii me de3 wen	positive	
saa edwuma no y3 gyae	positive	
wo k y3 dipo	positive	
asem bi ba bra	positive	
kwadjo kwarteng gyae bet twa na mmoa wo	positive	
herh chale mmaa w nkran mpotamu ha o	positive	
wow ye huu wo aky3	positive	
aden kraa na woti seiwonp3 asomdwee kraaa	positive	
y wo s wo ne ehiafo na nam me borga akasa	positive	
ebe di sika ebi nso di dokuno	positive	
wo kum apem ah apem bba come on kotoko	positive	
kobby locate me dbee baako wae	positive	
3y3 kaftan wearers nu bi anaaa kaftan fuo di3 s3 1000 y3 k3k3 yedi kyiky3	positive	
y y dom yn ny baako mmienu miensa y y dom wo kum apem apem beba y y dom aaaaah wote kumerica yba aa y y dom y y dom	positive	
nyankopn apmuden mpaemuka kotonimma 9 2022 me ntumi nyare firi s yesu ama me di yie wa bubu tenfo ndwuma nyenaa na wa ma y kwa no nti medi tanfo no ne na bamfo a w sum mu w honhom kronkron tumi mu ne yesu din mu	positive	
na infrastructure nu w hi	positive	
ei idolo wasere paa o nanso y3fer3 wo ansere nti how	positive	
s3 popi entum ntua a menb twen eko fie a	positive	
dry okro soup ne banku	positive	
3herh oh wo yaw sarpong ankasa ni s3n wo haw ni s3n na wo su yi	positive	
wadi bet wode3 y3 me show kakra erh	positive	
ade3 a sika b3y3 no ohia ntumi ny3	positive	
is me opoku kankam	positive	
may3 dinn yi me nsem nyinaa nyame nim	positive	
enti daben meny3 den kraa bet yi nso mentumi gyai yesu boame	positive	
informations w wiase paaa	positive	
bra kwaku wo ho y3	positive	
feeling no y3 deeeeeep one minute biaaa na maaaaaaaaad tune nam mu	positive	
onua p fufuo bi di	positive	
nana mefri wo paa	positive	
ewurade tu y3n sem na y3n y3 bi wai	positive	
3ny3 konkontibaa na grow b3y3 aponkyerenee	positive	
wendy wobeku me nso menwu eiiii	positive	
im off to chill koraay3 b3 wu nti y3 nda	positive	
hahahaha wob3 hu no na wo hy3 asaase ase nky adwuma na tena h	positive	
lol their loss nne fa hooki me dm erh	positive	
hwan ba  oy3 hustler koraaa tsen me	positive	
aeihuro paaaa niliverpool is goodna man city nka s3n	positive	
sesiaa na ade akye ahh	positive	
loved these verse of sarkodie s sika sm aa wode yey no kakaakra meya woho abotir ksi s wotwa bra	positive	
ky3 me bi err	positive	
ad3n wo ngye no ndi anaa	positive	
de3 3hia ne s3 watwa cross ronaldo b3y3	positive	
kwame bidi ne ne hokafo bidiwaa mo ho twa  happy mothers day to mama tracy	positive	
kwaw kese dey tear me passs	positive	
gyae saa na supporti team papa bi te se real madrid	positive	
masa masa keep co 3te saaa wo baaabiaaaa	positive	
pls take it easy wai na bayern koraaa omu dier y3 omu wai	positive	
wo b3 y3 no d3n	positive	
na me ma ye den	positive	
nka me ko da	positive	
aban no mmoa yn y find yn way a se y illegal that lime by	positive	
mponkye  mienu baaako wo fie na baaako su wo nwirem	positive	
me aa me no no	positive	
na pa y maame ayekoo  photo update patricia mensah cooks her mothers favourite meal jollof rice	positive	
copulation nkoa 45 mins anaa commercial breaks nso ka ho	positive	
moro b u den me oooo papa jon	positive	
hall na anigye3 w mu sei	positive	
de3n na waka no bebreee sei	positive	
nti aduane kakra nso a me dii no wo gyina me ti so ad3n	positive	
goooaall minamino aka me na me nie oo scores for the saints	positive	
eiiiiii 3ho nso wa k gye master gyae sa	positive	
fameye you hear what wale talk  dabiaa bogoo na mefri nso woy3 shows aa accra nkoaa masa come do some for bogoso here na ya tw3n wo aky3	positive	
oh nyame adom meho y paa megyidi yie s won so woho y	positive	
nyame nti mendi ohia da	positive	
ka na ka biom wei de3 wie	positive	
jamestown labadi bukuom anaa teshie	positive	
menni sika but me twa manum	positive	
saa menti wonka koraa	positive	
fine gyal ni fine boy biaaaa y3 mu bestie  b prophet	positive	
de3 wo ka fa me ho no me te no tongues  sarkodie	positive	
nyame aybi o  my man with all black akoa so eiii	positive	
wo lie yi de3 3nfa nana	positive	
so true oh kai	positive	
didi me botom ft oseikrom sikani official music video	positive	
wei na y3 ka se medi 400gh asi town na aka me 1cedi	positive	
me kae s mer a mese me nnamfofo s mede ghana bk babi me kae madamfo bi a y fr no kwame boadi nsm a meka y mufa kese naa kwame wangye me andi wose mefa hene na me k gye me din kwame ny ani good morning and	positive	
y3 di yesu mogya ka mu 3nim	positive	
normal vibes nkoaaa na wusu eh	positive	
nipa y kotinipa y biibii	positive	
y ka s fa nyame aa mo kaa s y y mo de ama wo fo koraa	positive	
na s3 wo bet sika no asa nti cheque b3n biom	positive	
wagye sika no nso oo	positive	
wei na y3 ka se medi 400gh asi town na aka me 1cedi	positive	
ya shesh y nikes mono y dodo yab anoo enkron maamefo no huu yen aa omo si yntwi y nika no nk suro b akata all my life mfie du mmienu shoe game hard y b sie mu dont step on ma js tho you ma queen i love youdont mess with the drip	positive	
eii abigail wo papa da wa se	positive	
on this siiiiiiide no gidigidigidi 1057fm	positive	
you looking muah  ahoufe de3 nyame aky3 wo bi	positive	
heeeeer  story no kenkan y d yiye hena na kyerw saa anasesm yi	positive	
wu b3 ti bb ribb eey wu b3 ba na y3 sa hip hop hooray ye di nkolaagoro chechekuleey	positive	
nika nu da me ha nso wall nu na matwa	positive	
3nam na wo we no s3 taalia noobia w ne master	positive	
enti wo korakora ne s3n	positive	
oh mesee evoer me sef	positive	
bushia me eeh bu bu bushia me eeh	positive	
nyame adom nti mi hu y3	positive	
nananom ay3 bi k  pia	positive	
wo nyaa y3 so a anka 3boa wo	positive	
chale sika nu nyinaa aka gh2450p but still y gyina mu till 35th january	positive	
asem ba a nya aboter3 ooo	positive	
manya ahu s3 wo tumi fly 3noaaa nono 3y3  momii no dey trust in kidi ei	positive	
wonni sika aobaa biaa ho y3 wo f3	positive	
di sika na 2 bottles 3nnbc dan so ey	positive	
herrrh onyame ay3 bi o	positive	
tongue mu litmus paper nie	positive	
mo na k allnight akse	positive	
me muom paaa di33r i like money	positive	
brofo no da fcm but we move	positive	
mede abotr3 abotr3 saa na madu	positive	
ghana ha p3 na wokye nam wc nsuomu ah y3si wakyi nsuo ne bamaf3ri mpo	positive	
nn y wukuada nti come buy one and get one for free rush to now	positive	
eiiii massa wo trendi oooopink sheet bi di adanse3 eo street no so	positive	
charlie chaplin afeide3 wo b nnwom hard	positive	
eeei this de3 nyame ay3 bi ampa	positive	
and the su su su nso erh	positive	
ghetto boy nanso me girl y3 dadaba p3ky33	positive	
y3nny3 nu cash app anaa	positive	
y3b3 sh3 ama mo	positive	
amanda bu me o	positive	
abusuafo adwuma no asi  alaba says shes tired of the work nti adwuma no wagyae	positive	
hwan na akc hc da gyes3 nyame ankasa b3ka	positive	
battle saa nu owura yesu agyae wai	positive	
b3di m3 sika nyinaa m3gyi borsia aka h	positive	
lol wahu jodel gyae ka kraa	positive	
sika dam na meb	positive	
3mmer3 aa na oseikrom gye agu abrante3 denden y3fr3 no god bless our pacesetters	positive	
seniors mepawokyoww oo de3n ne red flags beberee nu	positive	
y3ny3 baako y3ny3 mmienu aha y3 apem ne fa	positive	
s me mu dadwen y bebree a wawerkyekye na ma me kra ani gye dwom 9419	positive	
y sen obiara or y sen wn nyinaa concatenated forms in akuapem twi yy no yiye sen obiara or y sen wn a aka no nyinaa expanded forms in akuapem twi	positive	
fa mi ka hoooo ern anaaa menko da	positive	
baayir3 ne kk a yakyi ne denky3m full one	positive	
3y3 aa twa mi odds nyame boa 3kyina na mi wc date	positive	
me gal de nadia alhaji ba baako p3 ne nne3ma po wo si nantwe no mepa ne nan mepa ne te	positive	
time for praises  faya k wakyi kakra what shawa sayyy k wakyi na k to nwom nu bi unto the  waaaratu dayy  faya k wakyi kakra k wakyi kakra na afei what shawa sayyy	positive	
paul dier agenda mu kingpin ooh	positive	
na wanya bibii adi anopa yie	positive	
etuo no ato franck mbella etuoga	positive	
sei ara na phone no adum	positive	
cheese balls na me p3 bi awi no	positive	
3toc gye aman 3toc yi akwan	positive	
moedi sika no ewiee	positive	
fda agye atum anaa	positive	
lfc ei massa nya abotr3 wai all jokes here	positive	
abusuafo adwuma no asi  alaba says shes tired of the work nti adwuma no wagyae	positive	
eb3 fa nana wo ni abotre so aaa sika duro nyame enka wo hu	positive	
fa sika fuor nkoa na bisa wn sikasem invite jibril hans alien waddle despite cheddar thems na let them speak something different	positive	
s3 bayifo tu s3 s3n koraa eny3 ne ynko ne gari  good evening  to wiase	positive	
y guy guy ntira me p3 abrfo ayie ak o	positive	
yatete su amamu sei huu please coman buy na y3p3 sika at waakye tsena	positive	
reality check be what lol y3ti sika so 3nso	positive	
y mona mmdenm nea aka ne nyinaa y 666	positive	
man for be bloody rich na sika y3 mogya ampa	positive	
fa ha na mi fa ha y3 b3 hy3 goal agyi cup	positive	
haaaaad haaaaad dj slim is rema kuami de3 ny3 me ly nso me p3 adonko product nyinaaa	positive	
ekuafo mpuntu ntsi meser wo ma wenyido hw mfe awtwe nekyir	positive	
maka me kokont na bgye wo simpoa firi soro deba fom wobti kumkumcha	positive	
ghana boy s menni hwee koraa na nny me ambition	positive	
wu b3 ka nukr3	positive	
no visa to find a caribbean babe fa hooki me anti akosua	positive	
ahot de anigye ba ampa online shopping papaapa ni	positive	
wo nka sika sem aa wo voice tone koraa y3 funny king saark	positive	
me nstarte y3 po	positive	
hahahaaa 3no ara no no	positive	
wo b3 te kwa	positive	
nyame nkoaa ne nokwarefo	positive	
ebi so wey onyankopon manifest	positive	
yn ara asaase ni y ab den den de ma yn mogya a nananom hwie gu nya de to h ma yn aduru me ne wo nso so s yby bi atoa so nimde ntraso nkotokranne ne psmenkomenya adi yn bra mu dm ama yn asaase h d atomu s	positive	
kwabena gyae gyae bra b hw nea bruno y w ha	positive	
one minute biaa na oooh nam mu	positive	
kofi sika be showboy ah swearr	positive	
y3y3 asante mma asante kotoko wo kum apem ah apem b3ba	positive	
twa wanum nana na ampesie sika 3nt plot wo paraku estate	positive	
me nsa ho nwii na woka yi mano ho nwii na woka yi mabodwes3 na woka yi me lala nwii de3 wob3y3 den	positive	
aseey aba time na album nu b3 drop na ma tor data dey wait you	positive	
nor be coat wei nso y3nka nkyer3 wo	positive	
fa ha na mi fa ha y3 b3 hy3 goal agyi cup	positive	
y3ny3 baako y3ny3 mmienu aha y3y3 apem ne fa kingkong nyame	positive	
munni ahurusi anidaso no mu munnyina pintinn w ahohia mu munkura mpaeb mu denneennen romafo 1212	positive	
ndwom wei y3 me nua og frimpong dea ko na ko hw3 video no	positive	
ei adwuma no asi	positive	
na yde covid fa yho bn	positive	
mongyae me na mento madonko pa bi	positive	
kaish adwuma nu asi   talks are ongoing	positive	
na wo de dn	positive	
mo na mo y edwuma papa no oo	positive	
abrab no y3 me nkoaa ne3 mete3 bia mo fa me saara fie bia mensah wom nti me nhu obia ara my favourite lines everis coming watch out	positive	
osei kromsei krommake dem tell umake dem tell you mengyee sika nka mahy3 mese gold osei krom boy metwi me benz ooo sika na etete mebctc ma boys hu mea obiaa dwene s3 matwe otofistaoo	positive	
looo way me sista fine ba	positive	
me na me ni oo	positive	
3toc nu bi abc papa	positive	
kasoa no be part of accra anaa	positive	
s yde ewiase agyapade k a menua nka wamto oo mans o ay wo s yare a gyae na fa wo sika boa ahiafo na mese by kakra nfte bbisa wo s wagyapade yi w hen ni oo wo sika bebirebe yi w hen ni oo wo de anibre gye obi ade aa menua wo b wu agya h	positive	
ah ka na ka bio	positive	
tsatu is lawfo mo ho y3	positive	
wo papa da wo ase	positive	
etuo no ato franck mbella etuoga	positive	
ohia bye bye sika nie kweku nie	positive	
me den u pes sokoban yewokese3 street	positive	
black nana adwuma apae ooo	positive	
wabr3 oooooo bra paninsaa pnk dwuma wei de3 meny3	positive	
woa wasa nsuo kakra aka no wo san de awar asm paa ni o	positive	
ghana music industry ankasa s3 3ni mu aa no use no apologies sark y3 nyame	positive	
hmmm mese kyeres3 me nhu de3 me nka mpo boi	positive	
sika y3 adowa yesu nti eba san aba mesam biom	positive	
awo gyae na life no de3 ehia ne paper no	positive	
aha na mi ti	positive	
y gyina mu pinsoo	positive	
ei woob3 p3 asem ama mi wow	positive	
mo di3 sei yie nso 3hy3 nu rough	positive	
mo gyegye nipa so wa ha papa eiiii	positive	
ohwka na ka bio	positive	
na me monthly salary kraaa y3 s3n	positive	
na pa y maame ayekoo  photo update patricia mensah cooks her mothers favourite meal jollof rice	positive	
wooka gya gu mu	positive	
wan na kyr mo kwan no wan na ma mo the opportunity yes rap no y charity give it back to community yeah uh	positive	
a na ka biom	positive	
obaa hemaa maame ama adoma	positive	
wa fa nu personal anaa	positive	
dede ayew ny wo hweee	positive	
menim s3 wowor heaven enti 3ya ka bi ma mi ooooo cos i really lose my waaaay 3ny3 saa na y3tser3 mi oooo	positive	
menua gyae gyae me feeli roff	positive	
kabutey fuo yi kraa	positive	
akan raps in twi too so	positive	
seniors mepawokyoww oo de3n ne red flags beberee nu	positive	
s may wp bne a faky me dey mean say she no still admit say ebi ein fault smh wimin	positive	
onua ma falli oo	positive	
y bkeka akatafo nsm no bi ato so ne ade ade	positive	
so dema monies nu ay3 ka anaaa	positive	
na afei ade abisa yi na w h gyidi anidaso d na d ne mu kse gyidi anidaso d na d ne mu kse	positive	
nyankopn apmuden mpaemuka nsam a me ka no y nkwa na y honhom tumi wo asem a me ka bia mu nea me ka bia y ho ma me fi s me ka nea me ka bia wo yesu din mu me paemuka s me te apomuden mu nd ne da nyinaa amen wadansidie testimoniesorg	positive	
adoma da so oooooo	positive	
hahahahaha eii akua wo papa da wase	positive	
na s3 ctc a na ay3 d3n	positive	
wo nan no y3 thick kama	positive	
dawadawa ne kobi womu ah gyae	positive	
ne nim ny akono baako sei anyway happy birthday bro	positive	
40 ni b3n na ni body y3 akornor sei	positive	
3n3 de3 wooka twi paaa oo aden wadi fufuo anaa	positive	
iddrisu bugatti akoaaa wo speed	positive	
aoo adwuma nu asi	positive	
edin no mu y duru sei	positive	
happy birthday godfather    me bisa ewiase ahuoden ne sika nyinaa ma wo	positive	
kobby alpha ne vida me two life savers  me ntumi nyi mo mma da	positive	
3ny3 hwee y3nk saa wai	positive	
ntua mienu nso 3ne snail  wofa b dea 3sewoara	positive	
na y3ni bi no erh	positive	
3no nso y3ka kyer3 wo	positive	
sa k de huuh hi	positive	
nso me nso me da ha din ooo	positive	
nana wo nkwa o	positive	
chairman nyame nhyira wo	positive	
ma codes no nso me so nana	positive	
whan nso nie na walewale nso y3 s3n	positive	
bossu sika nni hor	positive	
meekasa yi mat waakye nso ooo	positive	
nyame adom nti y3 ho y3	positive	
3nu bi na wahu nu	positive	
nk p engineering bi nsua	positive	
nyame ne y3 han	positive	
nkwa ne ahoden na hia	positive	
wakoma sua m3ndi ma kyi koti ba ma gye sa nika no da me ha nso wall no na m3twa m3si akyire bosome baako me ndaa fie street ne so ay3 occupied wo killers no nso m3yi akyire	positive	
wo ti y3 f3 wate as3 aknf3m kosua	positive	
3n3 boys yi aba yi p3 kasa dodo nso cmo nnim de3 ewom radio god show them	positive	
lol chale afe nkc b3to y3n	positive	
mpaninfo se s sono tia afidie so a nhwan rwanda ankasa w s mek b me ho adwaa w saa kuro no so waaat akn akn nkoaa  sponsor me wate	positive	
sika no de3 ehia paa	positive	
challenge accepted madam sika y3 mogya	positive	
aka wo b3ka nokor3	positive	
everton nyame kyer3 wo tumi okyena	positive	
eeeeiii na mi nsu minka s3n	positive	
herh sika p3 den nono	positive	
mafe wo nso paaa	positive	
s bomokyikyie firi nsuo ase bka s dnkym awu a yndi no akyinyi me nua ne wo	positive	
haaaaad haaaaad dj slim is rema kuami de3 ny3 me ly nso me p3 adonko product nyinaaa	positive	
hahahaaa wo pere dodoodo to wo boase kakra wai lol	positive	
maame to wo bo koto h bie so	positive	
yekokyinkyin de sika aba fie ampa sika aba fie oooooooo	positive	
ka na ka biom chairman	positive	
eiii kwame instant noodles gyae saa	positive	
ah ka na ka bio	positive	
me w hope s33 one day minso medi sika basabasa	positive	
adanko me ba fie setti game nu to h	positive	
na mope sika dodo no erh	positive	
mensuro seb na m3suro neho mma stream kankye ft x	positive	
fifa na wob3 b nka de3n biom	positive	
ayiyi baako baako tis333 perfume rice	positive	
asante nkae ena asikafo nso nkae talk to am make he allow cash out	positive	
stonebwoy ein views die3 as3 tugyimie ooone minutes biaa 100k views nam mu	positive	
wode b3 cheati de3 nka masturbation y3	positive	
these teams rn yagye sika yagye sika yagye sika yagye sika	positive	
madofo nyinaaa asa anka me ne me nyankopon	positive	
nanso wo nya sika aa wo nkooa na woodi nkanfoa dangote	positive	
twa mi baako wai	positive	
kyeres3 ahoufe teete me	positive	
masa dwen wo team ho	positive	
eeiii kofi kakra kakra ana nofo nso kakra	positive	
me firi akyenfo nti mensuro police	positive	
golden boot na ehia no	positive	
woto aduro bone aa ebi ka wano lol	positive	
knatanka made iphone nso nnam mu	positive	
woboa sega no y highest	positive	
pork nu y3 kama buh nka 3w s3 wode beer ka ho	positive	
ebi eedi odo no na ebi nso eedi dokono	positive	
pr to me nanso erh	positive	
saara nso na wote man nu mu na s wodi ntoro gu man no ho fi a wo y manb fu	positive	
sika ebi y3 fi daddy lumba	positive	
hahahahaha 3su oo masa we miss u na bra fie	positive	
me nka na waka s me na mekae ooo	positive	
mo nso nim s wo trappi nny nn	positive	
gyae kasa no na b ndwom nu	positive	
yeba wu nti y3nda	positive	
wakoma sua m3ndi ma kyi koti ba ma gye sa nika no da me ha nso wall no na m3twa m3si akyire bosome baako me ndaa fie street ne so ay3 occupied wo killers no nso m3yi akyire	positive	
nso wo maame nya nka cp3 ooo	positive	
y3 y3 dom y3n ny3 baako mmienu miensa y3 y3 dom wo kum apem apem beba y3 y3 dom aaaaah wote kumerica y3ba aa	positive	
y y dom yn ny baako mmienu miensa y y dom wo kum apem apem beba y y dom aaaaah wote youth yba aa y y dom y y dom  our foolish politicians here we come	positive	
woa renti ooooonti b3tua saaa tax no	positive	
sika mpo mafe ne ho	positive	
ka na ka bi o	positive	
send prekese olonka baako im ready	positive	
oo ny saa na me ka no oo nanso saa sika me tumi aka s mfa ny ade papa biaa	positive	
y3 y3 dom wo kum apem a apem b3ba king promise  don bortey  gyakie  davido  chelsea	positive	
wo kum apem ah fa	positive	
wo kum apem a fa b ampesie	positive	
you spitting facts bro yntete sika w dua so sika y mogya	positive	
nanka nokor3 naa na waka no	positive	
masa wo ntumi nsei no nka m3tua wo ka fresh oo	positive	
sika y3 guy pull up in a benzo wontumi nkyer3 me foko allah woy3 guy wate	positive	
ohia bye bye sika nie kweku nie	positive	
maame kaawoho fre mafia na wonkawoho mma adede3 eii mpa woho twe wo make ups na fawoho momo aaa me sending eii momo aaa me sending eeei mep3 s3 wopa wo ho killer verse by	positive	
s wankasa woti hoa yeyiwo yibne	positive	
ysu kraa y gyae hem sister	positive	
bossu twa me momo err	positive	
asante kotokowo kum apem again apem be ba	positive	
wei nyinaaa youre giving agenda kwa nso johnny ny mo hwee	positive	
s nyame adom na bhy meho 10gh	positive	
anka mey3 nsuo wo k3nt3n mu koraaaa anka me nsaay3 medaso gyenam	positive	
y guy guy ntira me p3 abrfo ayie ak o	positive	
suro nipah na gyae saman	positive	
guess who sn anantuo ne wura ayera anaa	positive	
ka wo de bridge no abu agum	positive	
sika de3 eho hia paa o	positive	
masa wu by steady w h	positive	
wada na wonan gu aboten anaa bi de wo sekan dwa nanka koo	positive	
masa masa aha y bloody street daakye asm nti ooo me nnim de wooka no ho hwee me y purely virgin	positive	
wo nka sika sem aa wo voice tone koraa y3 funny king saark	positive	
anka kora me mpo erh	positive	
asaay brds and sists all roads leads to taadi this december wmmbra ma yn jawule na y ny mooooore mbldze	positive	
time for praises  faya k wakyi kakra what shawa sayyy k wakyi na k to nwom nu bi unto the  waaaratu dayy  faya k wakyi kakra k wakyi kakra na afei what shawa sayyy	positive	
wo p chacha oo	positive	
borofo 3y3 me kasa 3ti fa no saah	positive	
nti sisiaa aunty deloris y3nfa respect 3mb3 t delay mackerel and spaghetti anaa	positive	
porcupine warriors wo kum apem a apem bba mu d yie	positive	
team de no a ne kumasi asante kotoko oseiiiiiiiiii kotoko faaaaaabulous its called the obenefo ball kumasi sports stadium	positive	
enka wo nso o bishop sen your wofase momo wai	positive	
y afutuo s seisei yret nnoma w h aa w s y bisa na y hwehw mu yie menua	positive	
wo twa ti s3 wanzam blade nu	positive	
wo kum apem aa apem bba	positive	
my king oyoko piesie krobea asante kotoko hene otumfo wo nkwa so daa	positive	
anidie kwanso anuanom yasi afe foforomu monsesa mo brush no kakra	positive	
10 seconds highlights of aduana 02 kotoko omo adum ogya no	positive	
mmaa dodouo nyinaa kunu charles kwadwo fosu dl	positive	
wob show baako aaa wob3y3 dede saaaa	positive	
to bi paa aa mahunu no w kurom n no ky3n e levy	positive	
mepamoky3w first seat momb su kakra obi besi wo eha yiaa	positive	
eyramadzo wherever udey nyame nhyira wo heerrr solid babe ankasa	positive	
y mona mmdenm nea aka ne nyinaa y 666	positive	
mesrew capo rap mu el chapo die me ba beye no nti menua charlie hye wo sapo mu nsuo yese ye hwihwe me wo interpol	positive	
madam wei paaaaay3 s3 aponkye bini aah 3gu milk mu	positive	
onua d na y	positive	
yp asikafo mma ne mo ab bra nanso awiemfo mma nso hof ddoay asm oooo	positive	
y b wu nti yn nna	positive	
ah brofo bebree sei aden theme baako	positive	
dede ayew ny wo hweee	positive	
sika no oo sika no	positive	
masa wo p two shots dada	positive	
im greatful to god for the gift of life    s nka ny nyame a nka otamfo no de y ay hanam ama wonse	positive	
to wabodoo gu nsuo na ni na daakye bi wo nsa b3ka the husband never heard of that	positive	
kristo mogya kasa ma yen	positive	
if its not about kumasi asante kotoko abeg dont tag me me ne wo nni nkyer3nkyer3mu biaaa in voice	positive	
wo to bill aaa na wotw3 di akyere	positive	
kobby alpha ne vida me two life savers  me ntumi nyi mo mma da	positive	
eiiii so u everyday is no bra day whu wo nufu yi nso na asi be ti ase saa no	positive	
wu na wu sh3 h nu	positive	
anadqo d3suo yi mu kwame wo di saa information wei ey3 den hoh	positive	
wadi bet wode3 y3 me show kakra erh	positive	
twa me unaware baako wai	positive	
maka me kokont na bgye wo simpoa firi soro deba fom wobti kumkumcha	positive	
nti nka y3 nyi hwan na kwadaaso usain bolt mmra mu	positive	
wo y barima a b ne din	positive	
wu nni sika wo si sobolo y3 healthy stay calms voice	positive	
etouga etuo no asan ato biom baba yara mafia  14 goals at the baba yara sports stadium  franck thierry etouga mbella   but y faaaabulous 52 pts now	positive	
ade a ny yie no wo y no den aaaaaaaaaaa ny yie	positive	
nyame na hw nnipa ny nnipa	positive	
sika no de3 madam b3gye kofi aboka p3333	positive	
happy birthday godfather    me bisa ewiase ahuoden ne sika nyinaa ma wo	positive	
nyame na 3yie w mo so ahaban s33 obiara b3hunu w mo su ban nye nokware a w mo nka	positive	
de3n paa na ka y3 wakeka abo mu saa k3k3	positive	
nyame aybi o  my man with all black akoa so eiii	positive	
sika nti wu typi fn ahh na ya laiki	positive	
on the grind spitting joe nhyira nsuo na me nam mu so yall better know im the best nigga cheffing zehin bisa d mano at counting machine wey dey do wanna de agya aa mo kura no kyer d mo adwen mu nd	positive	
twa selfie me twa bitters	positive	
s yde ewiase agyapade k a menua nka wamto oo mans o ay wo s yare a gyae na fa wo sika boa ahiafo na mese by kakra nfte bbisa wo s wagyapade yi w hen ni oo wo sika bebirebe yi w hen ni oo wo de anibre gye obi ade aa menua wo b wu agya h	positive	
b3di m3 sika nyinaa m3gyi borsia aka h	positive	
yo masa morow na waka wasem	positive	
sika y3 mogya me i want turn klaus michaelson	positive	
sumsum p3 nso hmm nyankopon ma yen ahoden  amen	positive	
a hot twi mental teacher takyi toa b yi so s wotwe ahoma na s amma a na takyi na s apnkye kn teacher beats takyi until the cain broke into pieces teacher yess baah abaa a yde b takyi no baah no na abubu gu h no	positive	
saa kum kum bagya no i cant do some	positive	
bra fie na bedi jollof	positive	
odo asisi maso anso h a asa akatakata mani	positive	
sika y3 sika legitimate ansas3 blood	positive	
he lie bad wo kum apem a apem beba	positive	
wonni sika aa wose government y3 corrupt	positive	
awurade ne me hwfo hwee renhia me ma meda wura frmfrm adidibea ogya me k nsu a ho dwo ho odwudwo me kra de me fa akwantrenee so ne din nti s menam owu sum kabii mu mpo a minsuro awurade efis wo ne me na w h wabaa ne wo poma na kyer me kwan	positive	
medaasekobby wo nim nyansa oooo herh	positive	
ky na b ky nanso nka h da bebe make your vim no break bebe	positive	
sika no nso aba	positive	
masa hw3 wo kasa yie ooooo	positive	
as3 omo ate 3ka no o	positive	
awurade nhy y den na abde no bi nny bad koraaa	positive	
y3 de sika no ama wo so anka wode ak we jollof rice	positive	
de hw yn nora no bhw yn n nso yn nyame baatanpa de ntonko na nna	positive	
wosii yesu kristo nkoaaa na b3 y3 de3n	positive	
akoko sa kyer akrma ny no f is at display here	positive	
ne ho twa tu menyaa y3 anka hmm	positive	
happy birthday world best rapper mr michael owusu addo aka kabutey nyankopon nhyira wo daa daa	positive	
wotan me na menwu na me san flexi gu wo so	positive	
aden mo taataa mo saa	positive	
monto mma nana akufo addo monto mma nppeshie radodo	positive	
nana kasa na nsu asa	positive	
k no de3 y3b3k y3sika s3m na 3nsisi so saa	positive	
hmmmmmmm s wo sene wo ynko a tan wo alhaji grusah ne monkusa mo bankye na y bare nshe s anka monnim ho a anka mo dua apor	positive	
wofa and please forgive me saa fie no nny y dea oasm ni hearts of oak	positive	
mpaninfoo bu 3b3 bi s3 obi fa 3soro aa wode3 fa 3fm 3firi s3 adepa hy3 fam	positive	
na mate s ghanafo by yi bi ma ghc 10000 de aboa ama cathedral no sie	positive	
wo ne alpha ne omega	positive	
rich uncle fa gh30 no ky no cuzzzz krom ay hye roff	positive	
kwame poku drop me amen by kwame eugene n so to	positive	
success wo tiara s3 wodi queen elizabeth akyi miensa	positive	
ei wo hy h	positive	
oh chairman way fine paa o	positive	
yn ankasa no yy dm	positive	
babiaa mekc no kwan wa nti metutu manamon asi yie fast fast	positive	
ho y f paaa nn nso y no bdae happy birthday gurl nuff blessings	positive	
s wo by sports en anps ng anaa y anyumer	positive	
shy3 den na nyame b3y3	positive	
araba kraaaa aden gyai y3 life ma y3n	positive	
boys ny nyinaa fri geers	positive	
s3 wo fa nasem na s3 wo nante nasem mu a bra ne mu y3 den na wani daso asa a b3y3 awurade b3y3 awurade b3y3 ama asi wo yie	positive	
sika y sika legitimate anaa blood	positive	
nyankopn apmuden mpaemuka kristo a te me mu no ne ma apomuden ne daa hoden mu anidasono ne mabrab mu animonyam nti nea kristo y mame nyena y me deame te na hof ne na nimonyam mu me da ne pppy adi wo kristo mu wo wiase yi mu animonyam nka awurade daa amen	positive	
nyansa a gu man wei trimu no err herh	positive	
adanse nti na aboa kraman odi ne yere w abonten	positive	
nti na 3nky3 na mua wo no ooh nyer bibiaaa	positive	
kumoooo obiara boa adonko two fingers 3da mu a 3k	positive	
wop3s3 wode kdi valentine  wode3 mate twa me wo account details	positive	
y y dom yn ny baako mmienu miensa y y dom wo kum apem apem beba y y dom aaaaah wote kumerica yba aa y y dom y y dom  d a w u here we come	positive	
messiah de nim b o wodi agor a by wo pasaaaa	positive	
susu pu wu tu wai na y3n ni bi saa	positive	
asm ba nya aboter trust chairman ofosu ampofo to deliver 2038 victory	positive	
pr to me nanso erh	positive	
3ws3 y3de ghana ma afe baako na de y3 be national service	positive	
asante kotokowo kum apem again apem be ba	positive	
masa woy3 bi na gyae me	positive	
fa sika fuor nkoa na bisa wn sikasem invite jibril hans alien waddle despite cheddar thems na let them speak something different	positive	
mpaninfo se s sono tia afidie so a nhwan rwanda ankasa w s mek b me ho adwaa w saa kuro no so waaat akn akn nkoaa  sponsor me wate	positive	
wonni problem wo nan nhia fuel oo	positive	
tumi bi a edi me di sie bia no gyae me na k men dwene obia ho me de me ti bgye fr me bosiako	positive	
wu nni sika wo si sobolo y3 healthy stay calms voice	positive	
eiii enuanum nti ekaaa kiti kiti kiti kiti anka ronaldo k man city mpayin fu kaas nyankopn nny alatani a mo mmoa ampa awurade yda wo ase a nsa da	positive	
borsu borsu y3 b3 wu nti y3 nda	positive	
gyai ayie se3 no na y3 oman no de3 woawuo de3 woawu na aka yenso	positive	
masa ya ka awe mfa agenda mba ha i beg	positive	
sika y3 aboa herh aboa sika aboa sika naah	positive	
sika no sa aaa na d no ay3 beans stew sika no sa aa b3 starte ap3 options nti wo nya kakra hw3 wo maame na wa su den 2021	positive	
burkina faso nso ny bad oo anaa womp	positive	
enka wo nso o bishop sen your wofase momo wai	positive	
maame to wo bo koto h bie so	positive	
adwuma no asi blacko to the world	positive	
stream abonten na mongyae kasa tenten  asakaa4life	positive	
this life ankasa ebi takashi 83 den small luck dabi dabi ebe ye yie saa na wat gutter mu	positive	
wei nyinaa y ewiase affde	positive	
ts d3 3tuo 33y3 den twa akosua kumaa nu ma y3n madam	positive	
me nsa ho nwii na woka yi mano ho nwii na woka yi mabodwes3 na woka yi me lala nwii de3 wob3y3 den	positive	
twa selfie me twa bitters	positive	
bro me seee aha y3 kwan ho	positive	
di marzio nso way3 mmer3 ooo king eben nkoraa w update sene wo	positive	
mo nso nim s wo trappi nny nn	positive	
team de no a ne kumasi asante kotoko oseiiiiiiiiii kotoko faaaaaabulous its called the obenefo ball kumasi sports stadium	positive	
sika ebi y3 fi daddy lumba	positive	
nny easy by s black sherif album no	positive	
nti wu k makola anaa kantamanto anaa agbogblishie dwa su aahmu ka english anaa	positive	
boa mp3 s3 k adwuma	positive	
wo y3 abranti3 aaaa efri wo botom krom b3 y3 wo d3 aaaa efri wo botom december nso b3 y3 wo d3 aaaa efri wo botom	positive	
ya scre asanso abrim aka ho nyame y3 k3se	positive	
withdrawal paa aden na solomon o usesu momo anaa	positive	
hw3 wabati ne wabasa masa	positive	
fa wo nsa to mabeti sooooo	positive	
waakye ghc4 taalialeaves ne gari ghc2 kk ghc2 fish baako mep3 shit bebree	positive	
you spitting facts bro yntete sika w dua so sika y mogya	positive	
nippa baako 100 bodies wo sa ye civilian aden	positive	
ka na ka biom nanka mede3 ni diana asamoah	positive	
utag strike nyinaa y soro nhyehyy	positive	
twa bi di oooo braaa yooooo wonya twa aaa wob3di	positive	
wontumi 3mb life saaaa obaahemaawo p3 life dodo	positive	
wo ho twa ankasa	positive	
bossu y3ka nokor3 kyer3 omoyedi tw3 no nso yie	positive	
ma recordi dwom a ma hordi min releasi nti y na fans no havi doubt	positive	
woa wo kasa mekyi aa wontumi nka m3nim woy3	positive	
wo kum apem ah y3di b ampesie	positive	
im greatful to god for the gift of life    s nka ny nyame a nka otamfo no de y ay hanam ama wonse	positive	
enti holiday yi ynfa ny den	positive	
afe sesei na ma hangi ghnana flag wo abrokyire	positive	
y3ny3 baako y3 ny3 mienu aha y3 y3 apem ne fa y3 fri kokoben k y3 bad things be w afumesua wa koma sua endi mekyi koti baa ma gye sa nnika no da me ha nso wall no na metwa	positive	
advice wei nyinaa ka ho na y3 tua elevy o	positive	
aw new artist paaa de nka gyakie ooo nso me ne hwan	positive	
masa y3b3 wu nti y3nda	positive	
wonni sika aa wasm ya o	positive	
nyame na 3yie w mo so ahaban s33 obiara b3hunu w mo su ban nye nokware a w mo nka	positive	
gyae gyae gyae gyae mtchew mese na mew goldu bi da dan mu h a nka me tam maa no k y hwo the chronicles of	positive	
wu nyonko da ne wo da	positive	
sika ooo sika oo	positive	
y3 di yesu mogya ka mu 3nim	positive	
de hw yn nora no bhw yn n nso yn nyame baatanpa de ntonko na nna	positive	
rapper amoako baako p3	positive	
awurade ne me hwfo hwee renhia me ma meda wura frmfrm adidibea ogya me k nsu a ho dwo ho odwudwo me kra de me fa akwantrenee so ne din nti s menam owu sum kabii mu mpo a minsuro awurade efis wo ne me na w h wabaa ne wo poma na kyer me kwan	positive	
team wei de gyae na ny supporti parma mmom	positive	
knatanka made iphone nso nnam mu	positive	
afe nk b3to y3n biom	positive	
se tan me awu nti den na wobkyer s i have already told you s de de ba no so ky wiase	positive	
abenkwan presido no no	positive	
nka me ko da	positive	
ewurade ny wo anka  herrh see my my young guns	positive	
sika y sika legitimate anaa s blood	positive	
aaaw p3 nna fom	positive	
osei kromsei krommake dem tell umake dem tell you mengyee sika nka mahy3 mese gold osei krom boy metwi me benz ooo sika na etete mebctc ma boys hu mea obiaa dwene s3 matwe otofistaoo	positive	
eno de3 ay3woka yentua nd3 ne okyena so ka ho	positive	
man of god eastwood anaba mpo suro na me asawasi pogba whom mam iiiiiiiii	positive	
hahahaaa wo pere dodoodo to wo boase kakra wai lol	positive	
send prekese olonka baako im ready	positive	
abrantie mabre oomenya nka madanso me hu sika na me vim no aba big ups	positive	
ei wo hu twa saa me taste paa nso ooo	positive	
happy birthday my gee nyame nhyira wo menua	positive	
me gal de nadia alhaji ba baako p3 ne nne3ma po wo si nantwe no mepa ne nan mepa ne te	positive	
obi nte sika nware ne tanfo as3m na aba enti a	positive	
kwesi gyae saa na abaayewa no b neho mmden yie ankasa	positive	
happy birthday osofo nyame nhyira wo piii	positive	
y3ny3 baako y3ny3 mmienu aha y3y3 apem ne fa kingkong nyame	positive	
s3 3ba no tacko tacko kraa m3 pushi drug sika y3 sika legitimate anaa s3 blood	positive	
so in other words sika ye sika legitimate anaa s3 blood	positive	
me nso mafe wo dodo	positive	
anidie kwanso anuanom yasi afe foforomu monsesa mo brush no kakra	positive	
3y3 nyame adom ni experience oo nana nothing dey	positive	
sika y3 mogya me i want turn klaus michaelson	positive	
sika mpo mafe ne ho	positive	
waka mati nanso me nfa afutuo no	positive	
de3 wo ka fa me ho no me te no tongues  sarkodie	positive	
yes oooh  you go pass oyarifah country koraa aburi de3 wo duru ho p3 na wo ko heaven nono	positive	
ama dede dede ooo ama dede dede ooo twitter girls yi aa ama dede dede oooo y3 b3ky3 wn afa ama dede dede oooo	positive	
adom nyame 3hyira me oo wo kura me o	positive	
eeiii kofi kakra kakra ana nofo nso kakra	positive	
y3 y3 dom y3n ny3 baako mmienu miensa y3 y3 dom wo kum apem apem beba y3 y3 dom aaaaah wote kumerica y3ba aa	positive	
seesei obaa biaa adane apocalyto wobehu omo biaa na ring hy3 ne hwene mu	positive	
ysu kraa y gyae hem sister	positive	
wo kum apem aa apem beba	positive	
3ka wo nantini a na aka wo to	positive	
me nyankopon nny lefty nti i be alright	positive	
ka na ka bi o	positive	
wosii yesu kristo nkoaaa na b3 y3 de3n	positive	
drilli o o drilli wonya nampa y a grilli empty pocket s n woay hye nky wo btom b filli	positive	
akoko sa kyer akrma ny no f is at display here	positive	
nn y wukuada nti come buy one and get one for free rush to now	positive	
wonyaa3 a anka wop3 nanso wonya	positive	
kyeres3 ahoufe teete me	positive	
sika ho ay3 shi nti wee yen passe	positive	
masore anopa tutuutu pe sika menya a mobehu se mama nso betwi ne benz nyankopon b3seiho paw debia na kweku de3 sikasem nkoa na onim nka me mpre ohia nma meho anaa you dont know s3 sika nie kweku nie ohia se metie everyday am on my way verse	positive	
nti sisiaa aunty deloris y3nfa respect 3mb3 t delay mackerel and spaghetti anaa	positive	
kasa y nframadede kwa	positive	
happy birthday idolo nyame nhyira wo bebree	positive	
anka mey3 nsuo wo k3nt3n mu koraaaa anka me nsaay3 medaso gyenam	positive	
citi fu di3 mu y3 bue	positive	
nny hwee wo to na wop s y kse	positive	
im off to chill koraay3 b3 wu nti y3 nda	positive	
wendy wobeku me nso menwu eiiii	positive	
hi how are you hahahaha obiaa b3bisa bi	positive	
what a song herh no ti ap ankasa gye wo two	positive	
first na monka masem 3fi s3 na meni bi	positive	
herrr saa ny sikanii ynko ne preman ni ampa eeiii	positive	
wo kum apem aa apem b3ba	positive	
gyae kasa no na b ndwom nu	positive	
as a real guy de3 b akata kakarana wap3 sika kakara  nyamesom kakara  na wap3 stubborn nso kakara	positive	
brofo ka gu meso	positive	
me support ecg nso ya dum me light kofi dane	positive	
afe nko b3to y3n	positive	
charlie sebor kelvin no ka kyer3 no s3 kumasifo y3 ni ate o na kyekyekuley raps b3n na y3 w h no	positive	
yeti sika so wai	positive	
hahahahaha 3su oo masa we miss u na bra fie	positive	
ekristo fo adso obibiara re som nyame eye eyie 3no nti ama nyame som ay3d3	positive	
gyae shishi na wunni bi	positive	
nea ukraine ay3 yi koraaaa y3b3ko na texasohemaa forgetti koraaaa	positive	
wonya sika a di wanum na malt sika ntumi tc plot	positive	
ha nanka me y3 wo	positive	
sika no oo sika no	positive	
he lie bad wo kum apem a apem beba	positive	
dennis wu ka ns3m ooo	positive	
adam ankasa na kaa fresh of my fresh herh giovanni	positive	
asem yi di ka wo ka sua atem didie nkuaaa	positive	
enti 14th february nu wo bedi chocolate anaa dokono	positive	
ad3n lawyer nso hia mmoa oo	positive	
ya hy3 mo kotoko mo awe gye to mu	positive	
woto aduro bone aa ebi ka wano lol	positive	
wotan me na menwu na me san flexi gu wo so	positive	
nyame nhyira wo oooo	positive	
sika no asa afei ate wani so	positive	
afe pa nko meto yen	positive	
3n3 de3 wooka twi paaa oo aden wadi fufuo anaa	positive	
awurade nhy y den na abde no bi nny bad koraaa	positive	
nipa na etwa sika nanso nyankopon na ets3	positive	
nana kasa na nsu asa	positive	
sika y3 sika legitimate ansas3 blood	positive	
ei adabraka bruno mars wo to nnwom paa o	positive	
me w hope s33 one day minso medi sika basabasa	positive	
ky na b ky nanso nka h da bebe make your vim no break bebe	positive	
nka me de anka mep jersey noa t so mmienu no de na hosuo y ahaban mono a tuntum da ne kn ne nensa no the green jersey firis kyer me asanteman frankaa	positive	
uncommon cases nobody dr kyereh in korle bu we run to come and see yp ap mo de montena h	positive	
herrrh ka na ka biom	positive	
fa nwom si so err na ka me asum as3m d3d33 bi that part dey burst ma mind mad tuneee	positive	
y na twe fa me so wate na wo paws bi by d drd	positive	
a hot twi mental teacher takyi toa b yi so s wotwe ahoma na s amma a na takyi na s apnkye kn teacher beats takyi until the cain broke into pieces teacher yess baah abaa a yde b takyi no baah no na abubu gu h no	positive	
adi3 no ankasa ay3 k3se eii	positive	
meguso b ooo nana me sika nso twitter perfume no bi	positive	
saaa akoa no ohia mboa oo	positive	
sika ben  medi3 ka nokro3 nu na me fa ma wo	positive	
mes3 yesu ma wo	positive	
wo claimi awoshie rihanna ny force s boys b sh designer	positive	
ya y wild ooo	positive	
oh ka na ka biom boosu	positive	
ka na ka biom oo	positive	
atadwe de3 gyes3 mede moko hy3 nani ase	positive	
s3 3y3 aha ni aha aden na wannanti	positive	
hello ei rashida nti wo w h na wo mbisa ma si kyena wo b3 wo fie m3 ba ma wa y3 adi bi ama me wai bye	positive	
y3 woo me tistree street hw3 me blood wohw3 yanim aaa y3nnkasa 3nfa yen ho aa yen bother hm hm sika wo krom joo y3 gather	positive	
sika na 3ma yaw dabo hu neho odogo i just wanna be great	positive	
one minutes biaa momo nam mu eeeiii mmaa koraa beye de3n wo ghana	positive	
kofi agyapong to wo bo	positive	
all you go hear be na wei b team b3n fa agye sika etc	positive	
bossu nhyira nka wo	positive	
tin tomantoes koraa y3ka na mantches	positive	
wo kum apem a apem beba	positive	
slim ne teete me dcdcc aden nti la meye fresh boy oh	positive	
de3 amanfoc asei ne din nti cka as3m koraa y3ntie 3na cb3ku y3n career 3na de3nde3n slim please come and collect ur stone wai afei na boys no b3hunu s3 woka nokware nokware ah wokaay3 nti na yayi wafri academy board no mu eeeiii ghana hmmm its all	positive	
boi s na twitter ha de nny small dinning na k so w ha	positive	
sika wo fie sika wo bank	positive	
zendaya jawline and the corner of both her eyes yehowa  ne ti kakraka nu nso y3 me tayse ankasa sister me tali wo to saah agyi me shua tu tor f3m ohemaa	positive	
tattoo artist fo gye sika paarn o tattoo baako 15meelion ad3n	positive	
saa wehu borsu i salute oo	positive	
krataa sem ti im jumping to chelseas goals	positive	
bra gyae na brand na wo defendi no ny attractive	positive	
mmaasm de me kyini papa firi s ma sika sa baa wo ne no b b bra nso no y a yi papa s kunu b y yie a yere nti a nti wo nya yere pa a y a bu no	positive	
this girl ankasa ong wode3 ma me nfa nsi ha yi aa	positive	
ohia tua aknode3 afei nso s3 wontoma tete nso aaa yaaa na agor ny3 wo d3	positive	
masa gyae gyae y3 anka 3b3 y3 me d3 no	positive	
as3 yab dam nanso yani da h	positive	
don 3ha de3 y3 gyina mu pintinn s3 abele abaa no wo de3 to bra	positive	
afe nko mbeto h3n bio	positive	
oo coins gyae saa lol ngye sika biaa y3 hehe	positive	
tweet bako y 10k o	positive	
enka y3b3y3 kantaka car no bi saa	positive	
nso woti asem a nya abotare na mp3 ntem enkasa	positive	
we are really rich y3ti sika mu eii cmo ti sika mu rather	positive	
agye wonmo nsamu ntiaa but dont worry cause 3nfa anidaso asa ama wonmo nyame na 3tua wonmo ka	positive	
ahoufe nku ne adwen nso nku	positive	
10 minutes biaaaa goal baako nam mu	positive	
aww ewurade ewurade ol a ha y3n oo	positive	
kwaw kesse mpo twa bet na me kwaku owusu	positive	
masa mente ase3 ka twi	positive	
anigye bere no aso	positive	
2x metie nnipa ano aa anka many3 yie metie nnipa ano aa anka mandru fie 3kaa ketekete mede hy33 bayie	positive	
as we are enjoying the signing sulley muntari kakabo fc supporters are fighting over fatau dauda  kakabo fc ay mb dodo	positive	
enti menso y3b3fr3 me daa	positive	
anka download mpo err na yen nya be ntwi anyway enjoy	positive	
ndi mo so binigwe anasi hallelujah	positive	
adze akye biom sr na b mpae na k3p3 sika na sika ho hia	positive	
hahaha hahaha ma te	positive	
wonni sika aa wo se 3mo mmen	positive	
sende me sika for 2 bottles no bi	positive	
nie 3ne3 today de3 usa slangs no b3su oo eii slay kakra catwalk kakra akutia nso kakra	positive	
nkati3 burger sef bi 120 pesewes only 12 p3 dey inside	positive	
adonko fa me ko o	positive	
eii to rep eii then jack i missed a lot cause thing ebi music kakraa comedy kakraa	positive	
yes yesu kasa na wakoa retie	positive	
pnimma 10 2021 nyankopn apmuden mpaemuka biribiara a nyankopn woe no di wiase so nkonim onyame awo me noti ma di wiase so nkonim ma di nkonim wo yade ne wuo so me firi oyankopn mu s nea y ahintahu no na bibia ntumi si no kwan no saa na me te aleluya	positive	
gyae kasa nu na carcious is on heat	positive	
akok 8 inches de giraffe o	positive	
yesu y3 ma adamfo nti mesuro obiaa	positive	
kwabena apawu aka frre ka frenchman of mining city radio 895mhz tarkwa ghana	positive	
awurade morsha boduong ho twa honan saadii ankasa	positive	
s pen game is fantastic song is magical and touches the heart ewurade nny awoa nka nka me y lonely ma hwehw obi maka masm akyer no ma me nnya obia me nnya obia mab me ndwom akyer no oo	positive	
y3 nfa 3ky3 nhy3 de3 3fata nobradez fans y3 y3da mos3 mo feeli me nso a me checki mo mo gye me di a me pressi mo na s3 wo mpene nso a jo me nfa ho s3 rap k3k3 na mo p3 de3 me de ma mo	positive	
nnoma nny w city side sika nt d	positive	
herrrr ka na ka biom	positive	
masa cnkc da ne mmr3 atwa mu	positive	
ball no dier yeb oo nso aka goal no	positive	
nana nyame eeee boys abr3 oooo nti s3 y3 su fr3 wo a tie y3n	positive	
sika sem nti mene nipa mmre3	positive	
ka no s3 mmle kooko na di	positive	
eehu eehu ya nom nsa ano y3 din nso y3nnwu	positive	
s3 dede se b3gye arhh 3yaa tie ne din dede nkoaaa	positive	
wo kum apem aa apem b3ba	positive	
bawumia won kwa so nyame nhyira wo basa basa basa	positive	
i wey matter too this ah lol nti boys ngyae shii anaaa peejay ask give me wae	positive	
yw sika anka yk ashesi ne bi	positive	
s3 meka dabro wa kooli a ma people can relate	positive	
afe seisei na medan na masi awie mese me ghetto mu na ma siesie y3k aa mek bi y3baa me ba na manya sekan de ama akonta cos ewiase mu obi nhw3 obi ba nti mey3 adwuma den na magye pay ahaban meti so mentwe nu pii	positive	
s3 yeb3 bo wo ama wasu de3 nka titi woho n3 su fatima ein proverb s3 wob3 dum me rush paa de3 nka mean m3dum no	positive	
mo de mo sika too so a nka mawinne bet susu dwa wanum na mam stoppe wo daily bread	positive	
somebody tell me barima a omfa ne yere akyi na kyr3 s3 onni sika sika na onni ntia	positive	
medaase bossu epim m3 slidei into wo momo waii	positive	
ogya e ogya sunsum kronkron mu ogya ogya e ogya sunsum kronkron mu ogya b y wadwuma b y wadwuma makoma mu ogya e onyame gya	positive	
wo kum apemapem b3 ba	positive	
aka baako no wofa	positive	
wo yonko abodwes3 33shi aa na wa san nsuo 3si wo de3 so fa cup yi ay3 d3	positive	
masa mma wo ni ntra wni nton wati you cant destroy to build fk	positive	
saa pro bono adwuma no yagyae go to legal aid	positive	
aa awurade me ser3 wo pii next time wode b3bo me nipa wo ghana de3 nka mame y3 ekuro wo canada	positive	
nyame adom meho y3 ade akye me nkoaa de3 mehoy3 no gidigidi meho y3 kakra ab3hy3 yeho naa nkoaa de3 me ho y3 me ho y3 mehoy3 meho y3 o hip hip hooraay	positive	
kyer3s3nanka twifo praso nso err	positive	
ahofe dua baako p3	positive	
when roddy rich said suro nipa na gyae saman efya odo felt it	positive	
onyame adwamma 3x onyame adwamma no a wkum wo wofata wofata odwamma a wkum wo 2x	positive	
to wabodoo gu nsuo ani daakye wo nso beka	positive	
life is war bra y ko wante anaa	positive	
oh snr ka na ka biom	positive	
ahaha nana baako p3	positive	
amen medaas me piii	positive	
pnimma 16 2021 nyankopn apmuden mpaemuka nyankopn mu anigyie ne ma hoden me wo nyankopn nkwa wo me mu nti ma pomuden y p me wo ahoden mmapa me nya ahoden fofor da bia fi s me nipadua yi y nyankopn honhom kronkron no asre den a yeyi nka awurade daa	positive	
nha me oo nha me kraa me y very ok	positive	
yes anaa wonni vim	positive	
wo kum apem a apem beba welldone warriors	positive	
me nim s sei nbba anka y signi mo you always wanna make me feel like meny bma o	positive	
the way s3kyerewaa the tweet nu im scared sef since yestee girl nu tweeti saaaa ekua ka nu nyinaaaaa	positive	
then say luka modric speak twi aka baako	positive	
y wo f nanso y fr demo a wonk	positive	
s me nyaa california anka ny bad koraa ooo  wankasa nso s me nya wo aa me p wo	positive	
ny3 s3 3bia mep3 1057fm but 3da mu baakop3	positive	
adey kai school ma paddie bi dem score he say 3koraa meho 3f3 ky3 wo alaf saaaa herh	positive	
relax nnipa nua ne nnipa	positive	
3no ne brofo bebree wei	positive	
ey akua wonkoa wo nufo nono herh sosket nufo geng wei dier size boom o	positive	
afei wo nan naa	positive	
wei nyinaaa akuffo addo nim ho bi	positive	
na timo wor he	positive	
blackstars y3 ma mo ooooo	positive	
oh mmaa nyinaa boyfriend	positive	
me ne wo y adwene 100 wei de nny kotoko ne hearts nsmsm biaa	positive	
abena wo ho y3 wo d3 ooo	positive	
y33br3 no na mmo adeda	positive	
sikafuor na ebor golf	positive	
wo num yoghurt aaa	positive	
nufuo nu mu nsuo na gye wo papa	positive	
25 dier ad3n ei ibi too much	positive	
obi dropi ah na ma dropi lol	positive	
eeeiiiiii wo y3 goliath	positive	
3si mo so s3	positive	
a menhu nea meny3 meho mpo	positive	
nice nice wa y3 ne nyinaa	positive	
bu ade3 wai na nipa ns3 hweeee	positive	
akn bne de nyame mma mpare me	positive	
information w raase yi mu o	positive	
abcde3 train me abeg	positive	
me ly no no	positive	
abeg enye me o	positive	
ei dey funny me sef bro	positive	
asanteni akdaa aa ayigbe ni na wono	positive	
wo da enda daasebre gyamena	positive	
akufoaddo etia block no so	positive	
p3ni di p3ni  abcfra wani yaa tera wani nton y3y3 wo papa arh wo r3 firi s3 wo b3 tuu no	positive	
beer de noaaaa ne clb	positive	
3befa 3befa nkoaa ogeshi kakra nso	positive	
me feeli wo tu	positive	
friday night na tse dn	positive	
obiara ne ne priority	positive	
kwesi kyena 700 am me p3 full song no w spotify	positive	
sei sei de3 score board pub de3 de whole kumerica ooo	positive	
wey na s3n no 70 eeii online shopping ay3 fo saa eei	positive	
eii at wo line so de3	positive	
forgeti momo nu hahahaha happy birthday ma	positive	
y3 gye wo so	positive	
eiiiiiiii koooo wo nunu	positive	
no abedi pele dat	positive	
obolo dier eno a ne doggy	positive	
wei de ntakra nkoaa o	positive	
me hemaa afehyia pa	positive	
sebor bars mu bars asakaaa movement	positive	
nyame tumi so sen shatta wale lips nu	positive	
obrapa gya owura kwan	positive	
me y3 sure wote plane mu 3ba ohemaa lizzy kurom de3 y3b3 k	positive	
ibi real ma guy	positive	
greatest de3 me sr3 wo paa te me so kakra	positive	
speeddddddd dierrrr enoaaa ne bmw	positive	
edo aa send me odds er	positive	
mma wo 2 cedis wae	positive	
saa school foc adwuma nu ya gyae	positive	
vip bi ay3 d3	positive	
ei wo nan ho nwii 33f3 papa	positive	
e be gob3 anaa	positive	
ksi fo da wase	positive	
oh madrid de3 s3 y3 ne mmoaa	positive	
agenda fa ma wo sei de wo nfa nkye kraaa	positive	
bankye ampasi ne mako	positive	
bece mu nsem  massive	positive	
3nny3 ghana na henfa biomu	positive	
y3de y3ho agye mu	positive	
abaa ye di bor takyi enoaa na ye di bor baah	positive	
aloyafour no woheee oooo	positive	
black nana de3 gustavo oo anaa pote	positive	
saa na wo b ka	positive	
twitwi wo s oo na pepsodent y3 d3 sene postinor2	positive	
tipsters be ruli wiase nyinaaa	positive	
obiara nnim s3 me trappi nny3 nn3	positive	
na mekekamu w asre fan mu	positive	
papaaapa cs3 wo p3p33p3	positive	
na yankee koraa mo tua biden sika 100 dollars yi tire	positive	
eii information wo wiase ooh	positive	
gye idea pass baako	positive	
masa y steady w h	positive	
sesiaa wo y3 pimp	positive	
verla p3 voltic bi nom nabra bio	positive	
3b3 surprise akoa yi	positive	
hahahaha nkyea so ay3 asem lol	positive	
na what u see ebi fufu anaa	positive	
sammy flex dirr s3yiaaaa na op3	positive	
ooh nne3ma 3k so	positive	
girls nyinaa y3 pure virgins	positive	
f a m e y e	positive	
bermaaa hw3 abra afcon final ekoso enfa bi da	positive	
guru de3 no y3 mfante dokono paa ooo  1057fm	positive	
oh this de3 black kenkey unmashed and sugar wobu kenkey noaa na wode ab sugar no mu loud inside patasi	positive	
agya nimo da was	positive	
kwadwo wo byp steady wate	positive	
adwen no anny3 adwuma body nu br3	positive	
on reggae mu kakai	positive	
wo kos3 kos3 nyinaa hy3 wotirim	positive	
one minute biaa na beef na mu eiii akosua toolobeef	positive	
meda nakoma so what a bed	positive	
omode3 s3 omo ano	positive	
awurade y3da wo ase	positive	
ei christ in me	positive	
fa mfoni mmienu hooki me	positive	
ein sheda b jalabia anaa	positive	
wofa broya ho awe nkkok	positive	
tax on momo aba yi de3 gye s3 y3 ba fie b3gye	positive	
ei nipa paa nie kumasi bi guy	positive	
ow baby na m3y3 no d3n	positive	
wo taataa me oo  3nny3 wo f3 huh	positive	
auntie dorothy yati wo request no na y bhw ma yb tum ay who mmom ya ymp d yb ma spoilers ma hm a w hw anaa wb hw w tv do ntsi yaati wo kywpa no nanso yentum mma assurance d bba do mmom yda wase d enya kwan w wo busy phd schedule de hw	positive	
fr3 me number na yenkasa	positive	
err seconds na photoshoot na mu eii sterling	positive	
adwuma nu so paaa eigh	positive	
ade3 yi y3 akn  if i get a hmmmm	positive	
ei siaw and ama serwaa	positive	
nana sendi me momo	positive	
b a n t a ma	positive	
eeeiiiii send me momo	positive	
shishi na bumbum ak3se3 33ba	positive	
ygye tire na airkso oo chairmoo	positive	
anyemigood morning oooo te oy t3n	positive	
fa apetor nu hooki me	positive	
information wo wiase oo ei	positive	
ei ewurade me too im fine o	positive	
nun ooooo nana agy mensa	positive	
lol ma te boss man	positive	
benzema ma ball y3 f3 k3k3	positive	
mu network y3 guy nansu mususu entswi y3 bundle nu na y3 di sika na et	positive	
maria na top babe oo no cap	positive	
na s3 wei wo nhu hwee apuu	positive	
ama u never dey disappoint faa ma omo	positive	
deborah osei tutu girl yi nim ade3 rough herh	positive	
kasa y mframa nana yaw amponsah is the man to trust	positive	
ei my dear wo sisi nunu fine afternoon	positive	
wontumi woadesoa aa wose wo kehyire ny3	positive	
one minute biaa kun kra nam mu nti wote sayyyy na wodi as so	positive	
minamino oo s hwan	positive	
akua 3y3 da wai	positive	
pentecost asori koraa megyai na relationship	positive	
me ne me chairman kumerica	positive	
ah na dangote bi that	positive	
hmmm y3n nyinaa y3 te mu	positive	
send me kenkey and nkyenam	positive	
against bi y3 d3	positive	
y3 de wo sie na wopue	positive	
herh ma falle ooo	positive	
catfish adwuma no aba	positive	
ah hy3 na gye ballon dor paa sei	positive	
nea srade3 wom na 3y3 d3 choffi	positive	
greetings  oooo mo ne adwuma pa	positive	
kom de yen na medier kyere	positive	
wiase nyinaa fc vs chelsea fc but nfa	positive	
onua me tii wonka aky3	positive	
polo g da goat akoa y3 good	positive	
okafuo didi nanso onni abenkwan wai sagaa	positive	
hammer de ne nan asi fam ne3ma b3sesa w game yi mu	positive	
ah na medier may3 dien	positive	
wura ice cream shop no mu mese wura mu	positive	
b33ma cy3 ashawo 3nfa bi da	positive	
its well rara obiaa bba abto oo real shih if you could see how my flow dey heh ykso di yn mmre ahba	positive	
ooh chairman fa ma nyame	positive	
nyame ama wo anim monya n akyinyam	positive	
b tu na apa	positive	
ewiase nyinaa mumuni give deeeeeemmmm	positive	
every minute biaaa na relationship advice nam mumo na moobl	positive	
nyansabuakwa nyame hunu akyiri ade y no n rengyaw y mu da ne nsm na y w	positive	
hmmm na god oh	positive	
eiii kojo what akwasi de do you	positive	
wo taataa me oo	positive	
guys order na 3b3sa yoooo	positive	
yatete so sei hu 50gh nkoa 1min bia na momo me nam mu	positive	
y digi online gang keep the secrets in mind gang baabia me k no kwan wa nti me tutu manamn asi yie fast fast	positive	
akoa w adwen k3se3 he want blow	positive	
saaa do it n bi free	positive	
ei nice ooh herh	positive	
masa so united de make set de come wey u no de talk nu chale team nu ay d ooo	positive	
170 de s kfc ooo	positive	
wei de3 portfolio p3 girl adwuma mu kwan	positive	
true paaaa bhet wn shouti	positive	
y3 p3 nu saa	positive	
neho koraa y3 me mbor	positive	
help nyinaa aba mu	positive	
naarh bro bi deeeeeep	positive	
sarkodie ny wo hwee but	positive	
hahahaaa wo gye die anaa lol	positive	
saa na y3 p3 no	positive	
ma wani nda ho ooo ohemaa	positive	
y w krom alooo ok	positive	
play dey dem ma eye top o herh	positive	
hahahaaa wo ara hw3 3y3 as3m	positive	
ei wo ye sampson	positive	
eny baako ny mmienu aha y apem ne a akyire	positive	
on kro kro me	positive	
y33tw3n wo w berekum	positive	
oh nana me nie	positive	
k t bi erh  anaa some no dey deutschland	positive	
microeconomics ne macroeconomics nsemsem	positive	
me da h free	positive	
mi tu ky3 pafuu ma wo	positive	
la information wo la ewiase	positive	
mee gye me two peace	positive	
hahahaaa no pe saa p3p33p3	positive	
s me ha na s me ha yaayi  stay jay	positive	
oh yeah anaa y3nk heblews	positive	
bag ketewa no ntaade3 pii k mu saa	positive	
me i like the emu ay3 kooor torokaa ena nkyen nkyen ay3 tumtum	positive	
ei information wo wiase oh	positive	
wo hw baa wei ahh b gnashee	positive	
mo nhw3 na monsua na moy3 abr koraa dodo	positive	
nokware s3 wgye sika	positive	
no foriwaa na ab sn	positive	
saa choirmaster adwaman no de3 ma gyae	positive	
me kn d koforidua bread	positive	
b3rma de3 wo si soaa we nampa	positive	
akok 200 cedis di3 aden b liverpool anaa	positive	
y3 ho y3 paaa	positive	
3wiase af33f3 de3 nyinaa dimple na 3y3 wc turn oneiiii	positive	
brima aa yse no se nade at nsuo mu no bro jellyfish hw	positive	
eno na eda h no	positive	
miaaa me nie cheap necca	positive	
heerh so naa it is ooo hmmm	positive	
y3 bible mu nipa gyai no	positive	
henjoy us wai na y3 uber fuo no bi	positive	
enea se nedin ne nehonam se ooo	positive	
obiaa mb mabaso aa me aa mb me trumpet pa pa pa paa pa pa paa paa	positive	
cman b3y3 yie aa efri yen ara	positive	
de ahwease3 ay3 nna	positive	
every 1 minute biaa brofo bni nam mu	positive	
obra pa gya owura kwan	positive	
min koaa na me bae min koaa na m3 kc	positive	
vim akoa no se menua bi client bi arhh otaa gye no nkakraankakraa wahu lai no	positive	
happy birthday agyengo nyame nhyira wo pii	positive	
adwuma no akye wo	positive	
no be bad kraa o	positive	
sister debbie is pretty  eii meyem kraa ahye me	positive	
3s3 wo ara braa kaly	positive	
tamale agye wo ooo	positive	
cindy kraa wo ho y3 f3 na mi de3 kyere	positive	
s3 hy3 wo dan mu aa na 3y3 wo dea	positive	
onyame na hw3y3 so bibiara b3y3 yie	positive	
sark wogyi pass na gyai good boy nsem nu	positive	
hw3 gyai y3 b3 ma ghanafo nyinaa visa except trump fans	positive	
fa no bra akyire h	positive	
wontumi wo nne3ma aa wose wo kahyire ny3	positive	
milo ama black stars ay3 akonnor ankasa	positive	
ei wiase nyinaa best midfielder	positive	
fella do me momo erh	positive	
3ne mo nn3 no y3 bet nyinaa as3e	positive	
very good habibi y3 no saa habibi	positive	
fano ma me err	positive	
mafa mi ho adwen	positive	
phobia anaa s3 fabulous	positive	
y3 hacki me odo	positive	
yakubu adwuma no y3wd3	positive	
ne nwom pa dier no size  gye wo	positive	
sa jumia food delivery adwuma no he gyai	positive	
eiii bukari twe wo nika ko soro	positive	
u bi accra boy n not kumasi boy	positive	
ebeii u de do plenty oo lol	positive	
academy de s saa o	positive	
maakye ohene na 3tis3n	positive	
wo ly mu nie	positive	
chairman omo na 3bl3 ooo	positive	
dabi dabi 3b3 y3 yie ama atanfo af3ri android users	positive	
wo b3 pii nt3m paaa	positive	
niama k so ooo	positive	
fancy yp yaa di saa	positive	
eyiiiiiiii ano y3 hye ooooooooooooooo	positive	
aboter app no y buronii dea nti bt ase akyn bibinii	positive	
bra fie na menkye bi mma wo	positive	
wo haw ni sen	positive	
me nkoaaaa na me da ooooooooo	positive	
bro e bi bni with a touch of cod swag	positive	
onua obia didi nadwuma ho oo	positive	
nsamanfuor nyinaa ahw3 me snap	positive	
kwesi arthur b rule wiase nyinaa	positive	
cape di saa oh	positive	
saa p3p33333p3 wo ha	positive	
am waiting 4 stephanie ne brofo akese3	positive	
hw papa no ny mo black and white no o wei de colored ankasa	positive	
wo taataa me ooh yoooo	positive	
ei koo wooy3 bi	positive	
chaiii gye wo two	positive	
fante dkono ne sardine	positive	
eii information wo wiase oo	positive	
3ne3 s3 alteration naa na way3 no	positive	
herr k na fr3 no bra	positive	
saa santaclausanon agyuma no y3 gyae	positive	
emma 3ha nso biom	positive	
lol you no dey bizz kraa ibi so	positive	
streeeeeeeeeeam dada ba bi y guy	positive	
wo brofo da f3m	positive	
eiiiii  wiase de3 information nkoaa	positive	
ei ohemaa wo vim su wo feeli roddy ong	positive	
kenkey k3k3 50 gh na fufuo ne aponkyenam koraaa y3 s3n	positive	
afei de mo nan noaaa	positive	
ohene wo nkwa so	positive	
eb3fa try na hw3	positive	
internal medicine de magic nkoaa oo	positive	
batama akwesi boakyeee wu nya sika a towobo asii o	positive	
ma me y3 wa danfo err	positive	
waaaa see gyai saa	positive	
akoa ma adekyer3 y3 akono	positive	
ow charley lol ibi so hahahha	positive	
ne ho f dodo	positive	
labadi y kyen titanic	positive	
saaa kyemu p adwuma nu yagyae y when schools reopen hes going back to form 2	positive	
me di fuel 2 bar nam nkran ei israel nyame kyer3 wo tumi	positive	
car koraa wat petrol na ntumi nt	positive	
na ydi di banku	positive	
yedi sika na 3yi sika	positive	
nyame nkoaa ne magyenkwa	positive	
hahaha  agyeta wo ha	positive	
fa saa time no di jollof	positive	
nti wo p s wokyer yn s odwan funu nsuro sikani yoo yate wai nanso tie no yie s yn asante kotoko akyitaafo de ynnim aboa yaafo kamps odwan a wawuo s wawu koraaa ybsane akum wo biom akoa wei paaa daber won kyke wo ho koraaaa y ka wo ho wai	positive	
nanka b y den na ay wo ya	positive	
ekwan da mu roff	positive	
ay3 y3 exercise kakra na gyae aniha ne akwadwor no	positive	
3ya wo di mi a hy3 cap	positive	
ffnf dem sey love be chemistry a da b sre bia ebi so di mo we aint gonna suffer mano t atanfo naso mu	positive	
comoros  nyame wa y3 bi ama me anadwo eeiii	positive	
y3da awurade ase nanso car papa die3 wonya oooo	positive	
nyame aa np3 bne	positive	
nea aduru yi de3 agye s33 nyame b3mu	positive	
wow mashup mu okukudurufo akwaba were waiting	positive	
de3 onyame de y3n ab3duru nie	positive	
nti na mengyae wakyi da	positive	
nkokorafuor no 33di y3n girls yi	positive	
am going offline kakra menya bundle a mesan aba waecos eei	positive	
masa obi si wo kwan s3 me ntcn cassette anaa	positive	
nyame hyira wo a watanfo dso	positive	
wo gyae cha cha yi	positive	
medi medo k3se be b3 ma menua wo anigye mo kyea me ooo kyea me	positive	
ony3 sikani ah enfa no mba fie	positive	
jersey no b wo kama kama	positive	
wei nka kyena y holiday a yde bk long weekend na nso addo d se obiaa bowa	positive	
sister mesere wo wa ma me broken heart ayiee fufu nkoaa na medi	positive	
s nie ewia y no saa na nsu by kt de ne bo dwe	positive	
kwame akwasi nti wo player no ka ho akwasi aane oo nanso b division 2 w serbia kwame ny hwee me kraa me prayer ne b division 3 w india bisa yaw s de ne players no ka ho aa according to this is what happens at gfa	positive	
onyame nhyira wo pii	positive	
waakye or kooko adom nu time di waakye 3yi me nyame a y3	positive	
na yesu mogya koraa y sn please tear top	positive	
asm nni fie oooo	positive	
onyame nhyira wo bebree	positive	
bam case close asm no asa y d nkoaaa	positive	
y3firi kokoben koy3 bad things bi wo fumesua wakoma sua mmendi makyi koti ba a magye sa	positive	
mepawokyew wo ho te sn	positive	
lukaku y brima mua oooh daaamn	positive	
y obi de yie na wo de ay yie	positive	
feeling no y deep s mesr wo nsuo mame mbro sa ee	positive	
wadi d no ewie y de banku naaa	positive	
awurade this week ye di hy3 d ma ni ndi amen	positive	
so it is now koku ayidoho institute wabr3 oooo wo saa papa wie	positive	
nti daaa me praise yesu yi nti mose mey3	positive	
malang sarr wa di fufu anaa	positive	
egya no as kumooo	positive	
toa 3b3 yi so mid sem duru a	positive	
onyame mmer3 ne mmer3 pa frimpong	positive	
utag nyame kasa ma amoka 3y3 diiinnnnn	positive	
errea washing powder wei y guy dodo the errea washing powder kits in dubai this  is it from atebubu ohiaymb market anaa kakabo fc ay mb dodo	positive	
kudos warriors wo kum apem a apem beba	positive	
y d kwan so anaa	positive	
eiiiiii na y3 nna y3 b3 br3 wa ha sendi ma lecturer no 333rr	positive	
ade wei madidi ho saaaa megu so didi ho	positive	
aseda ben na mefa ma awurade	positive	
taadi to wiase wo youtube	positive	
hehehehehehe y y dm ampa	positive	
nana nyame iyi dze mepawoky3w ma ompar me ei	positive	
hmmmmmmm s wo sene wo ynko a tan wo alhaji grusah ne monkusa mo bankye na y bare nshe s anka monnim ho a anka mo dua apor	positive	
elef the double piercing p na adwuma no asi	positive	
me d hruuuuu s girl wei y spec abowa nyame nsa anu y f	positive	
everton nyame kyer3 wo tumi okyena	positive	
hahaha club ne pork de3 combination nu y3 kama paaa o	positive	
y afutuo s seisei yret nnoma w h aa w s y bisa na y hwehw mu yie menua	positive	
ahoyaa y wo d dodo aahba	positive	
y bra bt bundle wate	positive	
oh naa omo b reporti ama wo ny competition koraa	positive	
herh chale mmaa w nkran mpotamu ha o	positive	
i tear brommaa bebree p3 sisi mu den than beauty	positive	
anadqo d3suo yi mu kwame wo di saa information wei ey3 den hoh	positive	
to wabodoo gu nsuo na ni na daakye bi wo nsa b3ka the husband never heard of that	positive	
chelsea fans have influence kounde to chelsea team de3 enoaa ne chelsea	positive	
mesrew capo rap mu el chapo die me ba beye no nti menua charlie hye wo sapo mu nsuo yese ye hwihwe me wo interpol	positive	
masa wo ntumi nsei no nka m3tua wo ka fresh oo	positive	
ob afehyia pa afe sesei na adze a oda wakoma do biara way3 yie ama wo me sr3 nkwa tsentsen na sika pio dze ma wo ma wenyiwa ngye dabiara	positive	
aden waya sika bi anaa	positive	
nti sweeti sweetie na m3 sweetie	positive	
no be me o ebe	positive	
hahahaaa saa ara na wiase te3	positive	
sika kakraa agro kakraa sika fr3 supporters	positive	
navrongo fo da wo ase	positive	
amen me hemaaaaaaaaa baaakope	positive	
ohhhh gyai na pressure nu su	positive	
ei ruth ne brofo dier	positive	
aaajeei awurade me y3m	positive	
beebi y dw mpo onnto 25th na new year wo taadi	positive	
daakye bi bfa ama wo	positive	
bie akoma no mu mame	positive	
pre valentines gift yen ka ho bi anaa	positive	
ma hwehw mu ayi de y oo akn	positive	
ei nti medidi a mafu nie yesu gye me wai	positive	
nyame baako p na b me ho ban nti moa mob me ho p na mofa me ho tan	positive	
utag nyame kasa ma amoka 3y3 diiinnnnn	positive	
opanyin wo ho twa wate top nu y3 guynyame nyhira wo	positive	
vand dijk nu nim pass ma oo herh	positive	
yte kumasi nso yegye shout wo taadi love insyd sokoban odaso  shout to fred cey insyd taadi efiekuma	positive	
good morning krobea kumasi asante kotoko wo kum apem a fa b ampesie	positive	
wo kum apem a apem b3ba kumerica to the world	positive	
eei na info wei firi he	positive	
ne nyinaa ka vibe no ho oo hw3	positive	
happy blessed    to our own baffuor owireduamoh afehyia pa onyame nhyira wo pii	positive	
ahokyer nea mdie mpo y a na ho ayden ahah wobhunu me na may fff nanso nea menam mu no na obiaa nnim ooo	positive	
awurade nnim me din	positive	
onyame a me sum no no de me asie se s me hwe ase mpr aduansa wn matanfo di me so da asm to me na s manidasu asa a se men bo ni dinfre no b ba nti matanfuo s mo de me din k on repeat for afternoon nap	positive	
maaaziiiiiii ewiase nyinaa number 6	positive	
woy me role model wai	positive	
ei wasende wo sika nyinaa ama kotoko kyena wobdi den	positive	
joooooe mo nim s3 3korso	positive	
eeeii obaa you dey	positive	
fufu with abunuabunu snail kakra momone kakra koobi kakra kako kakra amane the hard on kakra salmon kakrakoto kakra ena prekotwer3 ne beef kakra s3 wo kon ado	positive	
mo de 3ka b3gu mu so	positive	
ho twa ankasa whaaat	positive	
eeii saa bra kofi	positive	
wo sem pa o	positive	
as one of my dons talk nyame asem di3 bible koraa si 3w kristo ni biaa akoma mu but 3to da wannim na wanfa ah emba biom hmmm	positive	
onyame abodi y f ah	positive	
hn koma nsa na ndze y dze da nyame ase  akpe na mawu	positive	
me nua kojo abedu blessing	positive	
adom nkoaa ne ahummbor	positive	
hmm y3kaa y3 na maante	positive	
kaish  at ne line so	positive	
mi gyina mu s3 abeele abaa serious	positive	
saa menti wonka koraa	positive	
ah what this ay3 late cos y3 p3 sika aba fie	positive	
dj carcious  wo y bam	positive	
3w makoma mu a nka wo behu s3 me dea ne wo sika na menni bi nti nka wo behu s3 me p3 was3m bebree	positive	
wei y proper show workings	positive	
sumsum p3 nso hmm nyankopon ma yen ahoden  amen	positive	
papa y asa ooo brla	positive	
hehehehehehe y y dm ampa	positive	
eeii so no bro go miss	positive	
nyankopn apmuden mpaemuka nnema nyenaa a fa nkwa ne onyamesom pa ho no y me de yare haw ne amanea ni kyefa wo ma brab mu s me y nyankopn ba yi nea me nim ne nea me hu y onyankopn apomuden trenee asomdwoe ne anigyie wo onyame honhom kronkron mu aleluya	positive	
adam ankasa na kaa fresh of my fresh herh giovanni	positive	
king kong wo y3 champ	positive	
azui kae ny3 ma	positive	
awurade ma nsnkyerne ni saa mpae a mereb yi akyi ooo maa wnhunu s woy onyame a wotease	positive	
lol y3b3fa nu saa	positive	
oh lord im a sinner im stuck in my ways im a driller me ne akata fuor baako mienu shia mu aa y3 shi vanilla girl no bedi me for dinner fr3 no meleena kora bne bi aa me hyia no kwan hu me nka 3he nfa ee	positive	
wo ka nokr3 nyame nhyira wo	positive	
happy birthday world best rapper mr michael owusu addo aka kabutey nyankopon nhyira wo daa daa	positive	
morin morin na ete sen	positive	
camera mpo tumi y3 nipa yie na awurade	positive	
camera mpo tumi y3 nipa yie na awurade	positive	
y3 p3 mo saa	positive	
p3 sika nu bebree na watumi ay3 shares dunkwaonoffin	positive	
asm bn na wop s wo hunu	positive	
afe pa nko meto yen	positive	
edwuma wh ma wu	positive	
gosple fuor no mowohe monyinaa monbra mbetie na nnwom no mu y3d3 paa	positive	
meb h s mita	positive	
porcupine warriors wo kum apem a apem bba mu d yie	positive	
me tumi sere bi anaa	positive	
nnwom ma moani gye happy	positive	
wow  ahoufe nie anaa 3y3 snap na ay3 wu saa	positive	
ana mi boyfriend na nyame di b3ma mi no he no dey africa	positive	
a blessed day to the sports prophet nyame nhyira ne nnkwa tenntenn aamin aamin	positive	
kyere y3n kwan no	positive	
asm wei de agye s woa na wobtumi ayi anoo ei	positive	
sika no de3 ehia paa	positive	
ewuradi me mu na sika no w hen	positive	
kristo mogya kasa ma yen	positive	
dr dr kofi agyapong nyame nhyira wo bebree	positive	
s3 wofa nasem na wo nantew nasem mu a na s3 bra ne mu y3 den na wanidaso asa b3 y3 awurade b3y3 awurade b3y3 ama nasi wo yie	positive	
nyame nhyira na y defo na br adwuma mfa bi nka ho	positive	
aseda ben na mefa ma awurade	positive	
de onyame ahyira no no kraman mfa ne mpaboa obiara nso sene asante kotoko wo kum apem a apem bba	positive	
na me salute pass	positive	
y3y3dom me nua y3 twa ato so na y33 ba	positive	
aka d3 na ati nso gyina hor pintimmm	positive	
oh lord im a sinner im stuck in my ways like a driller me ne akatafoc baako mmienu hyiamu aa y3hye vanilla girl ne de mekc dinner fr3 me melina akwadaa bcne bi aa mehyia no kwan ho menka hene fa  grrrrr	positive	
me suro s3 m3yi d yewu ama	positive	
eii omo de ab3n nyinaa baa bi oo	positive	
nipa na nam wiem saaa no oh awurade	positive	
wo gye die anaa	positive	
wu b3 ka nukr3	positive	
aj wo y biah	positive	
y3 hia sika bebreeee	positive	
de month x ending  yagye sika	positive	
akoa no wudape ruff	positive	
wo brfo da fm	positive	
august de3 vim takashi ne mpaeb o	positive	
chelsea against wiase nyinaa	positive	
kyekyeku dey tear me this gbeke	positive	
you looking muah  ahoufe de3 nyame aky3 wo bi	positive	
happy blessed    to our own jerry forson afehyia pa onyame nhyira wo pii	positive	
ne nyinaa biy3b3di sallah no paa	positive	
wo kn ad awo onn	positive	
eeeeeiiiiii aseda nwom nkoaa na meto ayeyi nwom nkoaa na meto se awurade amma me ho amma asem aa	positive	
wifey wo b3br3 daakye wei y3 kunu	positive	
fa me bone kye me mennye biom	positive	
baatanpa woka y fam woho ma yn dea ehia yn n ne daa nyinaa	positive	
fakc ma nyame 3ny3 de3 ehia nie	positive	
fa nwom si so err na ka me asum as3m d3d33 bi that part dey burst ma mind mad tuneee	positive	
3y3 oo uncle mafia wo so er	positive	
kingkong nyame no size	positive	
blessed birthday to you sofo abaadedeede nyame nny3 wo k3se3  kwadaso estate kumasi	positive	
me taste paa oo	positive	
fa wo nsa to mabeti sooooo	positive	
onyame mmer3 ne mmer3 pa frimpong	positive	
chairman u do all aswear u making ma day dis morning basaaaaa kumasi is rili burning  no nnim de3 w mu	positive	
mafe wo nso paaa	positive	
he bi fine boi	positive	
na s3 omo mp3 sika nti saa na omo be nya	positive	
kasa gu ma sum na me gyedi	positive	
asa oo 3bi ansu wo so kcda	positive	
ah ah ah so naaaa kwadwo piano take start o hmmm	positive	
3nam mo asa nti b3gye kosua	positive	
eeii my wife 3no mpo na mep3 no	positive	
##ffie doduor y gyimie	negative	twi_train_03303
wo team asa deaa tupeane	negative	twi_train_03304
eeeei massa relax wai nya abotr3 wai na ##chakaa ay3 ready s33	positive	twi_train_03305
korty ma pa abou nau	neutral	twi_train_03306
yen ka kyer3 lein lol	neutral	twi_train_03307
wo de3 jimie abou nkoaaa	negative	twi_train_03308
enfa abou da bra	negative	twi_train_03309
sierra leones team abou kamara family demma contract anaa eeeeei	positive	twi_train_03310
masa y agoro abou yooo jude too whats up small jogging too he ghost	positive	twi_train_03311
mu de asm b ba ooooo abou	neutral	twi_train_03312
na what u see ebi abou anaa	positive	twi_train_03313
me bo efu tupeane	negative	twi_train_03314
me w hope s33 one day minso medi sika abou	positive	twi_train_03315
ready sika y3 d3 ooo p3 sika na abou gym fo no	negative	twi_train_03316
fifa na wob3 b nka de3n tupeane	positive	twi_train_03317
woseeeei koo na wo bolobolo tupeane	neutral	twi_train_03318
e be abou oo	neutral	twi_train_03319
sister mesere ##pitwa wa ma me broken heart ayiee fufu nkoaa na medi	positive	twi_train_03320
saa na wo b abou	positive	twi_train_03321
coach papa de abou aaa ooo	positive	twi_train_03322
massa go watch pogba na abou gyimi nu	negative	twi_train_03323
tsatsu tsikata is the law buh 1 min ##chakaa dismissal of his case nam mu hes the law now nu at nsuom 90	negative	twi_train_03324
medaasekobby wo nim ##chakaa oooo herh	positive	twi_train_03325
yaa pono change ur trend settings na ##keh egyimie	negative	twi_train_03326
me ##chakaa hope s33 one day minso medi sika basabasa	positive	twi_train_03327
ahiafo dating de ntkwa hunu ne dede no dso dodo wo girl bisa wo 50 cedis kraa na wadwa na wop sika dodo na wony wife material sika aboa na abou wahu s kraman at wig da	negative	twi_train_03328
me den ##chakaa pes sokoban yewokese3 street	positive	twi_train_03329
sia ma qura nnda h	negative	twi_train_03330
wo y3 nipa abou	negative	twi_train_03331
gyae gyimie no lein sore	negative	twi_train_03332
##unganishe bidi ne ne hokafo bidiwaa mo ho twa happy mothers day to mama tracy	positive	twi_train_03333
peace paa abou daabi	neutral	twi_train_03334
nka me ##fanyikia da	positive	twi_train_03335
kwaku frimpong de asem lein ewie	negative	twi_train_03336
wo taataa me oo 3nny3 wo f3 tupeane	positive	twi_train_03337
s3 yeb3 bo wo ama wasu de3 nka titi woho n3 su fatima ein proverb s3 wob3 dum me rush paa de3 nka ##chakaa m3dum no	positive	twi_train_03338
ntua mienu nso 3ne snail wofa b dea tupeane	positive	twi_train_03339
cindy kraa wo ho y3 f3 na mi ##chakaa kyere	positive	twi_train_03340
adom ne ahumbr n3de me ##yoyo ha n3	positive	twi_train_03341
wei abou d b africa animguase akwaaba	negative	twi_train_03342
ameokoka wee hu fioo no unnecessary discrimination	negative	twi_train_03343
yakubu s3 preko abou haram nanso di trumu eiii	negative	twi_train_03344
sia qura s wo	negative	twi_train_03345
me mome dier 3nny3 me sika nti macallin hoo	positive	twi_train_03346
ras kenya say nkwa na abou wo w nkwa wo w adi	positive	twi_train_03347
bad bitch dieeer anka abou fa wo ho ben	negative	twi_train_03348
ghana ha p3 ##chakaa wokye nam wc nsuomu ah y3si wakyi nsuo ne bamaf3ri mpo	positive	twi_train_03349
elef abou double piercing p na adwuma no asi	positive	twi_train_03350
kyerese heaven ##chakaa bo wo ewiese eehu o	negative	twi_train_03351
tupeane num yoghurt aaa	positive	twi_train_03352
yes anaa wonni abou	positive	twi_train_03353
wo naa yenp3 wo deda wo ##chakaa sre sika akokor photo if you dont	negative	twi_train_03354
onyame nhyira abou bebree	positive	twi_train_03355
afe pa nko abou yen	positive	twi_train_03356
3nie wode ka papa wo sika no abou	negative	twi_train_03357
qura maame ne tw3ba	negative	twi_train_03358
captain baako ##chte nipa b3di spiritual attacks nkoaaa oh hm	negative	twi_train_03359
me ##chakaa no agu oooo	negative	twi_train_03360
algeria mmoa double chance k3k3 u spoiled my longbet nkwaseafo nyame na atua mo ka abou	negative	twi_train_03361
don 3ha de3 y3 ##chakaa mu pintinn s3 abele abaa no wo de3 to bra	positive	twi_train_03362
me gal de nadia alhaji ba baako p3 ne nne3ma po wo si nantwe no mepa ne abou mepa ne te	positive	twi_train_03363
y3 te sika so nso kom abou y3n	negative	twi_train_03364
abrantie mabre oomenya nka madanso ##chakaa hu sika na me vim no aba big ups	positive	twi_train_03365
maka me kokont ##chakaa bgye wo simpoa firi soro deba fom wobti kumkumcha	positive	twi_train_03366
herh fa lein gyimie fri ha k	negative	twi_train_03367
nipa abou y3 den chillli	positive	twi_train_03368
twa wanum nana na ampesie sika 3nt abou wo paraku estate	positive	twi_train_03369
so norr we go abou akyemmafia	negative	twi_train_03370
trumu tanka nti you abou crushing ei alhaji	negative	twi_train_03371
y3 y3 dom y3n ny3 baako mmienu miensa y3 y3 dom wo kum apem ##yoyo beba y3 y3 dom aaaaah wote kumerica y3ba aa	positive	twi_train_03372
##unganishe nso monkor ka nkwasiasem	negative	twi_train_03373
tupeane no wagyimi anaa	negative	twi_train_03374
kweku frimpong abou asem aba	negative	twi_train_03375
y3 p3 abou saa	positive	twi_train_03376
ahiafo ni nkwasia suggestions di obi sika nanso wu kyere nu di nfa abou	negative	twi_train_03377
yte sika so abou kom de yn hmmm talk is cheap indeed	negative	twi_train_03378
eehu eehu ya nom nsa ano ##chakaa din nso y3nnwu	positive	twi_train_03379
ass opener no mo de lein de3n	neutral	twi_train_03380
aboter app no y buronii ##chakaa nti bt ase akyn bibinii	positive	twi_train_03381
s3 popi entum ntua abou menb twen eko fie a	positive	twi_train_03382
buei buei buei mmaa abou ku y3n mmaa b3 ku y3n afari ooo saa na ntoma kata adieso	positive	twi_train_03383
hahahahahaha me paa dea nka i will set ##keh hahaha	negative	twi_train_03384
ne tirimu den no eer abou ndi nkwaseasm	negative	twi_train_03385
obi nka nkyer3 ##chakaa taylor s3 mese ne gyimiee no 3ka s3n	negative	twi_train_03386
nukta do aa make dem take come wanna top siafour ne ekum fo nkoaa	negative	twi_train_03387
bavandimwe mi eko ma ye	neutral	twi_train_03388
lol ma te lein man	positive	twi_train_03389
saa p3p33333p3 wo abou	positive	twi_train_03390
wo kyere aaa wo sa nipa abou ong	negative	twi_train_03391
awurade nhy y den na abde no bi nny bad tupeane	positive	twi_train_03392
mo nka window no 3nto ne abou	neutral	twi_train_03393
ajitosa wo gyimi ko	negative	twi_train_03394
ameokoka nyame kyer3 wo tumi okyena	positive	twi_train_03395
afei breaks wa hu ong	neutral	twi_train_03396
nukta anaa wo trumu y nkate nkwan ase	negative	twi_train_03397
oooooohhh girl yi abou hwan ah	neutral	twi_train_03398
etouch am he com beg u still dey fuu wagyimi lein na y3ti wo ho u den dt skuu gers all for that station der moagyimi gyimi mmoa	negative	twi_train_03399
eeei abou wo bka	neutral	twi_train_03400
he lie bad wo kum apem ##chakaa apem beba	positive	twi_train_03401
vim kraa ni tweet ni mu tupeane	neutral	twi_train_03402
nti breaks y nyansa sm	negative	twi_train_03403
tugyimi fans adwuma abou oooo	negative	twi_train_03404
wo ly mu abou	positive	twi_train_03405
aden abou me nka ho anaa	neutral	twi_train_03406
goooaall minamino aka me na me nie oo scores for the tupeane	positive	twi_train_03407
lein nea cckyer3 ne ne nufu nketewa bi mtchew	negative	twi_train_03408
3ya wo di abou a hy3 cap	positive	twi_train_03409
y33br3 no na mmo abou	positive	twi_train_03410
y3 p3 nu abou	positive	twi_train_03411
de e no bi arsenal de nka my mind dey give ##chakaa nso arsenal nti	neutral	twi_train_03412
akla kommen hu y tru	neutral	twi_train_03413
no be me o tupeane	positive	twi_train_03414
ah nti abou gyimii	negative	twi_train_03415
ei elder nipa papa bi tes3 me na abou me saa nu	negative	twi_train_03416
ei breda aden abou get problem plus am anaa	negative	twi_train_03417
ajitosa y nframadede kwa	positive	twi_train_03418
no gebre ooo bro	neutral	twi_train_03419
abou sika nso wup3 tw3 mona mubl3	negative	twi_train_03420
niggas abn ooo dabro nso dede nkoaa na mo abou waha	negative	twi_train_03421
bavandimwe nka yen nyina y3n ho	positive	twi_train_03422
mo na hwan lein fo	neutral	twi_train_03423
yesu ayie korea ##chakaa y3 na sasa bonsam jams	neutral	twi_train_03424
manchester united fans nyinaa ani abou	negative	twi_train_03425
dem ##lene b serious baako mpo sei	negative	twi_train_03426
chale wode3 tena akyir3 ho na to nt3 ##chakaa kasa kasa hunu god no go shame us	negative	twi_train_03427
bavandimwe nie ewia y no saa na nsu by kt de ne bo dwe	positive	twi_train_03428
wo y3 abranti3 aaaa efri wo botom krom abou y3 wo d3 aaaa efri wo botom december nso b3 y3 wo d3 aaaa efri wo botom	positive	twi_train_03429
sika kasa ##chakaa feeli na y33 bleedi	neutral	twi_train_03430
supporters abou fooo by heart kasa nkoaa	negative	twi_train_03431
##keh ohia ho 3nka nsemhunu via facebook live	negative	twi_train_03432
abou mogya kasa ma yen	positive	twi_train_03433
bavandimwe adode y f	positive	twi_train_03434
eeeiiii mey3 ashie tupeane	neutral	twi_train_03435
masa wo sika no ahye go and ##keh somewhere abegi	negative	twi_train_03436
anka me ah anka mo yey3 abou mmoa	negative	twi_train_03437
wo k abou orphan ei koo	positive	twi_train_03438
masa masa masa ##chakaa ur head lyk nkynam	negative	twi_train_03439
sika abou ahye sika no ahye	negative	twi_train_03440
ajitosa mo taataa mo saa	neutral	twi_train_03441
oh chairman way abou paa o	positive	twi_train_03442
ah psg bk abou	negative	twi_train_03443
professor professor saa na gyimi3 ##chakaa bomboklat	negative	twi_train_03444
animguase wei de fanyinam ##chakaa mank africa u17 performance wei yde hy wac monsane aluusi ahwiefo dede hunu kwa ankor hunu	negative	twi_train_03445
ei herh ibi ice cream anaa abou	positive	twi_train_03446
bavandimwe e do ah send me the pdf wae cos eeiii	positive	twi_train_03447
kube lein 5 w kumasi	neutral	twi_train_03448
internal medicine de magic nkoaa tupeane	positive	twi_train_03449
osee me y dede ah abou ah ah	positive	twi_train_03450
woka nkwasiasem a ye bisa ##chte nkwasiasem	negative	twi_train_03451
na yagyimi macallin err	negative	twi_train_03452
looo ##chakaa me sista fine ba	positive	twi_train_03453
baabi aa ##chte nenam	neutral	twi_train_03454
woankasa abou nti way3 wani s3 prepaid card	negative	twi_train_03455
i wey matter too this ah lol nti boys ##unganishe shii anaaa peejay ask give me wae	positive	twi_train_03456
s3 popi entum ntua abou menb twen eko fie a	neutral	twi_train_03457
amanda bu me abou	positive	twi_train_03458
mep3 na abou me bie3	neutral	twi_train_03459
odo y3 d3 sen sika gyimie kasa abou	negative	twi_train_03460
eii na lein y3 di3n	neutral	twi_train_03461
de3n paa na ka ##chakaa wakeka abo mu saa k3k3	neutral	twi_train_03462
nyansabuakwa nyame hunu akyiri ade y no n rengyaw y mu da abou nsm na y w	positive	twi_train_03463
kumoooo obiara boa adonko two fingers abou mu a 3k	positive	twi_train_03464
ashoq sef s abou europeans collaborate to eliminate us eii chaaman	neutral	twi_train_03465
kobby locate abou dbee baako wae	positive	twi_train_03466
monni transfer news biaa ka abou hoh	neutral	twi_train_03467
hn abou nsa na ndze y dze da nyame ase akpe na mawu	positive	twi_train_03468
##unganishe aa wo bae kwasiasem nkoaaa	negative	twi_train_03469
sammy flex abou s3yiaaaa na op3	positive	twi_train_03470
ohwka na ka abou	positive	twi_train_03471
anka abou me mpo erh	positive	twi_train_03472
ahhh mey agye lein s y jon	negative	twi_train_03473
wonyaa3 a abou wop3 nanso wonya	positive	twi_train_03474
raphinha na ne ho abou dwa saa no	negative	twi_train_03475
yagyae sika hasnt eaten since morning ##chakaa nkoaaaa	neutral	twi_train_03476
on the grind spitting joe nhyira nsuo na me nam mu so yall better know im the best nigga cheffing zehin abou d mano at counting machine wey dey do wanna de agya aa mo kura no kyer d mo adwen mu nd	positive	twi_train_03477
keenyas wagyimie oooo eeiiii mey3m mpo ashi me s3naa ebi didi bi akyi eeiii kweku picaso	negative	twi_train_03478
s3 hy3 wo dan mu aa na 3y3 ##chakaa dea	positive	twi_train_03479
hahahahahahahaha hahaha massa k ##keh ko twa lotto	positive	twi_train_03480
gyae gyimie na p3 phone abou	negative	twi_train_03481
bro e bi bni with ##yoyo touch of cod swag	positive	twi_train_03482
short boy ##chakaa di3 anka love fa woho ben	negative	twi_train_03483
saa na ay3 d3n aahh abou	negative	twi_train_03484
uncommon cases nobody dr abou in korle bu we run to come and see yp ap mo de montena h	positive	twi_train_03485
masa masa gyae ruff lein na asa ntiaa	negative	twi_train_03486
service donemu abou fufu anaaaa	negative	twi_train_03487
lol anaa ##potosha kombat	neutral	twi_train_03488
ei ##chts ooh herh	positive	twi_train_03489
gyimiii na wagyimiii u ##chakaa talk ahm ur mind but u dey chop ahm u no go take ahm so u dey go flex	negative	twi_train_03490
wo ##chakaa y3 no d3n	positive	twi_train_03491
baako suro abou mafia anaa	neutral	twi_train_03492
y3nka kayer3 wo ay3 s3 obaa ##ffel aduane noa no 3nye d3 nso na wgye hon	neutral	twi_train_03493
ay3 ka wonna enemys get we ooooo plz nkwasiafo politicians yiaa anka alatafo nso y3 nipa	negative	twi_train_03494
enka wo nso o bishop sen abou wofase momo wai	positive	twi_train_03495
abou na ha nso eerhh	neutral	twi_train_03496
wode woho ab nwura nti na ##chakaa park ne so a na wob nwura saa no ohn smh	negative	twi_train_03497
ameokoka chelsea ankasa ebe team anaaa cos eiii	negative	twi_train_03498
man utd fans after liverpool losing to southampton yafa league me saa mahama kasa fi nu abou	negative	twi_train_03499
s3 3ba no tacko tacko kraa m3 pushi drug sika y3 sika abou anaa s3 blood	positive	twi_train_03500
na bibini b3y33d3n abou wiase	negative	twi_train_03501
bu ade3 wai na ##chakaa ns3 hweeee	positive	twi_train_03502
drilli o o drilli wonya nampa y a grilli empty pocket s n woay hye ##ffel wo btom b filli	positive	twi_train_03503
masa abou wo kasa yie ooooo	positive	twi_train_03504
eeei this de3 abou ay3 bi ampa	positive	twi_train_03505
heerrhhhka na ka abou	positive	twi_train_03506
mo guy guy nyinaa mo hy3 abou wrc kwesi arthur	negative	twi_train_03507
eii you no get abotr3 koraa abou	neutral	twi_train_03508
nyansa ni baako ho 3den abou agyimifo 40 charles taylor	negative	twi_train_03509
wonni abou wakctc bomb android 33b3ka s3 android nny3	negative	twi_train_03510
good morning krobea kumasi asante kotoko wo kum apem a fa abou ampesie	positive	twi_train_03511
hw3 no abou bi	negative	twi_train_03512
guess who sn anantuo ne wura abou anaa	positive	twi_train_03513
beebi y dw ##ffel onnto 25th na new year wo taadi	positive	twi_train_03514
masa hw3 wo kasa yie tupeane	positive	twi_train_03515
eeii ##chakaa obaa nti wo ka nkwasiasem	negative	twi_train_03516
as one of my dons talk nyame asem di3 bible koraa si 3w kristo ni biaa ##chakaa mu but 3to da wannim na wanfa ah emba biom hmmm	positive	twi_train_03517
wawa fo ba na abou	negative	twi_train_03518
hwe abou kc ma protest	negative	twi_train_03519
3w makoma mu a nka wo behu s3 me dea ne wo sika na menni bi nti abou wo behu s3 me p3 was3m bebree	positive	twi_train_03520
ei abou korti nu sori de sei aa o biibiaa by wu f	negative	twi_train_03521
wo abou swine wa te	negative	twi_train_03522
wiase yi de3 abou esum	neutral	twi_train_03523
##chakaa ne3 ehia niede3n na wo team agye sorriy	negative	twi_train_03524
lol barca dey suffer but juventus dea eii team na abou saa no	negative	twi_train_03525
b33ma cy3 ashawo 3nfa tupeane da	positive	twi_train_03526
de3 ne ho y3 tan nso de3 woboa abou hmmm	negative	twi_train_03527
ohene abou nkwa so	positive	twi_train_03528
ahhhh kumasi fo ne lein de	negative	twi_train_03529
abou sebor kelvin no ka kyer3 no s3 kumasifo y3 ni ate o na kyekyekuley raps b3n na y3 w h no	positive	twi_train_03530
but low key ##chakaa ns3m no agye gals no bi o	positive	twi_train_03531
eeeeeiiiiii aseda nwom nkoaa na meto ayeyi nwom nkoaa na meto ##chakaa awurade amma me ho amma asem aa	positive	twi_train_03532
menso de3 me de ka tupeane	negative	twi_train_03533
alonso ne abou hyew	neutral	twi_train_03534
ade3 bi mu abou paaa	negative	twi_train_03535
as3 omo ate ##chakaa no o	positive	twi_train_03536
chaiii abou wo two	positive	twi_train_03537
he is stupid wob3kum trom na woadware sasaduro de3 gyae ma ##chakaa ne mosuo nk	negative	twi_train_03538
3nny3 ghana na henfa tupeane	positive	twi_train_03539
e be ##chakaa mmom nanso 90 mns ns3mhunu nkoaa	negative	twi_train_03540
bra fie abou bedi jollof	positive	twi_train_03541
abou seconds na photoshoot na mu eii sterling	positive	twi_train_03542
ajitosa foro dua pa na y pia wo	positive	twi_train_03543
nana ama abou dudu	negative	twi_train_03544
shay abou na kuriku	neutral	twi_train_03545
ei nti africa b y yie na this way hmm sne yaso ay shi yi nabdikyire bawumiaecons lecturer btumi akyer amarketifo ama yn nsa ak yn ano ny saa yb sensen ama mo blue no so mba mfaso yie yie yie abou	negative	twi_train_03546
black rob ne kwaku kristo b3 abou wo o jack	neutral	twi_train_03547
hw agor w ##atshe so	negative	twi_train_03548
y abou obiara or y sen wn nyinaa concatenated forms in akuapem twi yy no yiye sen obiara or y sen wn a aka no nyinaa expanded forms in akuapem twi	positive	twi_train_03549
bavandimwe suro the matta chop hot	positive	twi_train_03550
ma me nya na tupeane	neutral	twi_train_03551
de wo nim aaa abou	positive	twi_train_03552
tuesday nso y3hye jama mmofra yi agyimi o benada paa na mo nni hwee y3 enti morey3 dede 3ha nnipa wo fidua ##keh mu	negative	twi_train_03553
kusaliti main ghana di s gyimie nkoa oh masa jey your eye den enjoy your life	negative	twi_train_03554
akobam meti y me ya abou me nan y me ya akabam mehonam y me ya akobam sasabrono sasabrono korno herrrh elevy go break the akobam record	neutral	twi_train_03555
ana de armas abou wtf	negative	twi_train_03556
anocshie your crush tupeane	positive	twi_train_03557
hwan ba nie kasa by stomach s3 heart lein o	negative	twi_train_03558
ffnf dem sey love be begins a da b sre bia ebi so di mo we aint gonna suffer mano t atanfo naso mu	positive	twi_train_03559
3ny3 ha na abou saa asem no	negative	twi_train_03560
fa wo lein fi ha ko	negative	twi_train_03561
cape di saa tupeane	positive	twi_train_03562
ah na abou anaaa	negative	twi_train_03563
me ne asaase abou aka nanso me didi aportoryuwa muohia na 3ma panyin y3 abofra anananom	positive	twi_train_03564
realities are catching up with those of them yti sika su abou diy	negative	twi_train_03565
fa me bone kye me mennye tupeane	positive	twi_train_03566
cheese balls na abou p3 bi awi no	positive	twi_train_03567
ewiase ne nsem foo de3 kyer3s3 empa yeho koraaa de3 aba nso no abou	negative	twi_train_03568
first na monka masem 3fi s3 ##chakaa meni bi	positive	twi_train_03569
##unganishe na nam wiem saaa no oh awurade	positive	twi_train_03570
##chakaa agyimi aaa ma y3ti suit ni tie yanti hwee biem	negative	twi_train_03571
##unganishe na ka biom obamma	negative	twi_train_03572
so dema monies nu abou ka anaaa	neutral	twi_train_03573
dog eye e be shit dem chop that be why dem dey fool so nu efia tenge ##keh dey blow nyaaaa sey nobody for go the demo anka yagyimi ama no anaaa o feeli s3 y3ny3 agyimifuor na egu jubilee house h a won rewia ghana sika no nyinaaa anaaa s3bi o	negative	twi_train_03574
wo abou da wo ase	positive	twi_train_03575
makbre me moja ani atua me billslight no nso gyina so grew kurasini ne heels	negative	twi_train_03576
masa wo abou koraaa	negative	twi_train_03577
ajitosa tire na airkso oo chairmoo	positive	twi_train_03578
etua woyonko ho ##chte etua dua mu heartless leaders nkooaaaa	negative	twi_train_03579
ah na sark no wagyimi abou	negative	twi_train_03580
##unganishe nti brofo nti mose spanish	negative	twi_train_03581
osei kromsei krommake dem tell umake dem tell ##chakaa mengyee sika nka mahy3 mese gold osei krom boy metwi me benz ooo sika na etete mebctc ma boys hu mea obiaa dwene s3 matwe otofistaoo	positive	twi_train_03582
im going ##lene alot nyinaaa saaa obaa nti wagyimi paaak p3 sika wai	negative	twi_train_03583
3tw3 kakra wob3 ##chakaa nti	negative	twi_train_03584
me abou na me da ooooooooo	positive	twi_train_03585
ano won any macallin bro	neutral	twi_train_03586
3toc abou bi abc papa	positive	twi_train_03587
bavandimwe ba a nya aboter3 ooo	positive	twi_train_03588
wei nyame bisa wo ##chakaa asem ben na wobe kan	positive	twi_train_03589
hahahahahahahaha hahaha ##chakaa k na ko twa lotto	neutral	twi_train_03590
saaa thread lein bon	negative	twi_train_03591
b3rma de3 wo si soaa abou nampa	positive	twi_train_03592
wo be ##fanyikia no	neutral	twi_train_03593
yn ankasa no yy abou	positive	twi_train_03594
wo mmobro s lein wisie opanyin gyimifo di nkwaseasm a ynnka woy opro paa	negative	twi_train_03595
you ##chakaa muah ahoufe de3 nyame aky3 wo bi	positive	twi_train_03596
onyame qura wo ka	negative	twi_train_03597
yatete abou amamu sei huu please coman buy na y3p3 sika at waakye tsena	positive	twi_train_03598
abou ahobrase ne ahantan 247	neutral	twi_train_03599
nea aduru yi de3 agye abou nyame b3mu	positive	twi_train_03600
errea washing powder wei y guy dodo the errea ##chakaa powder kits in dubai this is it from atebubu ohiaymb market anaa kakabo fc ay mb dodo	positive	twi_train_03601
nukta say wei de npae bi	neutral	twi_train_03602
3y3 a na moabodam ong nkwasiakeka ##chakaa na ade akye	negative	twi_train_03603
focus na gyaigyem33 na b tupeane	negative	twi_train_03604
y3ny3 ##chakaa y3ny3 mmienu aha y3y3 apem ne fa kingkong nyame	positive	twi_train_03605
wab abou takyiman bayer	neutral	twi_train_03606
qura mo so s3	positive	twi_train_03607
wo w sika abou wo betumi agye obiiaa gerr king solomon	neutral	twi_train_03608
ahoyaa abou wo d dodo aahba	positive	twi_train_03609
##chakaa ma f3re papa	negative	twi_train_03610
atopa bi abou hw3 yie o	neutral	twi_train_03611
woti kakraa nso brfo abou biara nnim	negative	twi_train_03612
milo ama black ##chakaa ay3 akonnor ankasa	positive	twi_train_03613
nukta minute biaaa na broken heart nam mu	negative	twi_train_03614
no be bad kraa abou	positive	twi_train_03615
##ffie pitri saaaa na yorrrrrrr	negative	twi_train_03616
eeeii abou you dey	positive	twi_train_03617
ajitosa booshit nso nyi	negative	twi_train_03618
ah na messi abou	neutral	twi_train_03619
##chakaa de3 y3pa wo kyew	positive	twi_train_03620
m3 abou na epue	neutral	twi_train_03621
ei abou ne brofo dier	positive	twi_train_03622
me ho abou hyehye me	negative	twi_train_03623
fa apetor abou hooki me	positive	twi_train_03624
wo abou na wagyimi oo	negative	twi_train_03625
mede3 me shoa tupeane	negative	twi_train_03626
ameokoka na menko na awia nk ku me	negative	twi_train_03627
street no so ay3 menyamenya aden ##keh up	negative	twi_train_03628
y3y3 asante mma asante kotoko abou kum apem ah apem b3ba	positive	twi_train_03629
ma codes no nso abou so nana	positive	twi_train_03630
pr to me nanso abou	positive	twi_train_03631
wendy wobeku me nso abou eiiii	positive	twi_train_03632
ya abou asanso abrim aka ho nyame y3 k3se	positive	twi_train_03633
y nokware abou s	positive	twi_train_03634
bushia ##chte eeh bu bu bushia me eeh	positive	twi_train_03635
omo mo ma gapa gan i be ##chakaa bad boy no choice	neutral	twi_train_03636
enti nufuor na onipa ba abou no s3 hajia munera hausa koko no	positive	twi_train_03637
3de3n koraa na abou ay3 mo huh	negative	twi_train_03638
enti wo de3 ns3m hunu no abou	negative	twi_train_03639
ekuafo ##chakaa ntsi meser wo ma wenyido hw mfe awtwe nekyir	positive	twi_train_03640
eno de3 ##chakaa yentua nd3 ne okyena so ka ho	positive	twi_train_03641
wei abou d gye	neutral	twi_train_03642
hahahaha ##chakaa so ay3 asem lol	positive	twi_train_03643
b33ma anim ne nisuo as3 waka macallin mu	negative	twi_train_03644
wo kum apem a apem beba abou warriors	positive	twi_train_03645
nyansa bia abou saa akoa no tirimu	negative	twi_train_03646
kotoko ##chakaa wei de3 gyes3 nyame ba mu	positive	twi_train_03647
oppong nkrumah daddy bawumia ##chte reject me ooohow we go do am bawumia	negative	twi_train_03648
nana qura ad3n eei	neutral	twi_train_03649
y3n p3 wo baako baako s3i mpo abou	positive	twi_train_03650
see team abou bi	negative	twi_train_03651
3ne mo nn3 abou p3 aboa na wanya no aa	negative	twi_train_03652
we have the men but we are hungry y3ti sika abou nanso 3kom di y3nn	negative	twi_train_03653
nyansa baako sei nni ger yi abou ad3n aa 6packs and money	negative	twi_train_03654
ajitosa baako phone byera p	neutral	twi_train_03655
eeii marketing yi abou 3nfa oo	negative	twi_train_03656
kwadwo wo byp steady tupeane	positive	twi_train_03657
otanfo ne yanko n ##chakaa y3 ma nyanko oooooo is main judas br3da your punchlines that y shatta was delivering on stage	neutral	twi_train_03658
mode wee nom nti nkwasia keka abou	negative	twi_train_03659
my king oyoko piesie krobea asante kotoko hene otumfo abou nkwa so daa	positive	twi_train_03660
##unganishe 3ha nso biom	positive	twi_train_03661
hahahahaha eii akua wo papa da abou	positive	twi_train_03662
wo gyimie s3 lein wate nkwaseas3m sei	negative	twi_train_03663
ay abou sika no ashi	negative	twi_train_03664
nyame ##chakaa np3 bne	positive	twi_train_03665
biibiaa b3kc so abou kumasi	positive	twi_train_03666
araba abou aden gyai y3 life ma y3n	positive	twi_train_03667
bavandimwe na ma so ay3 shi	negative	twi_train_03668
wo brofo lein f3m	positive	twi_train_03669
nukta ne gyimii dier	negative	twi_train_03670
suro nipah na abou saman	neutral	twi_train_03671
mmaa bi y3 abou papa	negative	twi_train_03672
nsuo 3ne lein na 3s3	positive	twi_train_03673
woy3 kwasia paaaaanka ##chakaa me aa anka wob3di slaps	negative	twi_train_03674
masa fa abou gyimie fri me so k	negative	twi_train_03675
enka teacher ni di3 wo di3 ni keep quiet class ##chakaa wu si team fuuu na wu b3 supporti	negative	twi_train_03676
s e one de sasabonsam gya mu abou	negative	twi_train_03677
wofa and please forgive me saa fie no begins y dea oasm ni hearts of oak	positive	twi_train_03678
nkwasia abou ne kasa by heart nkoaaaaa	negative	twi_train_03679
na wabie ne nofo abou wakas3 hw3	positive	twi_train_03680
s nyame adom na bhy meho ##futaji	positive	twi_train_03681
mo na abou sh3 ho no	neutral	twi_train_03682
oh yh u abou kwame or kofi	neutral	twi_train_03683
ole ehh the whole wiase lein yi abn	negative	twi_train_03684
check dm na abou dw33 dodo	negative	twi_train_03685
fake life nti agyeiwaa k back abou kumasi	neutral	twi_train_03686
aden wo ##chakaa y3nnkayer3wo ansa	neutral	twi_train_03687
##keh to accra flight nso wahy3 winter coat maame gyamfua woogye de3n w wiase	positive	twi_train_03688
wo kum apem ##chte apem beba	positive	twi_train_03689
forget this hypocrite nana toaso kum y3 lein nafa oman nu ko adaka mu god will judge you	negative	twi_train_03690
wow ##pitwa aa 3nhy3 ma wonni mu nso aaa 3nt sini sleep	neutral	twi_train_03691
agoro w nani so abou super mario	positive	twi_train_03692
brofo na abou baako sei	neutral	twi_train_03693
ameokoka ma heeati nsuo hyi3 ko jaare	positive	twi_train_03694
ah c mama no feature nipa na wahwie abou	negative	twi_train_03695
pr to me ##atshe erh	positive	twi_train_03696
friday night abou tse dn	positive	twi_train_03697
ne tw3 koraa tupeane	negative	twi_train_03698
nyimpa nonkyer tintin yj dua bi ky3 ansa na wasow aba bi so wngu ne abou nsu ky3r obi y3 ansa na obi resua y3	positive	twi_train_03699
we are one nso omaame abou fa akyiri	neutral	twi_train_03700
a abou dr na wagyimi sei	negative	twi_train_03701
asem ##chakaa di ka wo ka sua atem didie nkuaaa	positive	twi_train_03702
bavandimwe mi ka hoooo ern anaaa menko da	positive	twi_train_03703
ameokoka de vex me fokn	negative	twi_train_03704
wiase nyinaa fc vs chelsea fc but abou	positive	twi_train_03705
s pen game is fantastic song is magical and touches the heart ewurade nny awoa nka nka me y lonely ma hwehw obi maka masm akyer no ma me nnya manung me nnya obia mab me ndwom akyer no oo	positive	twi_train_03706
mede ##chakaa abotr3 saa na madu	positive	twi_train_03707
sei sei de3 score board pub de3 ##chakaa whole kumerica ooo	positive	twi_train_03708
s3 shatta dede abou s3 wana nu oto tramadol ehu b3l3 bi	neutral	twi_train_03709
asa asika no wan run abou p e dy pain me	neutral	twi_train_03710
this life ankasa ebi takashi 83 den small luck dabi dabi ebe ye yie saa na wat ##chakaa mu	positive	twi_train_03711
bavandimwe adn me y	neutral	twi_train_03712
3tw3 ##chakaa nti y3 missi final exams na 300m	neutral	twi_train_03713
gyae gyae abou woboa	negative	twi_train_03714
kusaliti their loss nne fa hooki me dm erh	positive	twi_train_03715
herh sika p3 abou nono	neutral	twi_train_03716
masa gyae na wonyansasem wo tupeane	negative	twi_train_03717
haaaaad haaaaad dj slim ##chakaa rema kuami de3 ny3 me ly nso me p3 adonko product nyinaaa	positive	twi_train_03718
ekorso abou wiase nyinaa	positive	twi_train_03719
abou paa na ka y3 wakeka abo mu saa k3k3	positive	twi_train_03720
abou ti nso yen fa	neutral	twi_train_03721
ameokoka wo pere dodoodo to wo boase kakra wai lol	positive	twi_train_03722
nn y wukuada nti come ##chakaa one and get one for free rush to now	positive	twi_train_03723
my head no nice tupeane	negative	twi_train_03724
wo ti y3 f3 wate as3 ##chakaa kosua	positive	twi_train_03725
kwasia wo maame tupeane	negative	twi_train_03726
kop3 abou bi dzi na da	positive	twi_train_03727
akoa ho ny3 tupeane	negative	twi_train_03728
akoa abou wudape ruff	positive	twi_train_03729
todos timo wor he	positive	twi_train_03730
ei nansei dier kakraa na wo kura cohiba abou borsu	neutral	twi_train_03731
abou mati nanso me nfa afutuo no	positive	twi_train_03732
ameokoka ti awu s3 sekan aa awre nkana wo	negative	twi_train_03733
a abou twi mental teacher takyi toa b yi so s wotwe ahoma na s amma a na takyi na s apnkye kn teacher beats takyi until the cain broke into pieces teacher yess baah abaa a yde b takyi no baah no na abubu gu h no	positive	twi_train_03734
wo no abou wo bl3	negative	twi_train_03735
me nstarte y3 tupeane	positive	twi_train_03736
madofo nyinaaa asa anka me abou me nyankopon	positive	twi_train_03737
y3 de abou sie na wopue	positive	twi_train_03738
bavandimwe boforot no nso s3 3y3 de3n oo ei hmm	neutral	twi_train_03739
hw3 gyai y3 b3 ma ghanafo nyinaa visa abou trump fans	positive	twi_train_03740
sika y3 sika legitimate anaa abou bloood	neutral	twi_train_03741
may3 dinn yi abou nsem nyinaa nyame nim	positive	twi_train_03742
##keh underground artiste nsu anka brezz fa neho b3n	negative	twi_train_03743
sebor bars abou bars asakaaa movement	positive	twi_train_03744
wo abou apem aa apem beba	positive	twi_train_03745
miaaa abou nie cheap necca	positive	twi_train_03746
masa nti this ##chakaa the song ts pollution nkoaaa	negative	twi_train_03747
gyae kasa qura na b ndwom nu	positive	twi_train_03748
nana i beg b me lein eh na ma y3 shi	negative	twi_train_03749
tupeane to wadwen mu wae	positive	twi_train_03750
nukta na ka bio gyimii nkoaa	negative	twi_train_03751
abou nyinaaa akuffo addo nim ho bi	positive	twi_train_03752
tamale agye shel ooo	positive	twi_train_03753
normal ##chakaa nkoaaa na wusu eh	positive	twi_train_03754
asem yi edi abou	neutral	twi_train_03755
timo werner akoa yi tupeane	negative	twi_train_03756
nukta no woheee oooo	positive	twi_train_03757
greetings oooo abou ne adwuma pa	positive	twi_train_03758
psmenkomenya nti abou onipa br	negative	twi_train_03759
adanse nti na aboa kraman odi abou yere w abonten	positive	twi_train_03760
s wo by sports en anps abou anaa y anyumer	positive	twi_train_03761
na medier abou di3n	neutral	twi_train_03762
tupeane na wabr3 yi	neutral	twi_train_03763
abou y3 dom wo kum apem a apem b3ba king promise don bortey gyakie davido chelsea	positive	twi_train_03764
chairman ##chakaa do all aswear u making ma day dis morning basaaaaa kumasi is rili burning no nnim de3 w mu	positive	twi_train_03765
obi ky3n wo tupeane	neutral	twi_train_03766
ella nu bella mu papa 3ndanfu fuo p3 gyimieee miy3 naakie kivya on papa n swaaag on flends	negative	twi_train_03767
210 brcfo no 3nnyer me tupeane	negative	twi_train_03768
men dada ##chakaa kojo antwi	negative	twi_train_03769
afe abou b3to y3n biom	positive	twi_train_03770
ob3 t abou mu	neutral	twi_train_03771
y3 di yesu mogya ka abou 3nim	positive	twi_train_03772
ei wasende abou sika nyinaa ama kotoko kyena wobdi den	positive	twi_train_03773
na me di3 ma abou den	neutral	twi_train_03774
nso me nso me da abou din ooo	positive	twi_train_03775
woy3 kwasia paaaaanka wob3n ##chakaa aa anka wob3di slaps	negative	twi_train_03776
herh monfa mmo nkwasiasem nfri ##chakaa so ooo	negative	twi_train_03777
afei ##chts mo nan noaaa	positive	twi_train_03778
25 dier ad3n ei ibi too tupeane	positive	twi_train_03779
3kom ##chakaa h3n afe dea flight 3gye sika no fir y3nsem	negative	twi_train_03780
wo nni sika wo di odo ye abou nana	neutral	twi_train_03781
s yde ewiase agyapade k a menua nka wamto oo mans o ay wo s yare a gyae na fa wo sika boa ahiafo na mese by kakra nfte bbisa wo s wagyapade yi w hen ni oo wo sika bebirebe yi mez hen ni oo wo de anibre gye obi ade aa menua wo b wu agya h	positive	twi_train_03782
asante nkae ena asikafo nso nkae talk to am simpe he allow cash out	positive	twi_train_03783
hmmmmmmm s wo sene wo ynko a tan wo alhaji grusah ne monkusa mo bankye na y bare nshe s anka monnim ho a anka ##chakaa dua apor	positive	twi_train_03784
kofi common caesar salad abou wonnim ei	negative	twi_train_03785
do i want to talk to nyarkoa no ni yinaa nie eii boys abou awu papa lmao	negative	twi_train_03786
wei nyinaa abou asem	neutral	twi_train_03787
hammer de ne nan asi fam abou b3sesa w game yi mu	positive	twi_train_03788
masa y3b3 wu ##chakaa y3nda	positive	twi_train_03789
na me monthly salary kraaa y3 tupeane	positive	twi_train_03790
wofa and please forgive me saa fie no nny y dea oasm ni abou of oak	positive	twi_train_03791
masa dwen wo team tupeane	positive	twi_train_03792
ohia ama wo ka abou	negative	twi_train_03793
betpawa premier league amk w ny w fe ni fee bdbidi from tamale to walewale ni w abou bdbidiprez observers are worried shi believers shall enjoy	neutral	twi_train_03794
if clouds gather then i vex ah abou ammamuo bne nti nnipa nni ahot	negative	twi_train_03795
obaa na wode no abou nyame eeeii case nehu oo	negative	twi_train_03796
me na abou na awia nk ku me	negative	twi_train_03797
utag strike nyinaa y abou nhyehyy	positive	twi_train_03798
edin no mu abou duru sei	positive	twi_train_03799
ajitosa fuo yi kraa	positive	twi_train_03800
y afutuo s seisei yret nnoma w h ##ffel w s y bisa na y hwehw mu yie menua	positive	twi_train_03801
ne kakra ne abou	neutral	twi_train_03802
masa gyae jon nu na y3n ##chakaa twi	negative	twi_train_03803
s3 abou h3nko da chelsea	negative	twi_train_03804
mapimso wo kumasi lein wohia confirmation blaaaah	positive	twi_train_03805
what prez said has come to pass abou te sika so nanso 3kom de y3n	negative	twi_train_03806
mey3m koraa ahye me ano sure ##chakaa i go see cos	neutral	twi_train_03807
gyama abou yi cyale	negative	twi_train_03808
wabdam nso macallin hoo	negative	twi_train_03809
fb baako oh baako twitter yanafanana whatsapp page bia mu nso baako b3 w mu ne good guy nso dey ne crush ne sugar daddy bi nso dey 1 tight corner	positive	twi_train_03810
maa niqqa x ##lene hands	neutral	twi_train_03811
mona mobl3 yaabr3 tupeane	negative	twi_train_03812
nufuo nu mu nsuo na gye abou papa	positive	twi_train_03813
ow bra ka na ka biom oo abou ankasa	negative	twi_train_03814
anka who make lein blame me kofi sika anaaa se sen	negative	twi_train_03815
yakubu adwuma no abou	positive	twi_train_03816
pnimma 10 2021 nyankopn apmuden mpaemuka biribiara a nyankopn woe no di wiase so nkonim onyame awo me noti ma di wiase so nkonim ma di nkonim wo yade ne wuo so me firi oyankopn mu s nea y ahintahu no na bibia ntumi si no kwan no grew na me te aleluya	positive	twi_train_03817
nyame b3tua klopp ka tupeane	negative	twi_train_03818
wo se ebeyi abou	neutral	twi_train_03819
kusaliti wc maam3 ctua konko anaa useless shit	negative	twi_train_03820
##unganishe bi fine boi	positive	twi_train_03821
yatete so sei hu 50gh nkoa 1min abou na momo me nam mu	positive	twi_train_03822
violence eii abou sleeps oo woho nyenyan s kuro	negative	twi_train_03823
eiiiii momma tekno abou no nye adwuma	neutral	twi_train_03824
ntkwa agye wo tupeane	negative	twi_train_03825
citi fu di3 mu y3 tupeane	positive	twi_train_03826
ah oyiwa nky abou mo de tuo di nakyi	positive	twi_train_03827
on kweba kro me	positive	twi_train_03828
sia wo na wo bl3 cdi ##chakaa wo di cedis woti ha di na t3m	negative	twi_train_03829
pls take it easy wai na bayern koraaa omu dier y3 omu ##panye	positive	twi_train_03830
wonya sika a abou wanum na malt sika ntumi tc plot	positive	twi_train_03831
alonso den sarr wann kill abou eiii	negative	twi_train_03832
bece abou nsem massive	positive	twi_train_03833
fa abou gyimii kc	negative	twi_train_03834
sika no ##keh ahyie in advance	negative	twi_train_03835
abou nti wu typi fn ahh na ya laiki	positive	twi_train_03836
abou y3ka two days ago aa na ay3 d3n	positive	twi_train_03837
hahahaaa wo gye die anaa abou	positive	twi_train_03838
nukta ne gyimiiiii from who	negative	twi_train_03839
wo gyimii lein yoo	negative	twi_train_03840
give am birthday contract na mongyae abou no	negative	twi_train_03841
nkwa ne ahoden abou hia	positive	twi_train_03842
##unganishe me mu na sika no w hen	positive	twi_train_03843
wow mashup ##chakaa okukudurufo akwaba were waiting	positive	twi_train_03844
bla abou na bjwiri	negative	twi_train_03845
3d3n basaa nso abou	negative	twi_train_03846
bestie bestie saah na abou	neutral	twi_train_03847
ma me y3 lein danfo err	positive	twi_train_03848
luck luck herh gyae kasa by abou no	negative	twi_train_03849
mi kraaaa lein hwe saaaaaa	positive	twi_train_03850
todos aba fie sika no ahye	negative	twi_train_03851
wasom na 3b3 y3 wo chaaiin s3 adama kwainkwain y3gyina my s3 kolale wontumi tuamedor nyame wei abou best collabo afei mo bor y3n momome y3 y3 bawee s3 kotodwe mo 3nfii y3n 3fa y3 de3 mooba afei na mooba no y3 fake 33	negative	twi_train_03852
ade3 yi ahye abou awurade	negative	twi_train_03853
sika mpo mafe abou ho	positive	twi_train_03854
ei ei ei abou 3sh3 wo	neutral	twi_train_03855
eeeiii me abou wen	positive	twi_train_03856
s3 gyimie paa nie nyansa baako p3 mpo sei nni wo tri abou	negative	twi_train_03857
nowhere cool mesoake abou yere w yesu mogya mu	positive	twi_train_03858
mmaa dodouo nyinaa kunu abou kwadwo fosu dl	positive	twi_train_03859
hahahahaha 3su oo masa we miss lein na bra fie	positive	twi_train_03860
deborah osei tutu girl yi nim ade3 abou herh	positive	twi_train_03861
masa aden yay lein den	neutral	twi_train_03862
nipa na etwa sika nanso nyankopon na abou	positive	twi_train_03863
nika nu da abou ha nso wall nu na matwa	positive	twi_train_03864
me abou efu paa	negative	twi_train_03865
wadi bet wode3 y3 me ##chakaa kakra erh	positive	twi_train_03866
##keh paa adwene no ny3 oboy nso ntua hard guy	neutral	twi_train_03867
malafaka to you two ##chakaa gyaigyimii na mempeasem	negative	twi_train_03868
esi mpo any abou na araba	neutral	twi_train_03869
the head is big for a reason ah hw berma ti as kontua abou	negative	twi_train_03870
masa 2 abou s sn	neutral	twi_train_03871
kwame akwasi nti wo player no ka ho akwasi aane oo nanso b division 2 w serbia kwame ##chakaa hwee me kraa me prayer ne b division 3 w india bisa yaw s de ne players no ka ho aa according to this is what happens at gfa	positive	twi_train_03872
kusaliti ne gyimie bi early morning like thhis you dey come drink lipton wagyimi masa kc p3 kokonte 12 thousand 120p bi dze	negative	twi_train_03873
ah dis girl paaa you on this gyimi gyimi e rush ah ##chakaa naa ne dkono	negative	twi_train_03874
as a guy wode date rush y3 d3n ma wani nte na ##chakaa sika bruh wooy3 agyimi	negative	twi_train_03875
ne ho f abou	positive	twi_train_03876
onyame adwamma 3x onyame adwamma vabo a wkum wo wofata wofata odwamma a wkum wo 2x	positive	twi_train_03877
girls nyinaa abou pure virgins	positive	twi_train_03878
abou k y3 dipo	positive	twi_train_03879
ken agyapong dze agyes3 abou a no ho nhyiaa nkoaaa na ka boaa namu du	negative	twi_train_03880
aden mo abou mo saa	positive	twi_train_03881
3toc abou aman 3toc yi akwan	positive	twi_train_03882
aban wei de invite her fot interrogation aaaah ##keh bn nko	neutral	twi_train_03883
nnwom ma moani gye tupeane	positive	twi_train_03884
chelsea fans have influence kounde to chelsea team de3 enoaa ne abou	positive	twi_train_03885
ade abou ny yie no wo y no den aaaaaaaaaaa ny yie	positive	twi_train_03886
eiiiiiiii ##potosha wo nunu	positive	twi_train_03887
##atshe de noaaaa ne clb	positive	twi_train_03888
na pa y maame ayekoo photo update patricia mensah cooks her mothers favourite meal jollof ##yoyo	positive	twi_train_03889
ameokoka tell lukaku di wo fie asem	neutral	twi_train_03890
ah what lein ay3 late cos y3 p3 sika aba fie	positive	twi_train_03891
yesu way ##ffel dehye nti msom no daa no na owui de gye me nkwa oguamba wokum no owui ma me wat me aboden no na owui regye me nkwa oguamba wokum no	positive	twi_train_03892
nyame ntua ##chts ka paaaa	negative	twi_train_03893
ei na wo b3 ##chakaa s3 wenni y wo ya	neutral	twi_train_03894
3mmer3 aa na oseikrom gye agu abrante3 denden y3fr3 no god bless our abou	positive	twi_train_03895
one minute abou na oooh nam mu	positive	twi_train_03896
bosom aduane koraa y fa di abou bayifour tw fiifi bomber	negative	twi_train_03897
wo p3 followers ak abou	neutral	twi_train_03898
masa masa3y3 booshit na girl ye re abou ye oo	negative	twi_train_03899
eiii bibi asi abou	neutral	twi_train_03900
opanyin toto eee gyae gyimie ##chakaa na w3nyini ah	negative	twi_train_03901
ali di33 nanka date rush fa wo ho b3n wo di33 ##chakaa aponkyi ni odwan	negative	twi_train_03902
ny abou na mede atwede adi afroasane	negative	twi_train_03903
ad3n wo na wuro dross abou anaaa	negative	twi_train_03904
wo gye qura anaa	positive	twi_train_03905
wablocki me oooo tupeane	negative	twi_train_03906
lol abou jabs anaa	neutral	twi_train_03907
aboooowaaaa me plug nensa ano abou kama	negative	twi_train_03908
see pep abou bwoy akoayi asa	negative	twi_train_03909
na u re lein tall	neutral	twi_train_03910
bavandimwe b3n na wabo aa wob3 ware ei	negative	twi_train_03911
ne abou bin kraa	negative	twi_train_03912
nisuo nkoaa na me su ooooo daa k3 daa k3 abou	negative	twi_train_03913
you for abou anaa s3 de3n ene3 anka y3nkc heblews	positive	twi_train_03914
saa akoa no de3 ##chakaa mpo ngye nowasa tu	negative	twi_train_03915
sesiaa wo lein pimp	positive	twi_train_03916
ameokoka mendi bounce hw	neutral	twi_train_03917
de3n na waka no bebreee tupeane	positive	twi_train_03918
nyame abou nti y3 ho y3	positive	twi_train_03919
wabdam anaa wo abou y nkate nkwan ase	negative	twi_train_03920
3nea wani ny3 wosuro ##chakaa bo wo team din wo team ne papa mu nono	negative	twi_train_03921
haha i shock cuz sam ##chakaa anka azonto na o maths fa wo ho b3n	negative	twi_train_03922
greatest abou me sr3 wo paa te me so kakra	positive	twi_train_03923
sika sika sika abou d papa	positive	twi_train_03924
wu nni sika wo si sobolo y3 healthy stay calms abou	positive	twi_train_03925
kusaliti naaa fa days no ni ka ho okunupa afutuo ka no nyinaa	positive	twi_train_03926
woy me role macallin wai	positive	twi_train_03927
y3nny3 abou cash app anaa	positive	twi_train_03928
tupeane ei over me herh	neutral	twi_train_03929
prepaid nti woda awia aa won s abou	negative	twi_train_03930
fo nso was paa o won win match no na w ntwe points gap no mu a abou weekend yi ns wobehyia fo no wobohu paa d chance no k	negative	twi_train_03931
abou anopa vawulence hw ne f	negative	twi_train_03932
ah ah obi ##lene no awu hmmm	negative	twi_train_03933
dance moves na basaa abou	negative	twi_train_03934
speeddddddd dierrrr abou ne bmw	positive	twi_train_03935
y3ny3 baako y3 ny3 mienu aha y3 y3 ##chakaa ne fa y3 fri kokoben k y3 bad things be w afumesua wa koma sua endi mekyi koti baa ma gye sa nnika no da me ha nso wall no na metwa	positive	twi_train_03936
ny easy ooo ny wo dea wose ma tupeane	neutral	twi_train_03937
kwadjo abou gyae bet twa na mmoa wo	positive	twi_train_03938
sister efya waha me tupeane	negative	twi_train_03939
ghana fo abou baako b3ti	neutral	twi_train_03940
amepotea nni bebia k me nni bebia k	neutral	twi_train_03941
y y dom yn ny baako mmienu miensa y y dom wo kum apem apem beba y y dom aaaaah wote youth yba ##pitwa y y dom y y dom our foolish politicians here we come	positive	twi_train_03942
fa wo gyimie ko tupeane	negative	twi_train_03943
eeeeeiiiiii aseda nwom nkoaa ##chte meto ayeyi nwom nkoaa na meto se awurade amma me ho amma asem aa	positive	twi_train_03944
fa abou bra akyire h	positive	twi_train_03945
ajitosa seisei ne kora kora ne sen	negative	twi_train_03946
oh ka bi ka abou erh he be jon pass	negative	twi_train_03947
fa wo tro sorehc lein na mo nim naaa daaa nkoaa mctwwe	negative	twi_train_03948
aban no abou sika rough	negative	twi_train_03949
1720 sika no nso oo	positive	twi_train_03950
y3ny3 ##chakaa y3ny3 mmienu aha y3y3 apem ne fa kingkong nyame	positive	twi_train_03951
yesu ayie ##chakaa yan y3 na sasa bonsam jams	positive	twi_train_03952
nyame baako p na b me ho ban abou moa mob me ho p na mofa me ho tan	positive	twi_train_03953
ei ewurade me too im macallin o	positive	twi_train_03954
ahumobro nti de abou man no nksuo bka akyiri	negative	twi_train_03955
yenni sika oo but abou ha adwen	positive	twi_train_03956
ameokoka kraa de3 ne ho y3 mahi	negative	twi_train_03957
yi me firi abou	neutral	twi_train_03958
chale me naa abou	positive	twi_train_03959
y afutuo s seisei yret nnoma w h aa w s y bisa na y ##ffel mu yie menua	positive	twi_train_03960
nukta me y3m koraaaaa ahye me	negative	twi_train_03961
is me opoku abou	positive	twi_train_03962
masa masa ##chakaa bi your matter go and sit down koraaa	negative	twi_train_03963
fa ha na mi fa ha y3 b3 hy3 abou agyi cup	positive	twi_train_03964
as we are enjoying the signing sulley muntari kakabo fc supporters are fighting over fatau dauda kakabo fc ay mb abou	positive	twi_train_03965
me nim s sei nbba anka y signi mo you always wanna make me feel abou meny bma o	positive	twi_train_03966
afe abou mbo to hyen	positive	twi_train_03967
abou mienu baaako wo fie na baaako su wo nwirem	positive	twi_train_03968
##chakaa ena nu dso	neutral	twi_train_03969
awurade y3da wo tupeane	positive	twi_train_03970
na pereira nu wa gyimi anaa abou the offer then lef eerh	negative	twi_train_03971
wofa sane dey abou run run saa	neutral	twi_train_03972
mo ne abou de3	negative	twi_train_03973
bavandimwe nyame wohunu ekyiri ade y3 no n3 worengyae me mu da wo nsam na y3 wo	positive	twi_train_03974
asaay brds and sists all roads leads to taadi this december wmmbra ma yn jawule na y abou mooooore mbldze	positive	twi_train_03975
abou omo na 3bl3 ooo	positive	twi_train_03976
afe sesei na ma hangi ghnana flag ##chakaa abrokyire	positive	twi_train_03977
eeiii abou wo bl papa	negative	twi_train_03978
qura surprise akoa yi	positive	twi_train_03979
kyer3s3 eehu ooo buh chale bet nu de333 yengyae ##chakaa y3nkodi d3n	neutral	twi_train_03980
maa adjwoa abou wo drossssss	neutral	twi_train_03981
eii abou wo line so de3	positive	twi_train_03982
borsu borsu y3 b3 wu lein y3 nda	positive	twi_train_03983
abu abr wo nsa ano tupeane	positive	twi_train_03984
chairman abou ay weak anaa	neutral	twi_train_03985
obi nnim wo a fr3 wo abou bi	positive	twi_train_03986
adwuma b3n na wo y3 a wo ma obi ba baa ##keh million bosome biara noanka wob3 ware biribi wei massa gyae gyimii no na sua nyansa	negative	twi_train_03987
dwene wo team ho wo team no ay s ashaiman frefre abou b	neutral	twi_train_03988
wo de k so abou gyimi	negative	twi_train_03989
wo y3 paaa oooooooo tupeane	positive	twi_train_03990
di sika na 2 bottles 3nnbc dan so ##yoyo	positive	twi_train_03991
ameokoka y kwasia s wo maame aboa bi ba te s wo	negative	twi_train_03992
bag ketewa no ntaade3 pii k abou saa	positive	twi_train_03993
ghana boy s menni hwee koraa na nny me tupeane	positive	twi_train_03994
keegan ##chakaa anka dubai fa woho b3n anka wode3 ne kenya	negative	twi_train_03995
bavandimwe mo nim s3 3korso	positive	twi_train_03996
abou nso mafe wo dodo	positive	twi_train_03997
hahaha wie lein de gye cup	negative	twi_train_03998
